id,failure
26570,0.19838243538990608
26571,0.17369620681489692
26572,0.1725289558356771
26573,0.20339465749536714
26574,0.2585369001879232
26575,0.17839583681246407
26576,0.17201890022720498
26577,0.25395142056585907
26578,0.150923043086159
26579,0.17751647878062918
26580,0.14906130130873846
26581,0.21818648278554714
26582,0.22819284998423728
26583,0.1755387981568152
26584,0.2019554655527928
26585,0.20065936765912024
26586,0.17521046989746192
26587,0.21790458044516522
26588,0.2249022996800517
26589,0.17839380408714653
26590,0.186449255847243
26591,0.23980668836653668
26592,0.2122293552745856
26593,0.18467036269541826
26594,0.16864711573155255
26595,0.2742644790094927
26596,0.24472459913914882
26597,0.20167502015095073
26598,0.3004755189761922
26599,0.18415115983736208
26600,0.17410382163392057
26601,0.2546229780115086
26602,0.28034790022515554
26603,0.16859138443167548
26604,0.16278747600945398
26605,0.16547387864176963
26606,0.17031132941061244
26607,0.1878624582697417
26608,0.16119579260907446
26609,0.2503941300969547
26610,0.20156066930925867
26611,0.2310475302276987
26612,0.1621467778731707
26613,0.21197181015169397
26614,0.1759512219025994
26615,0.17904419900715826
26616,0.26273816292056
26617,0.1519181457572259
26618,0.2696448649806106
26619,0.2179529025083288
26620,0.259246179310893
26621,0.1948120184614184
26622,0.1742323890392697
26623,0.1888517036954051
26624,0.18927472273458712
26625,0.2007603672713289
26626,0.17854429674194972
26627,0.30943615750729525
26628,0.15445656554761245
26629,0.281196408828227
26630,0.2039574214003084
26631,0.23601049753960823
26632,0.25999105971871833
26633,0.25192718192659475
26634,0.23116931097359508
26635,0.2569594867031889
26636,0.2938654729735881
26637,0.2151648902846267
26638,0.2872938770180122
26639,0.21294509528104613
26640,0.279431704733063
26641,0.22268755318742744
26642,0.2588494822779165
26643,0.2405196350144884
26644,0.18113950906989357
26645,0.2029334763095525
26646,0.2344898284269328
26647,0.27243118063051963
26648,0.19117838111266408
26649,0.24739732607778958
26650,0.20348326623604773
26651,0.17963145998626182
26652,0.24818648201495142
26653,0.24426894691644668
26654,0.2609922876100231
26655,0.2274706549130955
26656,0.17750626562818225
26657,0.23923169050010223
26658,0.24981150418655257
26659,0.19954188691603178
26660,0.19778408731518343
26661,0.21546711753984352
26662,0.15986491044299436
26663,0.295676983460961
26664,0.1634032583420603
26665,0.17334775275780706
26666,0.17976786749422233
26667,0.2021795361885353
26668,0.3006042685544954
26669,0.13676408849279634
26670,0.17907748004632434
26671,0.28280942697158723
26672,0.17950489380882093
26673,0.18840773359722554
26674,0.17844681531433237
26675,0.19549635035629578
26676,0.1686673890158116
26677,0.3292839135825582
26678,0.19595880150664371
26679,0.22231434756482873
26680,0.1800276415292049
26681,0.30388219725233595
26682,0.19002291683209807
26683,0.2767251603205111
26684,0.24517357818856966
26685,0.2480844581324041
26686,0.18490812810993293
26687,0.25458769717444674
26688,0.2781621508457134
26689,0.23181604576055256
26690,0.17214310348403167
26691,0.19068792958799308
26692,0.2829255410029496
26693,0.209240138191627
26694,0.15934382294968286
26695,0.28613183138153253
26696,0.23866893267214198
26697,0.16891624050944862
26698,0.20275700066970817
26699,0.1556643881433302
26700,0.17568284427353065
26701,0.2027062144717316
26702,0.2483629988343198
26703,0.20376390594234448
26704,0.19885102125153004
26705,0.2647658918075988
26706,0.23174741943497268
26707,0.2251280742892111
26708,0.1906987330277455
26709,0.1917599796850418
26710,0.2404782016652857
26711,0.21309515827026396
26712,0.18222208029664116
26713,0.276934883903475
26714,0.3077188485503001
26715,0.23258682678376771
26716,0.18669695512647902
26717,0.1729986140432021
26718,0.23661637503147898
26719,0.18946647102150155
26720,0.18363027033605342
26721,0.17301654946524767
26722,0.3128106950727426
26723,0.19508300786712776
26724,0.21046104593811768
26725,0.2070551227423923
26726,0.17418160171824404
26727,0.2029089668002523
26728,0.1880633516903989
26729,0.198388830242301
26730,0.21626411481861246
26731,0.29921266724476575
26732,0.18364965513179224
26733,0.19612871283716227
26734,0.2238570828814633
26735,0.2860428823666863
26736,0.1790037544128643
26737,0.17442167224429844
26738,0.20995429449954348
26739,0.30586221706692945
26740,0.20669654489501468
26741,0.29613790021355496
26742,0.2784500866067108
26743,0.2676915750995048
26744,0.33851303499756896
26745,0.2417469261854457
26746,0.25829853400894764
26747,0.23482950613178402
26748,0.1784223502930674
26749,0.24753658745090168
26750,0.19406932071454686
26751,0.23165419216149552
26752,0.25601983802050243
26753,0.21074963948936232
26754,0.18805752354206626
26755,0.17556404580292687
26756,0.19925977523940716
26757,0.21833334518617437
26758,0.2853665024319476
26759,0.21961458671406325
26760,0.2598092821725249
26761,0.16530351110851002
26762,0.16024011181653122
26763,0.22783220487722794
26764,0.2036211781836549
26765,0.18338599891987495
26766,0.1710270526046932
26767,0.193974569382978
26768,0.27583964724532256
26769,0.2056976446266651
26770,0.2544862834151857
26771,0.21621217247531696
26772,0.18054412817579507
26773,0.2000249264540188
26774,0.28376100134002114
26775,0.184039237724421
26776,0.150296231853314
26777,0.17207481900245483
26778,0.2046010470029114
26779,0.2554800198104773
26780,0.18544150106354546
26781,0.19511260299974212
26782,0.266377478462793
26783,0.3025934955304807
26784,0.15448846733884858
26785,0.2866959547109814
26786,0.1920274872723067
26787,0.16205191995116244
26788,0.2408423181310731
26789,0.23502294649654704
26790,0.18116236695224275
26791,0.2598470511843802
26792,0.2166303601286288
26793,0.26202707387335733
26794,0.22080206686727596
26795,0.21232899283267426
26796,0.24169158252243997
26797,0.1992733275046245
26798,0.19536247258646525
26799,0.2331331826875136
26800,0.25856940653791205
26801,0.28720758885814296
26802,0.20775489051631424
26803,0.21349707180498792
26804,0.22305110568792752
26805,0.19445580384378677
26806,0.27326832238352533
26807,0.2151210523906554
26808,0.21981377010583292
26809,0.2728722579013036
26810,0.21799771863476533
26811,0.17268736750141417
26812,0.23264838795951007
26813,0.2208096203150797
26814,0.25796301553784223
26815,0.19873581789370343
26816,0.2675328757869958
26817,0.2347450851844219
26818,0.15246021177027233
26819,0.17445238792115458
26820,0.14600182153613706
26821,0.172902038208315
26822,0.2599978993515217
26823,0.15766175415824898
26824,0.2073063283065024
26825,0.26324293254200837
26826,0.15832621620413256
26827,0.1851332167135867
26828,0.27251041938705245
26829,0.20260553131464928
26830,0.25174017068719623
26831,0.1749495410211757
26832,0.17634429142306807
26833,0.26231539513613467
26834,0.2749273819835636
26835,0.19304736170405495
26836,0.22209165013722687
26837,0.23829432832851796
26838,0.15106875541455217
26839,0.22038937819115315
26840,0.20887931526474618
26841,0.1740542881094001
26842,0.29871562118177825
26843,0.25436740104723404
26844,0.2618767469948154
26845,0.23314897666218584
26846,0.27073656964545445
26847,0.19987823211187578
26848,0.1785920587504211
26849,0.2071543569847674
26850,0.22816055604790444
26851,0.17676565181289203
26852,0.18976664565225834
26853,0.2271237900590654
26854,0.3146575864455647
26855,0.22469687382370052
26856,0.2824617385624764
26857,0.177049429360675
26858,0.19817475007449586
26859,0.18900311632551756
26860,0.2347471594739568
26861,0.18483731515530405
26862,0.18878686468365202
26863,0.16680384339746776
26864,0.1917080745141282
26865,0.16141657853836291
26866,0.2983252451338374
26867,0.25580785252256616
26868,0.22989601147113695
26869,0.30563255637974096
26870,0.17372433870348927
26871,0.22655202627100798
26872,0.23423916199259015
26873,0.19063084755236626
26874,0.17543697934029148
26875,0.1555082856254565
26876,0.18023593444008712
26877,0.225620750530157
26878,0.262880152302847
26879,0.17944034281440804
26880,0.1802336842484837
26881,0.17833054905436185
26882,0.21720936164402815
26883,0.1971257475313184
26884,0.25858114170248075
26885,0.24257406033437814
26886,0.20307465772960256
26887,0.185406532771687
26888,0.166927919849662
26889,0.19631585909951824
26890,0.1876421692441341
26891,0.2219200518165983
26892,0.17789015427342214
26893,0.1882399359965513
26894,0.27548505907686754
26895,0.29705447570800675
26896,0.2851308056563143
26897,0.1714750769682919
26898,0.18465998060299985
26899,0.25528476641667197
26900,0.19485722094973906
26901,0.24444552824716761
26902,0.19595201000087148
26903,0.18447891403934913
26904,0.1614783755068347
26905,0.26089219851743317
26906,0.232561650220965
26907,0.2024193407561158
26908,0.2279829476119221
26909,0.24411934074110014
26910,0.22049523604795523
26911,0.1989075340316451
26912,0.17286072651817225
26913,0.2509007688974722
26914,0.2022270202341543
26915,0.20685190950109544
26916,0.14893022765576114
26917,0.2596929696370944
26918,0.24241499960341906
26919,0.29177505332534076
26920,0.21910878486014812
26921,0.1740918943058639
26922,0.2625075465927685
26923,0.29611465597167863
26924,0.15900126672627832
26925,0.18255292144915444
26926,0.2547429241644054
26927,0.2473824022435185
26928,0.2105054739089923
26929,0.2618606194637216
26930,0.22295845822056784
26931,0.2259404553636765
26932,0.1885757922629914
26933,0.1780998816256696
26934,0.17652258443096813
26935,0.15842693020486373
26936,0.21013160811545462
26937,0.2193383572717929
26938,0.17353840911549687
26939,0.25434523040139273
26940,0.13858619947589865
26941,0.1902654184370306
26942,0.23003177036027192
26943,0.1822203106590172
26944,0.185404021006109
26945,0.28673140394759067
26946,0.2769162939445175
26947,0.19338897649759074
26948,0.15401998226139152
26949,0.19215323352914912
26950,0.2679523320010217
26951,0.20227811845404864
26952,0.23123175777913704
26953,0.23835510809939653
26954,0.32660321808193016
26955,0.1612881407421334
26956,0.19391965796887156
26957,0.2111352046998931
26958,0.18508775399743269
26959,0.23466753130000967
26960,0.19978066661769733
26961,0.19826453583513995
26962,0.17938716373953334
26963,0.23204903671432914
26964,0.20740858408797863
26965,0.18525950653819465
26966,0.2877566386857999
26967,0.24263632998207513
26968,0.16849079513693352
26969,0.2930078044931098
26970,0.27970578011424896
26971,0.3031210111425724
26972,0.20287738723605045
26973,0.21603683343547433
26974,0.29987903593388726
26975,0.2190341335241353
26976,0.1827865242353487
26977,0.2604326972603651
26978,0.2510245524187973
26979,0.12653265331266833
26980,0.22383343975665537
26981,0.14812086025141155
26982,0.21127290555012482
26983,0.22939088738277863
26984,0.20143980631147165
26985,0.1825937107427442
26986,0.2731937624672507
26987,0.2009445947081572
26988,0.19358014420882952
26989,0.18447797727363258
26990,0.26014247608621266
26991,0.2597017058873556
26992,0.2285594579405077
26993,0.31620238713799886
26994,0.25587013767916533
26995,0.18660290618024888
26996,0.1832697204468976
26997,0.2546433251800021
26998,0.2193854455696367
26999,0.18191143044312966
27000,0.31579884667344815
27001,0.16284508514693377
27002,0.24140730150402448
27003,0.17474169986030144
27004,0.1991486032036587
27005,0.29287603471450324
27006,0.18597812467288174
27007,0.19952398228776114
27008,0.2719192078173562
27009,0.2588885687381378
27010,0.17395238271914923
27011,0.19850469542752083
27012,0.2799669002147976
27013,0.2911078126757486
27014,0.22660831839058265
27015,0.1693620738055667
27016,0.1511562271459845
27017,0.24361035046314405
27018,0.3810698046960602
27019,0.21587704776711905
27020,0.1814281642513237
27021,0.2072264018268718
27022,0.18246379481952002
27023,0.2807958987206122
27024,0.1660564793494084
27025,0.30914954341493084
27026,0.18604297868471875
27027,0.19466816646057944
27028,0.19011438167637582
27029,0.2421222421688146
27030,0.2731766837159047
27031,0.16384022488589264
27032,0.17907511858967942
27033,0.1953627370186263
27034,0.1693485277355942
27035,0.2327362370618006
27036,0.20177462996578213
27037,0.1744808095042844
27038,0.260406052357489
27039,0.1820458604887926
27040,0.1568448183100525
27041,0.23542194803388988
27042,0.2385887774625005
27043,0.15569322502735272
27044,0.23006324661241334
27045,0.19350061378521605
27046,0.19385087990302463
27047,0.18494922699751887
27048,0.19039097868797442
27049,0.14610105581323776
27050,0.2665478369482321
27051,0.3016381144279019
27052,0.2767914611859597
27053,0.1531864270993321
27054,0.19001799565881175
27055,0.22227853059948996
27056,0.19708769209596189
27057,0.2042894790037635
27058,0.21651952105152017
27059,0.25275777803533955
27060,0.2023453474449845
27061,0.18773573806638544
27062,0.2259196775214608
27063,0.17112136866939198
27064,0.19437232419952874
27065,0.13408075279290513
27066,0.15465604758367538
27067,0.270010649837244
27068,0.19960813865948812
27069,0.15052203513227527
27070,0.23499127635838912
27071,0.19048013101192704
27072,0.30367046780550394
27073,0.33126456513438063
27074,0.3228594161993017
27075,0.1623493157384808
27076,0.2620286219394001
27077,0.18499300366057636
27078,0.1740428467908368
27079,0.1910158927795126
27080,0.15784972424807894
27081,0.23846419040310635
27082,0.16652700021303757
27083,0.19874190647471393
27084,0.2607207942306391
27085,0.20011743446681776
27086,0.21639542246808705
27087,0.21647624061985787
27088,0.2907500400005937
27089,0.15472770149602152
27090,0.16942646866979139
27091,0.22149419411766127
27092,0.1555644673247108
27093,0.21936921266130302
27094,0.2124718973771411
27095,0.32107225111517707
27096,0.19635630180629196
27097,0.24117791877578032
27098,0.15690996844040656
27099,0.23199533295156033
27100,0.17090991820287482
27101,0.17762612628229266
27102,0.18217104901158837
27103,0.19776737768640154
27104,0.20940254435823336
27105,0.16886361016028617
27106,0.31551364496646633
27107,0.20125797411613391
27108,0.2539626778302779
27109,0.20215630017814687
27110,0.2272359947238149
27111,0.22711583438761504
27112,0.22202775191131088
27113,0.1828667548439899
27114,0.17012840488411457
27115,0.2399774275382983
27116,0.27022970836230575
27117,0.1754668482190164
27118,0.15815640114532503
27119,0.17370976490355108
27120,0.28581243035339254
27121,0.1856046775847286
27122,0.26871088048829295
27123,0.21797562123199135
27124,0.3298749234436727
27125,0.17760026461747513
27126,0.2036043368741844
27127,0.2603645827074503
27128,0.19533181121626758
27129,0.20657908673527822
27130,0.17542169382416925
27131,0.15372920277491567
27132,0.21413431704730645
27133,0.21641461686350635
27134,0.2770587301603195
27135,0.2707012211006256
27136,0.1985906046449314
27137,0.17209408827735845
27138,0.3212480345498501
27139,0.2790156176721617
27140,0.16294412848113635
27141,0.2735362629447246
27142,0.27174293805774163
27143,0.18561793567545004
27144,0.2182064297744063
27145,0.214149465915619
27146,0.16029173635155253
27147,0.18564557240978283
27148,0.19517745601164993
27149,0.31519608293044943
27150,0.2020473425001213
27151,0.19260453196655028
27152,0.19491855962003043
27153,0.27241946694582536
27154,0.1878940503442056
27155,0.26988824093958996
27156,0.1830055629320416
27157,0.24351049801421534
27158,0.19969649010960275
27159,0.19068373361651006
27160,0.18608661080911026
27161,0.20407837738225637
27162,0.18916337983733678
27163,0.20700579733122992
27164,0.1970144577882542
27165,0.18400847071090495
27166,0.20252023984400808
27167,0.19783388043456138
27168,0.27282529029451963
27169,0.19932804127281853
27170,0.262175169497507
27171,0.16283333930292174
27172,0.21938705478028456
27173,0.18599243233356955
27174,0.23893074053792707
27175,0.1971721531350796
27176,0.17946007662052207
27177,0.2329362279102
27178,0.19796897922564813
27179,0.23262085270983274
27180,0.2011322900369416
27181,0.21839227949281753
27182,0.1789061106411878
27183,0.2936835439057005
27184,0.3144630824067476
27185,0.3087740182479824
27186,0.20266771002807676
27187,0.28106170971113753
27188,0.2645388298512096
27189,0.20951052854666424
27190,0.23790328232298832
27191,0.19815453909328792
27192,0.2634349710685925
27193,0.1556712595843906
27194,0.2710065619685289
27195,0.25190407594149056
27196,0.27964886576778253
27197,0.2390605904256979
27198,0.24137263791331137
27199,0.2016932796461369
27200,0.19152611274693387
27201,0.2174899869555373
27202,0.24692899712536573
27203,0.2403689543627099
27204,0.23018204852285426
27205,0.21679704176348902
27206,0.18044707228342274
27207,0.2321764393675617
27208,0.22814390426950357
27209,0.18879806996819212
27210,0.27212590947694065
27211,0.25115710929892165
27212,0.1742962144251698
27213,0.25737676331732984
27214,0.18787995456160933
27215,0.15612708415372567
27216,0.19438955745433875
27217,0.2515835697638826
27218,0.19655450191321172
27219,0.1231655705506075
27220,0.18294550888193092
27221,0.22578428448407895
27222,0.34030323996013406
27223,0.22756653807354507
27224,0.3041823430360939
27225,0.2661624578987378
27226,0.18325547603672457
27227,0.24489053119992668
27228,0.19242287373718392
27229,0.2695302086327638
27230,0.24726035724977222
27231,0.32676947155464375
27232,0.27304779666042145
27233,0.194876866100889
27234,0.20806379803592467
27235,0.21382303027571234
27236,0.254364318440456
27237,0.19147454734138283
27238,0.19900921705128066
27239,0.20743535974860106
27240,0.22022729840885025
27241,0.27037110271433523
27242,0.17605277484567522
27243,0.17300528531044435
27244,0.26572087830828
27245,0.22322091696306492
27246,0.18763402168837381
27247,0.19792632750560188
27248,0.26046989774384577
27249,0.15754096088610495
27250,0.24949808781461552
27251,0.20909713686199896
27252,0.20350613334269568
27253,0.236905135063897
27254,0.18566899875662585
27255,0.22385226547951872
27256,0.28728777937306527
27257,0.30232536729463644
27258,0.31377529365963364
27259,0.20064765021708764
27260,0.1657463498320765
27261,0.18462217442182843
27262,0.2560912798048831
27263,0.1997230947140089
27264,0.22798553861096793
27265,0.19699156281373564
27266,0.18291676645018282
27267,0.31254662634324487
27268,0.1596534668658877
27269,0.18338165102333004
27270,0.17732832602291324
27271,0.19449549574854316
27272,0.17022565016292293
27273,0.19945660773935756
27274,0.20626790022820837
27275,0.25692087416653275
27276,0.16831161630833028
27277,0.17678015916267864
27278,0.19628807700388695
27279,0.18517603883528988
27280,0.18130316381836312
27281,0.33659855079822293
27282,0.1797397451851048
27283,0.21128203951541935
27284,0.26375068395447476
27285,0.2810911145105481
27286,0.22700451297453872
27287,0.24185073477525662
27288,0.3197580105501072
27289,0.19475911344748578
27290,0.3028768352237843
27291,0.27786418681381597
27292,0.2699964353570695
27293,0.2663794283986044
27294,0.2513875357704739
27295,0.19888034352913805
27296,0.20539359968082543
27297,0.22451368851870437
27298,0.24155307413126706
27299,0.18872206500543928
27300,0.22505353103963588
27301,0.2222583868326202
27302,0.2520081344149044
27303,0.1652749840379815
27304,0.2664077248098223
27305,0.20606313713576468
27306,0.2802035956221259
27307,0.19314448257885633
27308,0.24983930434400878
27309,0.27225966424492576
27310,0.17342313930251357
27311,0.20072804235119598
27312,0.24233447222486326
27313,0.1540027806075556
27314,0.19886490005714452
27315,0.2569544287778166
27316,0.3221462863661106
27317,0.18876898282876692
27318,0.21563491902554804
27319,0.26223541551692914
27320,0.2316983095703697
27321,0.20580747070513442
27322,0.22508279125492223
27323,0.25452386010772665
27324,0.16480745375370115
27325,0.1515155287078631
27326,0.18399339741424053
27327,0.15941790227918778
27328,0.16619680283550245
27329,0.24609607108301113
27330,0.1895365926434718
27331,0.14436561218151744
27332,0.1983434667076809
27333,0.2801875802057027
27334,0.25069321210752976
27335,0.22746602471691035
27336,0.22371648634145283
27337,0.1712184930415232
27338,0.21512661828508226
27339,0.2922169199866611
27340,0.23480305849249092
27341,0.17944311552437864
27342,0.30170952020745323
27343,0.35689994146557064
27344,0.2630642370868486
27345,0.21380523007061147
27346,0.25547971481429
27347,0.14593305491492928
27348,0.26193707409229783
27349,0.29388023495261467
27350,0.20713758747304203
27351,0.22031488179560668
27352,0.300207132234404
27353,0.24747377482949015
27354,0.2579700585060912
27355,0.23982338117199625
27356,0.1919541662892126
27357,0.1808187181841219
27358,0.2061328821745793
27359,0.27704876517740856
27360,0.16916803145205686
27361,0.20699533572963902
27362,0.2277066058939617
27363,0.22892363024353846
27364,0.19421056017093366
27365,0.26388458513381396
27366,0.19362125736284022
27367,0.18295816896393105
27368,0.28629708452515806
27369,0.21749387350794602
27370,0.23368371778673033
27371,0.17491271746576487
27372,0.23868321487521263
27373,0.23085693186702685
27374,0.26988257571222246
27375,0.25727530045064784
27376,0.19653098891528753
27377,0.16512004213989556
27378,0.23347632987538197
27379,0.2023244181571221
27380,0.21039492686325947
27381,0.19692039475391632
27382,0.21695826392885598
27383,0.15671702133234755
27384,0.23317623516048602
27385,0.13382396723024512
27386,0.2085638724110631
27387,0.20981988856885342
27388,0.16914834144338667
27389,0.2757405009723867
27390,0.17710222603805423
27391,0.17962729827471066
27392,0.2396322699622794
27393,0.31493820053192
27394,0.22241155710118185
27395,0.25922221671509865
27396,0.25505556238963384
27397,0.21527273686727294
27398,0.2525106656956964
27399,0.20662367012756003
27400,0.22417402054024596
27401,0.25646779587484436
27402,0.22138559620740406
27403,0.26014965940026274
27404,0.37155924708852694
27405,0.2542231677922468
27406,0.23184812973334115
27407,0.27918498619212806
27408,0.17414196448737915
27409,0.1883655032926913
27410,0.16508616424467826
27411,0.2497859942617323
27412,0.21765152125771137
27413,0.2545219307345541
27414,0.18372478134878595
27415,0.2505048217438473
27416,0.24071819626523844
27417,0.1645695649365348
27418,0.21042200995141513
27419,0.2889299414480519
27420,0.3015890803205546
27421,0.15764599849039132
27422,0.23522733073058716
27423,0.2825710817758257
27424,0.15305065447459956
27425,0.20011905642073002
27426,0.1808168322594274
27427,0.19881851909675896
27428,0.24200854779487233
27429,0.2316480598776066
27430,0.16402854549216117
27431,0.19243283705255285
27432,0.19111939939873213
27433,0.24268315964717396
27434,0.25357549493135034
27435,0.2368997752607666
27436,0.18166126120385961
27437,0.1908162615028458
27438,0.167448525061167
27439,0.15444833844685388
27440,0.21204036848527621
27441,0.19859339665238576
27442,0.23453765979846988
27443,0.18165272097811014
27444,0.25166296617603207
27445,0.21099497223950384
27446,0.21164866589292042
27447,0.22771811337920433
27448,0.19034700372296495
27449,0.2095521895883699
27450,0.2762800410872167
27451,0.1738665521209251
27452,0.25985771633815063
27453,0.23750207380138
27454,0.1863831511925885
27455,0.1817673320800053
27456,0.14791557462907645
27457,0.19174876915744718
27458,0.13854548331186228
27459,0.23760024794445445
27460,0.19253977120618562
27461,0.201396899195265
27462,0.20885398496297186
27463,0.18350667653586505
27464,0.1932579396365037
27465,0.18742600044834068
27466,0.31710507447393144
27467,0.22145357986145295
27468,0.24918805528116614
27469,0.27519790113340614
27470,0.18548383466525065
27471,0.1289066987208864
27472,0.18041788672906672
27473,0.1857938716217352
27474,0.2250983065680048
27475,0.22073093615569217
27476,0.1786032457501085
27477,0.32189558332618623
27478,0.19090851699251327
27479,0.3036340938442379
27480,0.2004097239693694
27481,0.26219202377408996
27482,0.22624959703093186
27483,0.18024604004774145
27484,0.2511124670907067
27485,0.26981612533626564
27486,0.24547511986709675
27487,0.26721742897822887
27488,0.16116901670088934
27489,0.22332925735364131
27490,0.2059482073998212
27491,0.25183199357581726
27492,0.1866588825192543
27493,0.2073519044612264
27494,0.23629880022885527
27495,0.1802897324245053
27496,0.25640964673040456
27497,0.2668483893680188
27498,0.17302063312372584
27499,0.1619256320991982
27500,0.27486392149755934
27501,0.30713536512325595
27502,0.29777533012140095
27503,0.17821096000140405
27504,0.1951084001103439
27505,0.18458046682540996
27506,0.16667729252523042
27507,0.2833589741088581
27508,0.3033157729286023
27509,0.16385371409007424
27510,0.16888995911778582
27511,0.18400163693602514
27512,0.24940926368985558
27513,0.22555831156373646
27514,0.18945550800679764
27515,0.2594305479817059
27516,0.175896322534313
27517,0.19225190019693245
27518,0.19626782863577194
27519,0.26699264072116596
27520,0.16874100162371616
27521,0.1803961875608845
27522,0.15689159577079498
27523,0.1970673456678836
27524,0.20613535833458055
27525,0.2583604886154034
27526,0.2212010215793637
27527,0.28982471910470503
27528,0.2482200449742172
27529,0.2246293474693497
27530,0.15030095771772506
27531,0.23533696912631646
27532,0.19652502205794695
27533,0.20407926794401224
27534,0.18931885867126083
27535,0.19893520090495817
27536,0.21211997854933984
27537,0.19225975462193876
27538,0.15338969528376384
27539,0.2794778389353718
27540,0.17979108156767032
27541,0.15377095303205546
27542,0.16498657654577656
27543,0.26351437056794713
27544,0.29076193058263405
27545,0.1833555428538687
27546,0.3486071999209355
27547,0.26272726297391735
27548,0.2936778428408676
27549,0.18849873667295128
27550,0.21574140023167707
27551,0.16972671368510153
27552,0.2772928237520548
27553,0.24756792677550257
27554,0.1850887175840025
27555,0.207147280962361
27556,0.18868153759248052
27557,0.2646403327253754
27558,0.18368615169027439
27559,0.2826319646204712
27560,0.23013901452568766
27561,0.2932506086467354
27562,0.19838749347380183
27563,0.2708785124873118
27564,0.3045967328773026
27565,0.23612705038763981
27566,0.18226635902083685
27567,0.18920729390193539
27568,0.3466075038854653
27569,0.2074872526170053
27570,0.2865195690735378
27571,0.17602583391527615
27572,0.17236630093094238
27573,0.25623004541364247
27574,0.26117340443251263
27575,0.2585467636707872
27576,0.2327179074208814
27577,0.2010498323105824
27578,0.3016369862918842
27579,0.1950857157023271
27580,0.20192098657108704
27581,0.2086367965176398
27582,0.17739244347543026
27583,0.23624769925365896
27584,0.26969329426389843
27585,0.2669728232113601
27586,0.231035009472675
27587,0.2854389891381166
27588,0.26831061932396527
27589,0.18421580967254758
27590,0.16935215776853862
27591,0.21864499090905032
27592,0.17502766074196377
27593,0.24100398728337802
27594,0.24614438668044644
27595,0.1864735607675832
27596,0.2147346165662595
27597,0.1869832535273387
27598,0.2592612412622072
27599,0.2580584124960322
27600,0.24560512246342306
27601,0.2602719324809982
27602,0.1737059127820237
27603,0.29984599961410935
27604,0.25975467410885017
27605,0.15852502758308012
27606,0.19688847871994725
27607,0.21117748747994416
27608,0.24869545725683967
27609,0.20467257459754243
27610,0.218868657281878
27611,0.21303515489701552
27612,0.21405187982259913
27613,0.24321211879631296
27614,0.27212488338831803
27615,0.1462110436158772
27616,0.21914097400841853
27617,0.1763912300438313
27618,0.18452560462890488
27619,0.19264410935115975
27620,0.18834220334122226
27621,0.17834703940533525
27622,0.2548652242743472
27623,0.18617063488453162
27624,0.15680630582799476
27625,0.29673031772059066
27626,0.18930373332328446
27627,0.24582307634458736
27628,0.25005979283701885
27629,0.26276987644770516
27630,0.22846109712810173
27631,0.15412493460770765
27632,0.25261386280682235
27633,0.2322343998379446
27634,0.3205891808495051
27635,0.19540810172656148
27636,0.3123250062374851
27637,0.2514650987686416
27638,0.18293600603799517
27639,0.20081073061839572
27640,0.24252764705529992
27641,0.1463138568374226
27642,0.22456788786777973
27643,0.19809134334551284
27644,0.17688254200087933
27645,0.19772344373602085
27646,0.25595993176805437
27647,0.26217397090404015
27648,0.1961651283168088
27649,0.1861436008017906
27650,0.20490696123732527
27651,0.17816653074554364
27652,0.20668454217699359
27653,0.18770889487113027
27654,0.20661550931336323
27655,0.301205019206157
27656,0.23754174564913305
27657,0.2282638621887964
27658,0.34134330401350566
27659,0.17244288189119764
27660,0.18354295980233726
27661,0.2317961352023939
27662,0.24625200699107005
27663,0.20096869282118568
27664,0.21171153330408474
27665,0.19213267196244516
27666,0.21350192949435043
27667,0.21113163095325832
27668,0.13916988857896423
27669,0.16884355597274026
27670,0.20076368229741118
27671,0.19484925201899259
27672,0.25980589104236806
27673,0.18337143628627384
27674,0.1970717705629681
27675,0.20391535773442054
27676,0.24037999739946053
27677,0.21071470981156473
27678,0.1984508864879925
27679,0.19830926243468444
27680,0.27039307706447174
27681,0.17137664144368564
27682,0.2697885040295602
27683,0.18360761219391747
27684,0.17833898653204425
27685,0.19106214694392373
27686,0.1713760969440739
27687,0.1873422107665175
27688,0.16135010288862156
27689,0.16504570802832064
27690,0.15337765102017512
27691,0.2904958182416667
27692,0.19554985534589808
27693,0.25899751407886135
27694,0.215243154698612
27695,0.1960524254624503
27696,0.3151387480080325
27697,0.27360261549844794
27698,0.17304751023193699
27699,0.1927862556508732
27700,0.2484846961918483
27701,0.16958715604151023
27702,0.18318108031470545
27703,0.1882169204584044
27704,0.2781043865487539
27705,0.2047896776323306
27706,0.15771486388978836
27707,0.22037579777150473
27708,0.17010871508619363
27709,0.25261565474177233
27710,0.20314410180314155
27711,0.2780658825177551
27712,0.20488767210760045
27713,0.2278053350824036
27714,0.26297264456501884
27715,0.16441919620039847
27716,0.24808240026289674
27717,0.17366167367115398
27718,0.18821283051217777
27719,0.1815283061865439
27720,0.16820154106535845
27721,0.16886025087307074
27722,0.2554521875065691
27723,0.1871235594551002
27724,0.3183886316992293
27725,0.17652765440756185
27726,0.20297676357947403
27727,0.2402044427355085
27728,0.15046319229557645
27729,0.16918455141012792
27730,0.23782966959051485
27731,0.15872084352686833
27732,0.16964663527660637
27733,0.26561732556931394
27734,0.2111126806805599
27735,0.27976711781461394
27736,0.28301363227326926
27737,0.2903685506223439
27738,0.1715144595839293
27739,0.24583045967763667
27740,0.19237774358068926
27741,0.20085739236192904
27742,0.28666450878468974
27743,0.2804895912674281
27744,0.26891329873774805
27745,0.2069281538161246
27746,0.19641773327554773
27747,0.26954663445179977
27748,0.2387588012517554
27749,0.19058606611436782
27750,0.25170844677262016
27751,0.16487352305451142
27752,0.21224534717904664
27753,0.19675586248487817
27754,0.17516348266309023
27755,0.2861331555190244
27756,0.17715685722498872
27757,0.20459333093136728
27758,0.1840923801845723
27759,0.20558636528667978
27760,0.27254672832595306
27761,0.1640991019717204
27762,0.19130553281462728
27763,0.18430180346708258
27764,0.20085985629986797
27765,0.29199298682186575
27766,0.20025321476752128
27767,0.24721163685865696
27768,0.23954399560438222
27769,0.2000088171167829
27770,0.22816704916659059
27771,0.20915277367012508
27772,0.2396191499117048
27773,0.23275982842130233
27774,0.19227362949345003
27775,0.19043670708700805
27776,0.24630838419679596
27777,0.25690198474802267
27778,0.19469923494500005
27779,0.2244402798486531
27780,0.1797519346237074
27781,0.29789573773990863
27782,0.20771474684201258
27783,0.268690375864841
27784,0.18657218476602944
27785,0.19962171244049387
27786,0.3253649906424995
27787,0.2582445909103506
27788,0.19037396725980968
27789,0.23865012580138995
27790,0.25887075269415927
27791,0.19015164003240556
27792,0.2516661431131189
27793,0.15878807356583455
27794,0.2383871342342449
27795,0.2920717576930635
27796,0.18137074903440606
27797,0.20804784451367797
27798,0.1620583018279502
27799,0.2558666638654753
27800,0.19858258860180797
27801,0.22455415388672886
27802,0.18759960729374436
27803,0.28156707922421886
27804,0.3034623038957909
27805,0.2903048229925291
27806,0.3808210787745181
27807,0.16077527474288295
27808,0.2455638628251856
27809,0.2502568735773719
27810,0.17775588369066295
27811,0.2460044203322203
27812,0.2881674617239502
27813,0.15809017064274306
27814,0.15039171928117395
27815,0.19309853983437072
27816,0.19734055103141734
27817,0.19454284630082827
27818,0.18465035791092613
27819,0.18284246903573745
27820,0.3633243593536749
27821,0.1613305537352409
27822,0.229458896972107
27823,0.17415135996659065
27824,0.2858888435206543
27825,0.29553676309332855
27826,0.15860093564542593
27827,0.22650143915281762
27828,0.19356989399026317
27829,0.18011352470617228
27830,0.3091285604379535
27831,0.3373365035152812
27832,0.28833758354815275
27833,0.1488059358226625
27834,0.2425716381857639
27835,0.1658640416479472
27836,0.20546841064182003
27837,0.2312701246410023
27838,0.16410690130882002
27839,0.28153556226978027
27840,0.21791860830018314
27841,0.2554465065701905
27842,0.19310767168749354
27843,0.18020442776356788
27844,0.18788739608536492
27845,0.23508894375398545
27846,0.25538195007631154
27847,0.29117216348168656
27848,0.3137215923556806
27849,0.20440484792640182
27850,0.2774621179224886
27851,0.3645908923097314
27852,0.15873583609809885
27853,0.18893407560140607
27854,0.20754571197515773
27855,0.20400885157755183
27856,0.13909317338325672
27857,0.26389991536594404
27858,0.17899103780054987
27859,0.16427264150851453
27860,0.2160825631017616
27861,0.14356481953388694
27862,0.1834505385904561
27863,0.2676334598213507
27864,0.18986014745958235
27865,0.16924718240463543
27866,0.17444099793686518
27867,0.1863615885768579
27868,0.2685266428867549
27869,0.20654926767532417
27870,0.18857187139370823
27871,0.23212430999052255
27872,0.19492538446262422
27873,0.20983261366464692
27874,0.2532901292172174
27875,0.28296626951024434
27876,0.23122387456944568
27877,0.18525015256898414
27878,0.19559001429520123
27879,0.19182799394747735
27880,0.15329426110445135
27881,0.17585545435920263
27882,0.23372241989065504
27883,0.20498718943356234
27884,0.1899912164817074
27885,0.3212861857538869
27886,0.1918968216615087
27887,0.1539922706922678
27888,0.3438803392258951
27889,0.21528933509753537
27890,0.26983134831009403
27891,0.15815212188609976
27892,0.20978012783421154
27893,0.30831911809980767
27894,0.1807054440193262
27895,0.1727602889427641
27896,0.24709855278012355
27897,0.24365266030976138
27898,0.27592534053756385
27899,0.2815899431004986
27900,0.1387202576109883
27901,0.16776536303897657
27902,0.20028116122639125
27903,0.24551221180220895
27904,0.18824558365997757
27905,0.20499192714982747
27906,0.1627021521093293
27907,0.2034734491128788
27908,0.2093899079189358
27909,0.20474630555635318
27910,0.3077918924845849
27911,0.24963343342096692
27912,0.17946044144898846
27913,0.17667885133417602
27914,0.20118848053638674
27915,0.1558036894913509
27916,0.16831529051969493
27917,0.22729521697999075
27918,0.18402856609146276
27919,0.3127703678530195
27920,0.2062341148474491
27921,0.2654403060068041
27922,0.2257730098249441
27923,0.15375809929006362
27924,0.18266379648281
27925,0.16496169505672126
27926,0.18860004635827413
27927,0.16826799418400856
27928,0.17506166956420674
27929,0.21029070798878208
27930,0.1865509508109792
27931,0.2669404181415733
27932,0.22784231878563296
27933,0.21276689685112735
27934,0.25868546286971106
27935,0.1882645634229765
27936,0.18566841715330945
27937,0.25122795904167866
27938,0.2998306599157125
27939,0.1796180590709373
27940,0.21653979288873718
27941,0.3085697506421649
27942,0.20404185271060263
27943,0.16098101331073042
27944,0.30511250853368316
27945,0.17038715460274076
27946,0.24731310795904762
27947,0.1963676451655534
27948,0.1944481044786204
27949,0.2044618452446268
27950,0.32604509108029683
27951,0.26032540731264064
27952,0.23689309174580647
27953,0.18176852888280481
27954,0.22873247876387512
27955,0.19363145736644305
27956,0.1678452643430431
27957,0.16202720655116237
27958,0.16976882466866428
27959,0.23313462282657743
27960,0.32087538451963105
27961,0.18484645149941797
27962,0.2855815175298915
27963,0.16928220040655917
27964,0.22958143061874456
27965,0.16374745432360896
27966,0.28304041635771376
27967,0.30502956755326316
27968,0.18129417300349648
27969,0.2273023074144042
27970,0.26588713818679716
27971,0.17440500682324916
27972,0.23742156242723567
27973,0.17909563176547202
27974,0.274318363279283
27975,0.2591871784258318
27976,0.29624958698856596
27977,0.14799268749413552
27978,0.15452904629625888
27979,0.401818857195109
27980,0.19139859471382104
27981,0.2296296198436395
27982,0.31796512579071023
27983,0.21492049338951147
27984,0.19881009476862044
27985,0.18117140116369806
27986,0.2187394300569968
27987,0.16799598891688916
27988,0.22751215683834855
27989,0.2736758311344493
27990,0.2304243800888575
27991,0.2475147512952648
27992,0.16390641333966996
27993,0.17866011977486834
27994,0.18909864287348832
27995,0.32765943343044407
27996,0.23283586801617734
27997,0.22196370528853443
27998,0.16547160495080773
27999,0.22942881946503182
28000,0.18330162772096018
28001,0.21460007884068846
28002,0.23245553834626684
28003,0.185639456805164
28004,0.25118838154032896
28005,0.16350592276887485
28006,0.2311452899203794
28007,0.25667574785030933
28008,0.2160274453154723
28009,0.21530736984315688
28010,0.26646013046639877
28011,0.24892049783157977
28012,0.18089843295732236
28013,0.16193314510787438
28014,0.19001735610437642
28015,0.1853897452654309
28016,0.25848326385704373
28017,0.2410356018989034
28018,0.16785015766879618
28019,0.1845226328031423
28020,0.2053346636892777
28021,0.18899129792808128
28022,0.22831620997669633
28023,0.17980577794685826
28024,0.19806316468640464
28025,0.29319009663933165
28026,0.23025175286754768
28027,0.1524631824569553
28028,0.23640734557191515
28029,0.19368178949999407
28030,0.2639342844257315
28031,0.16148728210349636
28032,0.20621995904019602
28033,0.14383148547234556
28034,0.17012016682379197
28035,0.22647738498735887
28036,0.18704752890840454
28037,0.17370811399108535
28038,0.18720877566867983
28039,0.18147626771762418
28040,0.2589677618555273
28041,0.24721365981764884
28042,0.27758304473654744
28043,0.38177415997980996
28044,0.210204385184533
28045,0.23727266404328554
28046,0.19254342717467654
28047,0.17654884154351064
28048,0.24991694850136725
28049,0.26790696639272094
28050,0.3012025464016653
28051,0.3307046068737254
28052,0.18841149047176292
28053,0.1895934286400052
28054,0.1846638002935179
28055,0.21586785432315825
28056,0.2043026566811875
28057,0.22947446703608607
28058,0.16452369577240744
28059,0.19339219749458578
28060,0.18745902459400507
28061,0.1741791043183326
28062,0.25235342116287884
28063,0.26294430213490627
28064,0.1912208253102305
28065,0.21861897105731198
28066,0.2203015569601753
28067,0.2293522842621945
28068,0.20593589800437392
28069,0.2280069931734186
28070,0.20687544561123328
28071,0.1776604902006578
28072,0.16871894620823935
28073,0.19229903014384608
28074,0.22873086252170385
28075,0.20120149966608863
28076,0.2576482132638369
28077,0.21153778953690935
28078,0.26880406098680754
28079,0.2198689802925864
28080,0.2320360946683521
28081,0.2340358129966815
28082,0.2399485708094097
28083,0.18475028522706033
28084,0.2454552538592875
28085,0.1786554173986023
28086,0.23787521356023045
28087,0.17036867560239613
28088,0.20165716225125174
28089,0.19254167087527152
28090,0.22754894990576674
28091,0.17661232460292417
28092,0.2549054542451431
28093,0.21687594035015412
28094,0.19981598409760476
28095,0.23664691485552564
28096,0.14701934139855133
28097,0.17787971981206752
28098,0.24474864046462425
28099,0.1901082172770855
28100,0.15986485792413518
28101,0.25120814383950707
28102,0.20912657518019506
28103,0.2403441057570564
28104,0.24304791076047322
28105,0.16414398630143814
28106,0.282337483075606
28107,0.2871278782139927
28108,0.2655980051457711
28109,0.2406462818108945
28110,0.1649349002213915
28111,0.2124018947532931
28112,0.17269241684157588
28113,0.27278905023482886
28114,0.21299992944923896
28115,0.17266046892337858
28116,0.23671407937040187
28117,0.1911538624991496
28118,0.3528777094571843
28119,0.2864693427971202
28120,0.24325922765963168
28121,0.28413910620042854
28122,0.14412731482607466
28123,0.22969772027221322
28124,0.20911684603820752
28125,0.24305037192428305
28126,0.1408215672233485
28127,0.1914555943540197
28128,0.3030334055211102
28129,0.2526512923218871
28130,0.16764655314298413
28131,0.16796158087895655
28132,0.24679321097486956
28133,0.2501645921721709
28134,0.18918698989757754
28135,0.2962363452916544
28136,0.3177243159332208
28137,0.21217759970123873
28138,0.17835608900372993
28139,0.24602577501859532
28140,0.2966167453006178
28141,0.24802045625967475
28142,0.2586025947450919
28143,0.1766225195983219
28144,0.2613092273498679
28145,0.18759008047326897
28146,0.1836528839086302
28147,0.26363826136137253
28148,0.23532544080732204
28149,0.19193560017580907
28150,0.19874874945948273
28151,0.2642316363675708
28152,0.2480113382594656
28153,0.18244466743363097
28154,0.1717971862488168
28155,0.18829629420119828
28156,0.2737499544790097
28157,0.2925951427940433
28158,0.25884607906915397
28159,0.19535483220007432
28160,0.2339258286122926
28161,0.19838260475973812
28162,0.26172203671992667
28163,0.2406570882197744
28164,0.1691206711570744
28165,0.21350793501058543
28166,0.23102743854348098
28167,0.15408290627739007
28168,0.26042855326636283
28169,0.1854176561224582
28170,0.19132256403576725
28171,0.18081761803207264
28172,0.16996205737904335
28173,0.22688789248012295
28174,0.19713406293838584
28175,0.16468028304616364
28176,0.18659824149890203
28177,0.1812180621641251
28178,0.1841727793598337
28179,0.19016662830521328
28180,0.14512875244590417
28181,0.2601247306241847
28182,0.17967511926104035
28183,0.2515863892959034
28184,0.19479253403421948
28185,0.2455986078761391
28186,0.18150689530113387
28187,0.17856034450501335
28188,0.18735339322117833
28189,0.16821567646458882
28190,0.21239738268582695
28191,0.21362819209605527
28192,0.1910437279645886
28193,0.2027229166255217
28194,0.21095402205406927
28195,0.23801527679468626
28196,0.19259561582944784
28197,0.21134749825249755
28198,0.17179403813847594
28199,0.2840830227501079
28200,0.1821214951176635
28201,0.2970755340675936
28202,0.22512555812519353
28203,0.2106023525992203
28204,0.21872103547561017
28205,0.16187937079762602
28206,0.15659823972188233
28207,0.16334842543570352
28208,0.2056213134163808
28209,0.2883436462778474
28210,0.18170625531229023
28211,0.21946152946886138
28212,0.24424499661248053
28213,0.2050229497394545
28214,0.17472711610185232
28215,0.15673993863444302
28216,0.2743244181418892
28217,0.21727134241152474
28218,0.21131322424300691
28219,0.20823434520934744
28220,0.1871930163760979
28221,0.2792512068130575
28222,0.2442381177958456
28223,0.20214104495143256
28224,0.19380799761839523
28225,0.21228935363481877
28226,0.23037977797755751
28227,0.3005431442991051
28228,0.18901579681777939
28229,0.2589873266703003
28230,0.2857439940980653
28231,0.25522976087336047
28232,0.2081965431862973
28233,0.13770285858117592
28234,0.19077052013153167
28235,0.17000219115519322
28236,0.1916682845958416
28237,0.3164535965827369
28238,0.2311227887494271
28239,0.2980783655611014
28240,0.15504804472128472
28241,0.23930070627278183
28242,0.24625517600949443
28243,0.32756586198178844
28244,0.2414597872593433
28245,0.16487393720953858
28246,0.23150596499862533
28247,0.189551242757372
28248,0.19828893352158647
28249,0.2940021970701523
28250,0.3074474250917426
28251,0.20887947830786846
28252,0.20253377526126534
28253,0.22575861389512986
28254,0.19946344274887864
28255,0.18310377186679166
28256,0.1950848038017492
28257,0.20960637596018933
28258,0.215402457157439
28259,0.20440599623316774
28260,0.22400399854019354
28261,0.25050821836134807
28262,0.22186495187477312
28263,0.17230915678003786
28264,0.23086096982431742
28265,0.2565235077268235
28266,0.16958586032330306
28267,0.19160557614513377
28268,0.2432488946893196
28269,0.26450455253529215
28270,0.22768505675125983
28271,0.18184092291310905
28272,0.25505316027936503
28273,0.2614072353797939
28274,0.2893368427841562
28275,0.2525397225193172
28276,0.27915462061945484
28277,0.2032147607588114
28278,0.18476981377747262
28279,0.2006819781032708
28280,0.17589445384177713
28281,0.28706205549787667
28282,0.21366959604807761
28283,0.1869804480032746
28284,0.3741397155509276
28285,0.18158117663028747
28286,0.19145188778852698
28287,0.2830564445707795
28288,0.23083427444315607
28289,0.24754911741642283
28290,0.1962277297464017
28291,0.286624928934357
28292,0.21287270130128197
28293,0.20725690377462083
28294,0.1714628949605358
28295,0.22745065737770523
28296,0.20670197330658954
28297,0.1556643887030289
28298,0.2654244379158707
28299,0.2216084903648391
28300,0.23844251092156263
28301,0.16469283013203795
28302,0.19529596060396798
28303,0.2560626930262193
28304,0.22937224465564832
28305,0.18508527541379052
28306,0.22074393872123096
28307,0.1968219719834719
28308,0.24143428467788927
28309,0.34790985912643135
28310,0.2650002709326936
28311,0.26924975575961746
28312,0.29191678926770825
28313,0.15448666317986692
28314,0.21644582419671213
28315,0.18144876397413717
28316,0.21078184051807053
28317,0.23205451088115814
28318,0.31131662109800406
28319,0.2227755509607601
28320,0.20140541202266732
28321,0.25149968968107866
28322,0.19477465901627586
28323,0.17267319266227638
28324,0.22346724870449822
28325,0.24099599906764005
28326,0.14234191071210406
28327,0.28090110053363126
28328,0.2161200768913487
28329,0.195437099885753
28330,0.17997969424356455
28331,0.1720047188493874
28332,0.2783244244679384
28333,0.23172700751645395
28334,0.3102582723622498
28335,0.2050862088329378
28336,0.1888979607907978
28337,0.2869430139230692
28338,0.2483289038989858
28339,0.28286608812297315
28340,0.2183650146472343
28341,0.33074878873374913
28342,0.2865930340118758
28343,0.19125272299833931
28344,0.1972297054975783
28345,0.17930529757812824
28346,0.21583921892814176
28347,0.22304107307051724
28348,0.14612422923214125
28349,0.20598351883262686
28350,0.1736194732940955
28351,0.1741537461053178
28352,0.26199624871965227
28353,0.2970112304648976
28354,0.19488464746375145
28355,0.20031399895293628
28356,0.2524487103157339
28357,0.17384178054197444
28358,0.23530638036978732
28359,0.22663596243600168
28360,0.2900189586852162
28361,0.2679411408903663
28362,0.17040295545199557
28363,0.21817694261086246
28364,0.2255155252983422
28365,0.17802072117992293
28366,0.3100247157614457
28367,0.22786286425016858
28368,0.27430459720925887
28369,0.2509822506549401
28370,0.1943655963375468
28371,0.2370537268627006
28372,0.27641354236791166
28373,0.17823869812454857
28374,0.268232007086185
28375,0.24750790785524823
28376,0.18727440237175613
28377,0.17887507801023214
28378,0.19859846346689064
28379,0.23586039008791881
28380,0.24541126671804203
28381,0.23315941570929216
28382,0.14988311484863673
28383,0.20635481671544095
28384,0.17899926112610134
28385,0.1829302689377175
28386,0.26691143977619824
28387,0.2021896072386142
28388,0.25512953229902435
28389,0.17304085401755603
28390,0.2506519029052715
28391,0.2331891233585648
28392,0.19992689348226475
28393,0.14159092635305082
28394,0.2174689366997088
28395,0.18232139000549125
28396,0.223495931620054
28397,0.23283200445240168
28398,0.26069958195230414
28399,0.20457242564922282
28400,0.20810034342984904
28401,0.22736081308826106
28402,0.21266217349828995
28403,0.2248460417615561
28404,0.22530049349076073
28405,0.24641047768646276
28406,0.28795781614049537
28407,0.19752394264858977
28408,0.1776760093963038
28409,0.19818338100165206
28410,0.18118522584046626
28411,0.16048405438337607
28412,0.2818702594252996
28413,0.2526218237793253
28414,0.23458547412577901
28415,0.19924466189397752
28416,0.2227045852246508
28417,0.2971063564420792
28418,0.13408125847089575
28419,0.26407123253211445
28420,0.1945293076910922
28421,0.18307535072918224
28422,0.2868813917991205
28423,0.20331543142274164
28424,0.2518110904151524
28425,0.2026983333113909
28426,0.1749172286152219
28427,0.2238807620015711
28428,0.2064905350956842
28429,0.27241311264052626
28430,0.19345333073833335
28431,0.2473094653853316
28432,0.23186893298928113
28433,0.27090153841521963
28434,0.2042831510164246
28435,0.17743311879469126
28436,0.23764475978744598
28437,0.2029020867862756
28438,0.2572367001884469
28439,0.16486652306577995
28440,0.2536275620151628
28441,0.188451030992331
28442,0.1859009048061134
28443,0.18379220442732064
28444,0.2279831310756865
28445,0.23527961162857985
28446,0.24282555517566137
28447,0.22429929041017907
28448,0.22340294141626302
28449,0.2767443482981728
28450,0.2590205609557584
28451,0.15541930995381253
28452,0.22499442196656194
28453,0.18316789861806054
28454,0.15040770988721702
28455,0.18084214379127847
28456,0.2832060599055304
28457,0.24113710131898825
28458,0.2575880797350559
28459,0.347274414259289
28460,0.18584141278850552
28461,0.3190219601931442
28462,0.23225611685430544
28463,0.23150286525683164
28464,0.27025452173614617
28465,0.26447178280783823
28466,0.32924048336049944
28467,0.23648543555888907
28468,0.24434818301800987
28469,0.2547286447649693
28470,0.17738150765259209
28471,0.23981308154101086
28472,0.1765102941014372
28473,0.20805513006693885
28474,0.2006966158937173
28475,0.2586831401824851
28476,0.1670618054061752
28477,0.2094523505363282
28478,0.29088933867662264
28479,0.17600082448040408
28480,0.23251856534928816
28481,0.23454243626202445
28482,0.22189819206622285
28483,0.24517859309616566
28484,0.27888316805222485
28485,0.17537534590629528
28486,0.27493511704983786
28487,0.19389092238015715
28488,0.17632648442361623
28489,0.17317254608932672
28490,0.17951805814946384
28491,0.1906459440549013
28492,0.161223754247874
28493,0.25437839663649386
28494,0.15994785181709578
28495,0.17827666084205923
28496,0.32808753396249374
28497,0.17865362377145247
28498,0.19239999689832016
28499,0.21686304168087767
28500,0.22630509990693987
28501,0.2656417625324572
28502,0.22193437978904146
28503,0.17126682628792186
28504,0.17875598673932572
28505,0.20108665007600485
28506,0.22462410310273956
28507,0.18644352503467232
28508,0.2777257119714054
28509,0.14101542826289293
28510,0.1753906993254288
28511,0.2663915676075034
28512,0.18174152743168898
28513,0.16558057325492442
28514,0.23072910437385086
28515,0.22666905969494955
28516,0.24121746079830625
28517,0.17100874825996892
28518,0.23380304645300218
28519,0.17304901052872787
28520,0.22944606045286034
28521,0.21591979118234442
28522,0.17935267181547926
28523,0.2454054263842227
28524,0.1505351072181883
28525,0.22668244054375164
28526,0.20996791386427727
28527,0.1647541353268869
28528,0.2945152363925191
28529,0.27460905708737643
28530,0.29189761060755953
28531,0.24588541873430053
28532,0.23241020411657284
28533,0.16345565583023336
28534,0.2367343239082448
28535,0.2985535936846382
28536,0.21458188131129546
28537,0.2411103779738768
28538,0.19710067019173347
28539,0.29324694099147464
28540,0.2542055668357877
28541,0.1799715545710872
28542,0.2263915374019492
28543,0.247406687001563
28544,0.16094972462685306
28545,0.27080999004321993
28546,0.19557417867569485
28547,0.2435249229730207
28548,0.17393295118399604
28549,0.3210177542805435
28550,0.21153452209968482
28551,0.20402943003752402
28552,0.24268163688291977
28553,0.14663633880941812
28554,0.19044908483691472
28555,0.22233138403442862
28556,0.24537505844060295
28557,0.17869312906456064
28558,0.22331412321606264
28559,0.19061733893674798
28560,0.17789742316066995
28561,0.26897060871804174
28562,0.2983870921867342
28563,0.2944337610977651
28564,0.26561687880103646
28565,0.1913206299977318
28566,0.24900603260794654
28567,0.17174168340967672
28568,0.19843990635725806
28569,0.3125320271637564
28570,0.25706918377573
28571,0.21666270615383149
28572,0.2515178913715663
28573,0.1522473590657836
28574,0.22438655344671574
28575,0.22395936893761437
28576,0.20006028331216194
28577,0.2029979620695419
28578,0.24215803104978073
28579,0.2393742903653095
28580,0.2126285726016662
28581,0.227310626475414
28582,0.30299879839660937
28583,0.19075776923501672
28584,0.24325734500024696
28585,0.2122763227955686
28586,0.15358577587910852
28587,0.19279767913482057
28588,0.20562358218541635
28589,0.2929091082722838
28590,0.17052759163238707
28591,0.1999772038600345
28592,0.17480721757882234
28593,0.16695260706368803
28594,0.22872991623339478
28595,0.20017918534972562
28596,0.24444124122074737
28597,0.2700344937681792
28598,0.23744574574268465
28599,0.2030535337399194
28600,0.19489605399914922
28601,0.2890047515234537
28602,0.27728860585342946
28603,0.2778337569423115
28604,0.27937614730816007
28605,0.3107128816909735
28606,0.21092406375487324
28607,0.29701380924092324
28608,0.22229119396972405
28609,0.24664195561774097
28610,0.19910659362795438
28611,0.16528459406918908
28612,0.18507234260236913
28613,0.16945262836690567
28614,0.19809668935035926
28615,0.26867453927609497
28616,0.29743530328941703
28617,0.4108840414118394
28618,0.33060141468264964
28619,0.2983539581277935
28620,0.23096118895399662
28621,0.2517519878617622
28622,0.2560133318727317
28623,0.18207876361997027
28624,0.27821729244802
28625,0.21818567843112485
28626,0.2553330550645526
28627,0.22434906580748223
28628,0.2568988249451161
28629,0.22222368181870206
28630,0.16892581192438538
28631,0.21917350990018747
28632,0.2712209071672844
28633,0.19328510553575018
28634,0.2010195277551886
28635,0.32538489386398
28636,0.27358232120103965
28637,0.21083424929118103
28638,0.2097405479676813
28639,0.16985505313678828
28640,0.16220014892924287
28641,0.2221701020681062
28642,0.21125636136390033
28643,0.3694721979197997
28644,0.2473635907622528
28645,0.17327746399460608
28646,0.13709617628619652
28647,0.18319018147706564
28648,0.20364074489793768
28649,0.2664641554572809
28650,0.20363858746995306
28651,0.1735612222127077
28652,0.27997730958071737
28653,0.21943661358160443
28654,0.15219668069529413
28655,0.1644969482028059
28656,0.28277486634280696
28657,0.3200069512613468
28658,0.2185754604500336
28659,0.15408886973819425
28660,0.25292404134962376
28661,0.17466112859783842
28662,0.17074472460740406
28663,0.1974537970097393
28664,0.1623373607419975
28665,0.24544924882291802
28666,0.2529200486397456
28667,0.2994453900734092
28668,0.18138543735500412
28669,0.22796795862459227
28670,0.18286650641768903
28671,0.3310760287404155
28672,0.19069490702200192
28673,0.19364422424797081
28674,0.1643703932359049
28675,0.19402173123100133
28676,0.24108597076789842
28677,0.2449336734775173
28678,0.22420471263178723
28679,0.21616244517591932
28680,0.26754077108194
28681,0.24986530578308053
28682,0.19429427066362934
28683,0.33865888296675967
28684,0.17298333615722325
28685,0.18835003810091486
28686,0.31707805671684963
28687,0.20260899151144676
28688,0.2212872739313445
28689,0.1925157157184862
28690,0.17714316432912944
28691,0.19510620821786476
28692,0.18695282101996605
28693,0.16675010439243512
28694,0.18185864584101485
28695,0.18066525740132494
28696,0.27010164619824556
28697,0.2506709965155026
28698,0.22744290713475593
28699,0.2612645107088782
28700,0.1823282873563006
28701,0.30351901846385887
28702,0.20628245889624386
28703,0.15344419136249987
28704,0.27921791992366196
28705,0.19808525266235805
28706,0.1717745541837651
28707,0.1818077624383002
28708,0.18274969848702632
28709,0.1505559949753695
28710,0.19874177963863782
28711,0.19313816677477486
28712,0.2620125070651995
28713,0.21561789809904744
28714,0.19808610062824514
28715,0.22180614623580727
28716,0.19205213408993901
28717,0.23551950076766365
28718,0.18472018928424028
28719,0.1949815084342064
28720,0.17442815110687016
28721,0.17601197930611232
28722,0.19482912321892448
28723,0.24579997637634135
28724,0.22578226643585553
28725,0.17675052371107924
28726,0.19137855666816175
28727,0.19725879048835065
28728,0.180166729064294
28729,0.1537058236214946
28730,0.20510177293350274
28731,0.1853291714683953
28732,0.22537358852518924
28733,0.262885534425341
28734,0.23045007660723166
28735,0.18349984038126815
28736,0.1856399261680047
28737,0.30254600908172674
28738,0.20877605362475843
28739,0.18148658030084974
28740,0.22988666894618034
28741,0.2770419923093931
28742,0.16542704254175933
28743,0.28971044234844223
28744,0.2632746835530821
28745,0.21304227440580592
28746,0.18742348917390292
28747,0.2629251842008929
28748,0.21841067555668472
28749,0.18466398773429238
28750,0.28625820140159397
28751,0.2633556079689949
28752,0.23321221447352206
28753,0.16261062186729125
28754,0.19279085715044858
28755,0.1638492720378276
28756,0.18318040375648134
28757,0.2386055091687368
28758,0.16902946324917156
28759,0.20522983257081198
28760,0.2976600198300829
28761,0.23567054383821545
28762,0.2463544427458163
28763,0.18143988655457402
28764,0.22163430463117811
28765,0.18104659027801642
28766,0.2182484287538154
28767,0.16670082188540936
28768,0.1900693566020565
28769,0.18121403795719876
28770,0.21222720754825608
28771,0.15974755285819386
28772,0.2719214112134927
28773,0.21026446967451412
28774,0.20852619812784862
28775,0.31989295110299465
28776,0.16349483532603987
28777,0.18933007926836962
28778,0.2840009447101209
28779,0.20682460160231877
28780,0.19520137889274888
28781,0.2382952887250916
28782,0.27533189953149084
28783,0.18652344134615256
28784,0.1984827258119098
28785,0.18212244226139584
28786,0.17874018607838532
28787,0.1884352110957031
28788,0.2240662652128757
28789,0.23051771872665583
28790,0.24884835273446704
28791,0.20810191609502715
28792,0.2614537183314423
28793,0.21275665624470516
28794,0.18474689265922717
28795,0.1595983813021817
28796,0.19334555107620394
28797,0.12869615326238168
28798,0.18163196185452243
28799,0.24058017731056913
28800,0.2755030648826493
28801,0.18622836396530446
28802,0.17304122145651188
28803,0.16428407346209345
28804,0.23933369122867837
28805,0.25645850271196396
28806,0.17676429641049102
28807,0.1829606626747997
28808,0.22684794256896632
28809,0.1826072068657315
28810,0.2079756693076483
28811,0.24617701050587829
28812,0.25433128513456865
28813,0.21057641124811535
28814,0.26019991070643145
28815,0.20049573525162104
28816,0.16956818033438686
28817,0.20131109084597715
28818,0.1965752607770656
28819,0.2730947420334624
28820,0.22650641479196673
28821,0.21284834029772137
28822,0.2305995938399538
28823,0.18770024896019433
28824,0.22840259519727632
28825,0.24884685766788966
28826,0.16264419727385881
28827,0.24723972570078473
28828,0.14038087066971947
28829,0.16424919532291793
28830,0.15575658662420663
28831,0.1955445394403887
28832,0.1711318098891568
28833,0.20211550001777137
28834,0.19493295656198384
28835,0.25385446517177324
28836,0.25977615506918306
28837,0.24843591307343843
28838,0.1967848650876973
28839,0.2442663090421336
28840,0.23457227575530074
28841,0.17242454806826718
28842,0.2076403748669858
28843,0.16408925213105632
28844,0.22575909035458658
28845,0.24992047238209383
28846,0.1777993258812736
28847,0.1887575008843064
28848,0.18510184997806214
28849,0.17472249288432473
28850,0.28213868146771115
28851,0.14686802608101793
28852,0.2943823536126823
28853,0.2917643485055952
28854,0.2629159522868038
28855,0.23029586196816304
28856,0.26363441100637786
28857,0.1640485705718774
28858,0.16155509233809937
28859,0.20904361657229148
28860,0.3094087165855366
28861,0.1787332914829431
28862,0.1966638689011358
28863,0.1761181111569665
28864,0.19367688463783556
28865,0.19200579297284281
28866,0.18795737132558302
28867,0.20240365177739114
28868,0.1869014702618083
28869,0.19978691935441528
28870,0.2491601505590481
28871,0.23419105682386804
28872,0.21820114546491942
28873,0.1529592333812397
28874,0.32607366296341717
28875,0.14377526137057076
28876,0.2739196078335128
28877,0.22061358836920975
28878,0.17799961769030592
28879,0.2216928225424526
28880,0.2514857197827039
28881,0.3196026656223004
28882,0.2551520037035924
28883,0.15700954678624401
28884,0.19617458385104694
28885,0.21893115075732666
28886,0.24293036693770456
28887,0.18966503267798993
28888,0.25602971459194435
28889,0.2184948727163822
28890,0.16984418365299292
28891,0.22197879756092362
28892,0.19287974593861848
28893,0.2820855791593618
28894,0.22096001252400485
28895,0.18537692380051035
28896,0.18048491180111104
28897,0.19653273080692518
28898,0.2700075112247092
28899,0.1956620431738844
28900,0.16110648440844025
28901,0.35470131801037497
28902,0.22055136199772313
28903,0.24698039970476035
28904,0.14873385365469785
28905,0.20388182741464012
28906,0.2966262856187487
28907,0.2980170317984018
28908,0.3090537601815166
28909,0.17093646748627703
28910,0.2610664474860986
28911,0.17394427950249156
28912,0.2552279881553252
28913,0.18079605904833562
28914,0.30213860492438144
28915,0.16487322600897333
28916,0.3244419267325711
28917,0.16451921877476536
28918,0.1768730582290376
28919,0.26325119710331757
28920,0.22120748853727062
28921,0.21109299154944966
28922,0.29681445016180824
28923,0.2819767633788123
28924,0.23078168487511763
28925,0.1690208930990277
28926,0.2104794425567639
28927,0.2354912764361935
28928,0.16593735305334506
28929,0.18176643224276678
28930,0.24825427692028032
28931,0.1926750224206817
28932,0.21071763611740416
28933,0.16225858614876706
28934,0.23527119784357847
28935,0.20153930414337876
28936,0.19422499683083502
28937,0.1682230104805746
28938,0.19836326891860734
28939,0.1935334395787322
28940,0.2554530494848991
28941,0.16576827381771056
28942,0.29808180496853676
28943,0.17284802610124078
28944,0.18903666529631902
28945,0.23015640473423274
28946,0.19695974269016728
28947,0.2850245094303149
28948,0.16023150768023664
28949,0.20270853182036702
28950,0.2116528746993776
28951,0.17573485609388156
28952,0.27662325114640485
28953,0.17060087518916325
28954,0.2914325455692144
28955,0.16372494110799102
28956,0.18590447964614612
28957,0.21571116631392337
28958,0.22658202414797973
28959,0.19950583181495035
28960,0.20099698688781895
28961,0.2073885127124413
28962,0.1900502601205985
28963,0.1476913168579652
28964,0.153662623073692
28965,0.17614863884681967
28966,0.1933395532832506
28967,0.24221525766658952
28968,0.2861244457073218
28969,0.19804254290599496
28970,0.192115863285165
28971,0.1908307418733822
28972,0.20389321251642564
28973,0.19308723559041507
28974,0.23032176020078562
28975,0.22550215514432345
28976,0.1726298809337711
28977,0.1822393035575621
28978,0.21023870048064525
28979,0.2192400184989994
28980,0.20370136710670636
28981,0.21724954539354246
28982,0.23735666081206905
28983,0.16604558359881383
28984,0.1762514780931755
28985,0.1785419256506466
28986,0.1756799268634865
28987,0.31221807111609395
28988,0.38086964457341
28989,0.2768730713029804
28990,0.19653584411177122
28991,0.18810691075470465
28992,0.18765086538971246
28993,0.18616633144080427
28994,0.2146740705181573
28995,0.23121233572106173
28996,0.27778067496187403
28997,0.2366133527027917
28998,0.20886163592126664
28999,0.22548517114346872
29000,0.17485533609309922
29001,0.19964854644310875
29002,0.189765252232985
29003,0.18730967578364432
29004,0.24527940309189103
29005,0.21175640873868004
29006,0.1756767504763647
29007,0.24800979645297389
29008,0.2022632404581919
29009,0.2979611651360057
29010,0.20338915232361837
29011,0.156478927045025
29012,0.32075505784458275
29013,0.18404999345176334
29014,0.23154112125457005
29015,0.18274695071096178
29016,0.2705770145704587
29017,0.22695192903983544
29018,0.22721813743590333
29019,0.22199067843964645
29020,0.2707289503919552
29021,0.18326077290889864
29022,0.19123003465212485
29023,0.2193898473049553
29024,0.21209726802798293
29025,0.19440885012078316
29026,0.19729900426025876
29027,0.17751508446555267
29028,0.1602230155913144
29029,0.20185163627516642
29030,0.1681317285568939
29031,0.17931692993277593
29032,0.24249759004106738
29033,0.1923031969715875
29034,0.23504568303039075
29035,0.17842880733461491
29036,0.19309621292797438
29037,0.17357997928623004
29038,0.17709766176557473
29039,0.2730475972045786
29040,0.26226614728053926
29041,0.14954381833690902
29042,0.22785596667749997
29043,0.2505366158413059
29044,0.19330737856350655
29045,0.19342745538581863
29046,0.24719310257962765
29047,0.20165933158706054
29048,0.28348675048410127
29049,0.2788352702863144
29050,0.22526749090099266
29051,0.19910422791799218
29052,0.20104805571938145
29053,0.23074137378666612
29054,0.19001233505693058
29055,0.19040849363587828
29056,0.17708388083268256
29057,0.18009519573267238
29058,0.18253048411993245
29059,0.24607415388800077
29060,0.16979624501861032
29061,0.21167059360703544
29062,0.2476942324508031
29063,0.17404935310563485
29064,0.29834992910153263
29065,0.1889452562903181
29066,0.2960616589275547
29067,0.2412469470802318
29068,0.18916121590650356
29069,0.2780758691395185
29070,0.22119844191539503
29071,0.24812517846051818
29072,0.2364867913251575
29073,0.20469649007680568
29074,0.1888569582886408
29075,0.2366116644423211
29076,0.27308649286965864
29077,0.2369657051754281
29078,0.34794654632505734
29079,0.20404307503886315
29080,0.23108020910278032
29081,0.29342805049988074
29082,0.273406119986988
29083,0.17344159207222923
29084,0.27780879887681686
29085,0.2805937868576685
29086,0.17564149921592104
29087,0.22748382744556217
29088,0.23562060367928145
29089,0.25457527092523197
29090,0.2587389400853934
29091,0.14505542278244538
29092,0.24010357245450023
29093,0.17925670031456897
29094,0.1549011142694275
29095,0.19245829088779678
29096,0.25702426559186675
29097,0.19410557947349752
29098,0.2226451546889391
29099,0.19070742574769942
29100,0.18486188138803428
29101,0.2467109039070955
29102,0.2671583357068859
29103,0.21069832032007402
29104,0.1885951528734277
29105,0.20253459741766647
29106,0.19066042347201992
29107,0.15851324570311556
29108,0.20849508041788886
29109,0.24285780668535004
29110,0.27459129498807483
29111,0.2222735637874435
29112,0.24082497110459955
29113,0.19390791101302263
29114,0.2623302628418692
29115,0.1883654213905212
29116,0.24669787598283352
29117,0.19781441578282116
29118,0.21969660470285773
29119,0.24251970857409652
29120,0.22901409259656494
29121,0.17913412345158963
29122,0.1843920855564831
29123,0.26681136822390616
29124,0.22243172172124148
29125,0.18204465025813865
29126,0.30755763424569327
29127,0.1572449675322669
29128,0.1957799443319668
29129,0.15742860962324054
29130,0.25386417209347195
29131,0.19652580054497767
29132,0.18113081884412058
29133,0.3402041938966754
29134,0.18062712798456623
29135,0.3371282935560743
29136,0.17892608924805253
29137,0.20129475833132449
29138,0.22122976026380553
29139,0.2698203175620255
29140,0.18787241817930433
29141,0.2518742989173521
29142,0.2685374421937123
29143,0.2103901530667703
29144,0.1892516621792371
29145,0.23817153916125275
29146,0.26826394544276055
29147,0.20264098486158044
29148,0.2293159323511637
29149,0.20687300804930991
29150,0.27539268543828443
29151,0.2279847110859833
29152,0.23421929521872772
29153,0.2560452496415164
29154,0.22492119615843095
29155,0.3002129932600193
29156,0.17254277865097564
29157,0.2365043675789686
29158,0.21461122528340337
29159,0.24740179850085536
29160,0.18193961902220276
29161,0.23601897139082315
29162,0.29435685554976776
29163,0.17101396490812398
29164,0.17388539557024266
29165,0.21758442766427688
29166,0.18217947526981207
29167,0.18839003042377825
29168,0.2855174920224279
29169,0.2851178013117617
29170,0.17531642432909295
29171,0.24793285332611045
29172,0.25360582949324373
29173,0.3325272937107716
29174,0.167798513569006
29175,0.17872690159629148
29176,0.24846849068262528
29177,0.15384345358981835
29178,0.18526574404179882
29179,0.1665749808034409
29180,0.1826158597016783
29181,0.3368287130505233
29182,0.30055022751078764
29183,0.23291349387023666
29184,0.29290851268294477
29185,0.18062751906486466
29186,0.2860070633754129
29187,0.1703358754894642
29188,0.19775606861439815
29189,0.16623869037774713
29190,0.16758199341808333
29191,0.18296653102922492
29192,0.18317857788990188
29193,0.19020360239085277
29194,0.17856222496945662
29195,0.20853100695388185
29196,0.2732135600642405
29197,0.20540189995341251
29198,0.2782483723323821
29199,0.2655872065017291
29200,0.25786977767633734
29201,0.20595300290338384
29202,0.28770788719239215
29203,0.21078339059773651
29204,0.1608988610584985
29205,0.2878368204576303
29206,0.1530242628880552
29207,0.21222974538654335
29208,0.1696440078948509
29209,0.14700880114841733
29210,0.24752640851990015
29211,0.19059414928152874
29212,0.1838594766320451
29213,0.18345004128771236
29214,0.160212790003526
29215,0.27291441900059366
29216,0.22197687133971314
29217,0.23110264674725225
29218,0.12253133595581453
29219,0.17621086240231404
29220,0.18056871403671587
29221,0.2833220021245323
29222,0.22853489035244529
29223,0.16335706521521368
29224,0.22668529789272424
29225,0.1487211176437663
29226,0.2682789121281582
29227,0.21435323399864045
29228,0.2723218720112481
29229,0.22172126751627824
29230,0.23515061091804199
29231,0.20260290744330212
29232,0.17984338080466583
29233,0.23233874461849266
29234,0.20327267012110692
29235,0.2292234050203142
29236,0.1764686400546571
29237,0.16083572928764983
29238,0.2889731011408142
29239,0.11619684610775675
29240,0.2481276296823036
29241,0.18227728047482877
29242,0.2582023481924239
29243,0.20041439137563524
29244,0.21588371290610436
29245,0.18471900718019493
29246,0.17090848167096584
29247,0.2160458697094443
29248,0.19572940907729225
29249,0.2753788256537851
29250,0.24863099904389163
29251,0.17336217389356373
29252,0.18914936574810617
29253,0.38829987196367766
29254,0.19844700189021122
29255,0.2607558150301734
29256,0.20577145897141286
29257,0.1803251738460398
29258,0.16773919496686052
29259,0.22963397953886325
29260,0.18639817906464362
29261,0.23845271901328155
29262,0.18225876401853924
29263,0.19378218404917524
29264,0.21627214933031508
29265,0.2536355452261844
29266,0.19352944350414536
29267,0.16526038685451094
29268,0.21299633316935773
29269,0.2477893694697984
29270,0.3193290320567275
29271,0.197537904761036
29272,0.21353694942875712
29273,0.2543071237218947
29274,0.2398143288757118
29275,0.23516272018185316
29276,0.25623526390588824
29277,0.1725559979773114
29278,0.22446265488369224
29279,0.22842700206624486
29280,0.20182026870541006
29281,0.21170416930375205
29282,0.27505613446409477
29283,0.2431542448164697
29284,0.2593715919618184
29285,0.1496668870336362
29286,0.1517690998366711
29287,0.17293233116068218
29288,0.37005827932228397
29289,0.231043482676358
29290,0.22725710134719734
29291,0.17299385263920997
29292,0.1940554757860346
29293,0.19443637172641265
29294,0.1731341565069032
29295,0.2908448546700223
29296,0.22694878630735407
29297,0.20231025387958046
29298,0.2363212847290125
29299,0.22287974023259824
29300,0.2275453338795205
29301,0.2666133257299894
29302,0.2589046145928627
29303,0.18976998700099756
29304,0.2618114949346555
29305,0.16986093530101715
29306,0.2881908882089281
29307,0.2689988897805799
29308,0.14969484176783396
29309,0.33843076566352304
29310,0.3009201597782784
29311,0.3296237752112718
29312,0.23624873266001237
29313,0.25798534365872755
29314,0.16696435637202153
29315,0.2048984007484661
29316,0.2623640104431523
29317,0.19286905505793026
29318,0.2932902023375157
29319,0.22274162662258848
29320,0.22428606201593312
29321,0.27958421220141555
29322,0.28744866125306356
29323,0.17360977687867052
29324,0.31632766205173884
29325,0.26459600649371895
29326,0.22916878107433492
29327,0.2999923282465689
29328,0.27815922156666234
29329,0.16147325340803523
29330,0.18567907577261378
29331,0.31591401408048214
29332,0.22269207837655253
29333,0.18412053586226743
29334,0.24939839601572902
29335,0.17926281415408707
29336,0.16822127530057254
29337,0.17633247187397483
29338,0.1925675179345071
29339,0.14709789204623397
29340,0.1939457121032727
29341,0.22560938337807948
29342,0.21874718892325837
29343,0.22872181845036696
29344,0.2599005424747859
29345,0.3194952169767074
29346,0.1871630700399433
29347,0.21467839483973883
29348,0.1986869240488585
29349,0.1747632655739356
29350,0.22743629539439464
29351,0.19388648233652217
29352,0.18684468147075128
29353,0.2882301770303594
29354,0.21170995291975497
29355,0.1864390209181961
29356,0.29873164912539985
29357,0.2698183255625021
29358,0.1881046628185192
29359,0.22626358735714747
29360,0.15878792922617627
29361,0.17632921177474492
29362,0.2549954591533229
29363,0.14976925159091184
29364,0.2708361821390535
29365,0.14823633098875383
29366,0.2084379838024659
29367,0.1753419453650935
29368,0.16820544286389738
29369,0.219532328946249
29370,0.31856373331131704
29371,0.2631733853544521
29372,0.17867098521920158
29373,0.180146123516008
29374,0.21106627402459402
29375,0.24708852931219608
29376,0.1549811704727691
29377,0.17835688748728848
29378,0.25479172191706484
29379,0.17875387867804465
29380,0.18307506996419345
29381,0.23074595264157904
29382,0.2896829103505438
29383,0.2057449729432423
29384,0.2698316316126209
29385,0.26151654482252323
29386,0.16950433074563143
29387,0.3001213758079781
29388,0.25776862971993836
29389,0.18712250198108868
29390,0.19151181959433106
29391,0.1855003393004467
29392,0.21065740135755476
29393,0.19105442189669739
29394,0.17536938572604374
29395,0.21177278473331365
29396,0.27451791260477276
29397,0.2372331911025502
29398,0.22232791746466823
29399,0.27210833444658833
29400,0.253946933290158
29401,0.17182473068111986
29402,0.15304697355031618
29403,0.16222443308197662
29404,0.21101380091418687
29405,0.37423044891432977
29406,0.3454119350922463
29407,0.18213120457401813
29408,0.19239565198066888
29409,0.22261510725095335
29410,0.18736738400994787
29411,0.2076313938613513
29412,0.20285569597156625
29413,0.22646802740823235
29414,0.18703689624500303
29415,0.16085538865232393
29416,0.19964134310982298
29417,0.24920248339093864
29418,0.22474651193800113
29419,0.20576436203698503
29420,0.17338121357317868
29421,0.29887524375247354
29422,0.27925027648350326
29423,0.19108018432961235
29424,0.19930134944388694
29425,0.19277658471487982
29426,0.17892436687194427
29427,0.2559309091363682
29428,0.2658263139345268
29429,0.2161045746512832
29430,0.16650326129369575
29431,0.18947842375651042
29432,0.18728114291095627
29433,0.20733485758805043
29434,0.20265975361519564
29435,0.1795326928426937
29436,0.25320124339958894
29437,0.3317974540484708
29438,0.22799270651065354
29439,0.19883967356490623
29440,0.2556809998282414
29441,0.14219813039599474
29442,0.30369798890470123
29443,0.22705352855492944
29444,0.26829335674273364
29445,0.18369977424622547
29446,0.16372777661476268
29447,0.22026114858633628
29448,0.2586233202348197
29449,0.25476202010905274
29450,0.15569920312116936
29451,0.23685082729673065
29452,0.22820219835179706
29453,0.18172110400855218
29454,0.2091567468163985
29455,0.29255889413861175
29456,0.17942472762764172
29457,0.20993061706490054
29458,0.1821499026242014
29459,0.27398007245405953
29460,0.19189048186321994
29461,0.19395864781844935
29462,0.2991592350123941
29463,0.1940713067738359
29464,0.24394160340092838
29465,0.1937314853234226
29466,0.16813508458491547
29467,0.22114755769835073
29468,0.2972986044921759
29469,0.17215342155123006
29470,0.2700506892337542
29471,0.20264384487939757
29472,0.23169078281312153
29473,0.21750573544600751
29474,0.18046248736317197
29475,0.16386744492060476
29476,0.22790500166257321
29477,0.272582151939599
29478,0.17486067357880827
29479,0.28707454892134815
29480,0.27002583728001306
29481,0.2395184670324635
29482,0.32555138947029805
29483,0.26745292546194804
29484,0.2712377142551644
29485,0.1803836471820872
29486,0.2654245996462349
29487,0.22646077203884193
29488,0.18283091181061656
29489,0.22641158786500293
29490,0.22369188173203836
29491,0.13348056875942668
29492,0.17777906367619892
29493,0.17465549355332263
29494,0.2573550996928438
29495,0.18670836008047587
29496,0.19740459961813134
29497,0.18135507846267326
29498,0.17925951682839827
29499,0.26103470396422096
29500,0.29650097445982243
29501,0.2536001160983927
29502,0.22670079894810763
29503,0.1389442566272331
29504,0.3011852175674802
29505,0.17974457718437806
29506,0.1998395634335175
29507,0.20197301873210732
29508,0.3414031489770188
29509,0.2198857250761934
29510,0.1944711622929092
29511,0.2575411171652283
29512,0.2041940755802801
29513,0.26030434906952493
29514,0.3303291642441899
29515,0.24681403065117619
29516,0.20010081810512667
29517,0.33067302348558125
29518,0.28584253662519454
29519,0.1931675236757708
29520,0.16724266735876533
29521,0.21225357936532555
29522,0.25178206411589077
29523,0.150093661810211
29524,0.19749891696430255
29525,0.2795997406209342
29526,0.25267334187827045
29527,0.18142002460873255
29528,0.2144095289844298
29529,0.17700507835989512
29530,0.1595965308777571
29531,0.14077155837949973
29532,0.2289707790622878
29533,0.15060213037072928
29534,0.23642258884892353
29535,0.2299212605649896
29536,0.2224697402046294
29537,0.28088539304626514
29538,0.2613226985450244
29539,0.3225340219212597
29540,0.15517497006815031
29541,0.19171368751076456
29542,0.2020025032407969
29543,0.1550316328098141
29544,0.1667141536265004
29545,0.2099593710567753
29546,0.1889836125422693
29547,0.15394934372152874
29548,0.18184230367189394
29549,0.18463033166900408
29550,0.2113649734775275
29551,0.17387759247520512
29552,0.1868675239164844
29553,0.25535853044232043
29554,0.2534142351468005
29555,0.2402020101073479
29556,0.2743593541364072
29557,0.22648693394194294
29558,0.1959077457465767
29559,0.2529674403493793
29560,0.2683973669580331
29561,0.2845953823020381
29562,0.2290996337801548
29563,0.20023623202171467
29564,0.2647964178053321
29565,0.2941016510096796
29566,0.262503729815101
29567,0.2784477473891791
29568,0.22976579189251378
29569,0.1722975682993157
29570,0.3222433224546433
29571,0.17538878090112445
29572,0.2776801872460555
29573,0.18046504150279827
29574,0.2628289392367402
29575,0.23211690166680435
29576,0.2853411103390412
29577,0.23476366704273943
29578,0.29527286393582686
29579,0.19157830960249658
29580,0.1914625232977368
29581,0.19428523002257658
29582,0.2374231596936295
29583,0.1706960748096861
29584,0.20328681847026264
29585,0.21071880361076317
29586,0.22223400564738716
29587,0.1585931021992169
29588,0.21728898921190568
29589,0.21523681716255272
29590,0.262390643012132
29591,0.18781302456187984
29592,0.2571810257095072
29593,0.18184437445143728
29594,0.2921451978623184
29595,0.24419507498222146
29596,0.2611693214730797
29597,0.1839013804377128
29598,0.18895253000187165
29599,0.24976624326892516
29600,0.3110440314066605
29601,0.25000333289864685
29602,0.28421917375015754
29603,0.18466335254811717
29604,0.18847659575473333
29605,0.18554906861564718
29606,0.19779199047387863
29607,0.15525561212721206
29608,0.19770286607784446
29609,0.18503930453465478
29610,0.2045051897633406
29611,0.31610840559528575
29612,0.19571329002459273
29613,0.29506142676522507
29614,0.2181012233231905
29615,0.18275288919473667
29616,0.23719561447419152
29617,0.272080291758779
29618,0.2931674699667983
29619,0.20971497815552947
29620,0.22320403543366538
29621,0.16507593319547392
29622,0.18022809978397608
29623,0.21313618248424204
29624,0.18592106609854261
29625,0.1673166804009118
29626,0.19182235150611374
29627,0.22411060103964617
29628,0.1857416322345985
29629,0.25509632422060435
29630,0.2283794505465558
29631,0.29673908561997203
29632,0.16110984153808328
29633,0.2588691569481742
29634,0.2443759546763933
29635,0.18613688241141244
29636,0.19197816121220238
29637,0.2777065349556737
29638,0.18796619994525232
29639,0.1757953731201969
29640,0.18521108357623153
29641,0.1860196061866793
29642,0.19734317217248187
29643,0.22255696381263412
29644,0.1855209618543293
29645,0.19826478987064353
29646,0.22355652281658714
29647,0.1909002166787466
29648,0.19679070208454186
29649,0.19626375587560502
29650,0.2886179283148812
29651,0.15217456300776688
29652,0.21851447966425444
29653,0.2050117937179123
29654,0.215101749901755
29655,0.2426222641311223
29656,0.2293790634456386
29657,0.2576940701506742
29658,0.1560687505582187
29659,0.24135354530524797
29660,0.17921325221642617
29661,0.2547075950190538
29662,0.2874262555870813
29663,0.18292127281657775
29664,0.19452495418471416
29665,0.29012517389764975
29666,0.20580846050940443
29667,0.17993657141624417
29668,0.19675559743450946
29669,0.2079420506245305
29670,0.3755979001043723
29671,0.2306065356465253
29672,0.20215511194123614
29673,0.24334220286734706
29674,0.2434458627839852
29675,0.19831844854852348
29676,0.19081132863443703
29677,0.15511091332744958
29678,0.3423538341743616
29679,0.18459496310128234
29680,0.25819335850577785
29681,0.23224641928638085
29682,0.17756910673157575
29683,0.19692901525586343
29684,0.2349013915293148
29685,0.20230840513114184
29686,0.18907787715396515
29687,0.14520538621137125
29688,0.1987451212233657
29689,0.25835457513847404
29690,0.1444572493539302
29691,0.21797787115489112
29692,0.17928347482002668
29693,0.19049832662880092
29694,0.24725177521470998
29695,0.17939524707458435
29696,0.32373352133003275
29697,0.2140656705432287
29698,0.21686230941066317
29699,0.19855323075154807
29700,0.2728280108698283
29701,0.19672632095680886
29702,0.24683470015560996
29703,0.27211813475460234
29704,0.2143905840312938
29705,0.19505337970928646
29706,0.2841789889532931
29707,0.16180882045802378
29708,0.24976775813437016
29709,0.22868230915380416
29710,0.3045917710915201
29711,0.1718480877015082
29712,0.24356329858766068
29713,0.15815794551987308
29714,0.21274627991832903
29715,0.1387602560441407
29716,0.2250616483633081
29717,0.16210679466394276
29718,0.17018095451276818
29719,0.22019020002290607
29720,0.213107773411478
29721,0.24565905246295433
29722,0.22363376540400295
29723,0.18160646460831867
29724,0.21502367472367756
29725,0.2903791042059287
29726,0.22425995373234525
29727,0.16342976473957077
29728,0.22482307707527213
29729,0.2170073983283465
29730,0.181509716811128
29731,0.19058852453217567
29732,0.184331796298366
29733,0.1694111517788608
29734,0.18059636384226696
29735,0.26578002840562115
29736,0.26150578930646995
29737,0.23550946362792188
29738,0.2643144477791904
29739,0.18333413821849828
29740,0.18711607877341868
29741,0.2637762450143011
29742,0.29611712298628307
29743,0.2623540169286511
29744,0.28554342556157936
29745,0.1728302818682826
29746,0.2839777157118667
29747,0.17771109369860089
29748,0.2688056756703458
29749,0.16884493837357456
29750,0.24538963794929888
29751,0.1923613600598853
29752,0.19179224675800424
29753,0.32676283224328073
29754,0.1681775161704795
29755,0.27274797212283763
29756,0.18034724145957054
29757,0.20899727506004137
29758,0.1994906237152131
29759,0.2210446086366593
29760,0.17491701381336847
29761,0.1729419673478221
29762,0.20721835633992178
29763,0.2968260683731077
29764,0.18148853586538813
29765,0.27874587473255646
29766,0.22698447287932172
29767,0.25591311123356947
29768,0.23667358927985443
29769,0.22121050147428703
29770,0.25955429440270283
29771,0.17798740898231377
29772,0.21371496614169236
29773,0.2596501752684649
29774,0.1813867816453966
29775,0.20760673767612736
29776,0.16160074317008707
29777,0.19016350250495237
29778,0.17637433661876645
29779,0.17519905738644376
29780,0.25523858360493273
29781,0.19938857588226605
29782,0.1769073091554241
29783,0.1730884485700861
29784,0.19427173629990904
29785,0.26533729011894297
29786,0.2515671654953378
29787,0.18583506294022464
29788,0.235582975396285
29789,0.21137615427903012
29790,0.22748271447390472
29791,0.1982654299574001
29792,0.311180682335034
29793,0.2145817478002642
29794,0.23294884870589602
29795,0.23880011877674054
29796,0.1886972568749294
29797,0.19152921273613027
29798,0.2474185880931373
29799,0.23151411357226528
29800,0.24678678714277794
29801,0.18525121725635582
29802,0.18231891879235745
29803,0.22152701799787283
29804,0.24088033882317844
29805,0.19344846016745953
29806,0.19047288399434195
29807,0.23944597111147753
29808,0.18643942545965878
29809,0.27193159498821484
29810,0.19909498025163067
29811,0.19097034707540397
29812,0.2768813883546091
29813,0.21397366328698628
29814,0.17229829640158886
29815,0.32232019163574227
29816,0.28183038427914797
29817,0.2955594670210093
29818,0.3055531589797365
29819,0.22057635250310084
29820,0.16876580648205577
29821,0.16628406716527114
29822,0.1986383717057595
29823,0.2509114662796135
29824,0.32498512239070854
29825,0.19716578953368097
29826,0.23469309061698232
29827,0.20983089873199923
29828,0.24735255960968225
29829,0.2902554096652393
29830,0.20547704770937691
29831,0.21212972858998577
29832,0.3195033605684116
29833,0.2483830885114436
29834,0.17435378753939912
29835,0.15447754454618415
29836,0.18592643796811545
29837,0.12694155738179466
29838,0.3411358485373539
29839,0.19462933705655616
29840,0.20647854595319146
29841,0.35489086395150826
29842,0.17957333217584492
29843,0.17590547070034596
29844,0.19181004891719527
29845,0.15262227638562076
29846,0.22683157137090365
29847,0.22352061033350004
29848,0.17836641905046086
29849,0.2243620538213984
29850,0.23865584897584635
29851,0.2785312557230212
29852,0.19221554945521785
29853,0.1850029186478393
29854,0.1583131165178682
29855,0.18736298268134657
29856,0.20090125757730948
29857,0.21013848738931482
29858,0.1631858192584826
29859,0.2450322341987529
29860,0.26666951933469024
29861,0.18149780642796734
29862,0.208356951190349
29863,0.340446953365614
29864,0.27078551118430005
29865,0.26066384014978533
29866,0.1703412725032437
29867,0.3251763587453284
29868,0.16762554464204246
29869,0.2732958025351832
29870,0.2626761169099131
29871,0.1552658104712992
29872,0.20173205824774165
29873,0.19227833704676617
29874,0.17108329309659825
29875,0.20961363746992365
29876,0.23054284802541886
29877,0.28405658114296595
29878,0.2076509837194622
29879,0.17146047996253608
29880,0.15538970214348727
29881,0.2833702913266604
29882,0.2874880894382731
29883,0.19291931954120628
29884,0.17407007636624475
29885,0.32222194932610404
29886,0.29325078380219277
29887,0.2396925814223515
29888,0.20836301344297883
29889,0.2056129907030473
29890,0.18714067391345016
29891,0.22683744773467382
29892,0.2794142580586727
29893,0.2269075961926665
29894,0.1618861049476566
29895,0.17611559723080317
29896,0.31059251650366787
29897,0.21078240726711212
29898,0.1889819403876679
29899,0.21113471251404067
29900,0.20875230042467038
29901,0.2522932192409694
29902,0.23465954747904647
29903,0.18698596067552076
29904,0.3055664109468831
29905,0.18945684926165032
29906,0.35053887448295584
29907,0.28279606121217576
29908,0.23785618489086213
29909,0.16400663070560273
29910,0.2840643835705486
29911,0.2853277792933601
29912,0.26177115244224947
29913,0.23630722580476937
29914,0.2670570447867664
29915,0.24172463111222178
29916,0.18763849233207996
29917,0.23146141370980763
29918,0.1956167613309029
29919,0.15408674713443618
29920,0.21230874645385817
29921,0.20124765113272244
29922,0.16261900841224508
29923,0.17613799116578124
29924,0.19881718944815482
29925,0.2515429694124135
29926,0.25252762020034397
29927,0.21047959210359152
29928,0.16213774457756763
29929,0.24606677946657826
29930,0.17784423855538312
29931,0.19731553441777464
29932,0.2920074651488568
29933,0.18176379892588032
29934,0.2532365028787827
29935,0.22463723862709983
29936,0.24082816811537353
29937,0.26588123116622864
29938,0.2530504982694382
29939,0.21731189273680382
29940,0.17221225315020153
29941,0.1576906209193699
29942,0.24054490926813232
29943,0.23574287035785194
29944,0.24460283952416964
29945,0.27493909883978007
29946,0.17831140733863543
29947,0.25100262804922324
29948,0.21799584298378283
29949,0.3286831228255675
29950,0.2606083414294178
29951,0.2619295942451463
29952,0.269330339938014
29953,0.18825257387442862
29954,0.277187698183949
29955,0.19038072367705383
29956,0.19081049141809622
29957,0.20675585812755806
29958,0.17380064510730164
29959,0.17632642257776632
29960,0.3552638819290132
29961,0.14813557243684575
29962,0.25003147641934026
29963,0.16040036437472371
29964,0.18999629273044996
29965,0.20196160278306327
29966,0.23114374342199015
29967,0.18222924067714502
29968,0.14636725023800856
29969,0.1777507824285569
29970,0.18259134647711842
29971,0.2069267994537488
29972,0.182519742354393
29973,0.20577599489516715
29974,0.1663758264781134
29975,0.18940057333674415
29976,0.15585858602205488
29977,0.16883135249452974
29978,0.2602063787926225
29979,0.17946622187170042
29980,0.26571116157795577
29981,0.2235051187695044
29982,0.31867745667188735
29983,0.20261556374532186
29984,0.1633855769642409
29985,0.3320155445763153
29986,0.19213070106520916
29987,0.1928831027513876
29988,0.19957334478581307
29989,0.20114189537719285
29990,0.2667019970499554
29991,0.3033764608436207
29992,0.17285526645747282
29993,0.1940242077021486
29994,0.17052991874483925
29995,0.21683176328954323
29996,0.27920390369210923
29997,0.2293542412143075
29998,0.25227355553852865
29999,0.21758722295027433
30000,0.2563668965575502
30001,0.19557191023908768
30002,0.1959125733725182
30003,0.22263393502578424
30004,0.18754026155891698
30005,0.20467247187149315
30006,0.19197236837823817
30007,0.24397927733094937
30008,0.2810319018184931
30009,0.19643956128045484
30010,0.28642402636830705
30011,0.2326420018256594
30012,0.1720412475792587
30013,0.2325868647918822
30014,0.19773310819998874
30015,0.14348899923435326
30016,0.24586085984692063
30017,0.17855410555370843
30018,0.20034384133642022
30019,0.18377871018332972
30020,0.23000957646204565
30021,0.2255884017296838
30022,0.16466743192624314
30023,0.2833694579926873
30024,0.2026445491741959
30025,0.17414690954877898
30026,0.24223780907172746
30027,0.20173066106243487
30028,0.2423528619705375
30029,0.17824495058038636
30030,0.19710372350022073
30031,0.16355594181265395
30032,0.23214039480393114
30033,0.2744697897324418
30034,0.3042202280584283
30035,0.17193173187756539
30036,0.23728647932640098
30037,0.17745710630871236
30038,0.18971569414730768
30039,0.31629588548370685
30040,0.17285348866197092
30041,0.22127078326532254
30042,0.21464809180054534
30043,0.14542328082233866
30044,0.17386894050413423
30045,0.171537066354181
30046,0.24612318411551418
30047,0.1730924307805033
30048,0.1743050202196091
30049,0.24273733805608835
30050,0.18390145566832442
30051,0.2555032694787457
30052,0.18346162208051772
30053,0.1601412746308796
30054,0.17400120222239854
30055,0.15828406459795233
30056,0.27246543113611854
30057,0.19952561756013865
30058,0.3104628772496864
30059,0.21796544311359076
30060,0.26859837716928153
30061,0.21571085946554724
30062,0.20656978619795305
30063,0.2031419932823271
30064,0.3140368258911411
30065,0.2656345515854907
30066,0.1844613645217337
30067,0.21320501510478235
30068,0.2756856977281545
30069,0.3135177851481042
30070,0.17088639187568752
30071,0.2305863387108248
30072,0.23250448546085356
30073,0.17894449834099357
30074,0.29708505465835633
30075,0.19235085513094347
30076,0.2512349208524154
30077,0.1790753236951788
30078,0.25996203732344464
30079,0.21943298268982545
30080,0.15481515359203202
30081,0.20653181111034297
30082,0.24183250988180663
30083,0.20499939129969263
30084,0.3016541194722347
30085,0.1822174983077329
30086,0.2216662211215025
30087,0.25281241202251015
30088,0.25546923156045975
30089,0.28467469218387875
30090,0.18098037527931138
30091,0.1564138579628132
30092,0.3226641193648341
30093,0.21002314557555882
30094,0.1818160072891561
30095,0.16992877935240114
30096,0.23607664581678273
30097,0.2544251643188573
30098,0.2860456225913241
30099,0.19262228295278758
30100,0.2246154903515903
30101,0.19648381286802963
30102,0.2536697869945424
30103,0.20452313958147683
30104,0.18812189204335944
30105,0.23490001057775442
30106,0.21125263677225892
30107,0.25473378409081016
30108,0.2658727546685149
30109,0.30119338172836113
30110,0.3075935459360034
30111,0.24124511612209384
30112,0.25036611212273235
30113,0.23021935184578116
30114,0.2062690297757089
30115,0.2126331106567352
30116,0.24401012276040096
30117,0.15978972397695532
30118,0.31769822577897
30119,0.1838567352630933
30120,0.2665397457535483
30121,0.1747056373513318
30122,0.17635185160622474
30123,0.19140596386672915
30124,0.22189244285675344
30125,0.25822283957255665
30126,0.1459994052015328
30127,0.18870527801273929
30128,0.1912705257521145
30129,0.2512030741544561
30130,0.1884980372534257
30131,0.233742086875395
30132,0.17812911015931246
30133,0.2021009181096038
30134,0.2670266249841796
30135,0.23967215865238153
30136,0.2560164886263101
30137,0.18337677158609197
30138,0.19640333621049977
30139,0.24902789044907236
30140,0.2725973218271238
30141,0.21635187432885467
30142,0.1945573431198989
30143,0.1954938914128829
30144,0.1772057314775358
30145,0.1875236046679625
30146,0.22842386440616835
30147,0.2987088723055714
30148,0.2561938618502049
30149,0.2548088022740792
30150,0.18983434288348383
30151,0.16776364003035296
30152,0.20318786032958902
30153,0.22490770874419735
30154,0.1684848924007471
30155,0.21743121399205795
30156,0.1969575339123604
30157,0.18401260681421974
30158,0.23489690172852318
30159,0.19720243324449446
30160,0.18623435598483698
30161,0.18915246298853663
30162,0.19693752626901315
30163,0.23595312188532483
30164,0.16396333472855049
30165,0.25562850999019787
30166,0.17694093283605564
30167,0.20625057203324101
30168,0.18022715543421466
30169,0.15907096737131815
30170,0.19704287231402484
30171,0.17588314654788978
30172,0.2857433892236627
30173,0.2477807613404155
30174,0.24301836963673934
30175,0.27859318135125016
30176,0.28294469741535344
30177,0.18601297308025624
30178,0.14411874146611114
30179,0.20415820979948204
30180,0.2724128146962225
30181,0.22189031306606666
30182,0.18206555471652525
30183,0.21034248904273725
30184,0.18466428285974965
30185,0.2539084491177567
30186,0.18219326557517337
30187,0.21783940852933373
30188,0.17558649043491137
30189,0.2594866229932613
30190,0.1784566195361293
30191,0.26487833427156365
30192,0.16892270417760663
30193,0.22901709791789052
30194,0.3757343291216324
30195,0.2400727943907879
30196,0.17757848235745524
30197,0.22285226776087563
30198,0.2625388331389101
30199,0.24513287433836528
30200,0.19600220811511387
30201,0.19185193380353038
30202,0.1770365114372682
30203,0.19826754643929728
30204,0.17984323365243562
30205,0.3240100557665139
30206,0.19446288385918165
30207,0.201924261575123
30208,0.1660850912957522
30209,0.19875211306441837
30210,0.1796800617963604
30211,0.18901686454615085
30212,0.31753799773230024
30213,0.18592431835063772
30214,0.20846269047249882
30215,0.17586693954208638
30216,0.176030038123277
30217,0.21439170305307975
30218,0.15585995855627066
30219,0.23387063084747817
30220,0.3308696379291006
30221,0.24903384932976788
30222,0.25730929988641815
30223,0.22866626686570768
30224,0.2905298357412849
30225,0.22393780196026686
30226,0.16170643182148722
30227,0.17654888663861232
30228,0.18136734447187913
30229,0.2409573824825396
30230,0.17661586064390342
30231,0.3410648731810497
30232,0.19364707787489194
30233,0.22235631259563632
30234,0.30170720773589144
30235,0.2732546499543435
30236,0.3146212547716624
30237,0.172103388620365
30238,0.1817461804546745
30239,0.28395104940668076
30240,0.2890355276441046
30241,0.2960624144662776
30242,0.19792474479538902
30243,0.2110782293390206
30244,0.1537994506700522
30245,0.3384442411781283
30246,0.1545022213278844
30247,0.18452606008972006
30248,0.17311166623204177
30249,0.2547969887226995
30250,0.2662571036900181
30251,0.1393336481941702
30252,0.23512262202034062
30253,0.2569586237335568
30254,0.24818013259379665
30255,0.20782536870746338
30256,0.27391090282060077
30257,0.2375926177596017
30258,0.24726990616193326
30259,0.18123946451449668
30260,0.1765196249032443
30261,0.26650381206771184
30262,0.20494222601761972
30263,0.15313209933417013
30264,0.3031278101634641
30265,0.22692727749965944
30266,0.25308678261776607
30267,0.264733123408655
30268,0.237050979144745
30269,0.2699714699485648
30270,0.14500456300167255
30271,0.19164917004817705
30272,0.24633068061006022
30273,0.17074114510288113
30274,0.1586412298091481
30275,0.1798996922358937
30276,0.19095890136994498
30277,0.16922422534734222
30278,0.1962746523036467
30279,0.20998692605799854
30280,0.18236687310043145
30281,0.2569525591498101
30282,0.1720514910751525
30283,0.2166630933010648
30284,0.1850893581359851
30285,0.1572028502195101
30286,0.17468206246752993
30287,0.20428284233113503
30288,0.2031205780231875
30289,0.18929937243260686
30290,0.17841646449641288
30291,0.17420835403086282
30292,0.17314003025491548
30293,0.1710601583968112
30294,0.20053914641476933
30295,0.16233882345147743
30296,0.15992359436052908
30297,0.1813325535355082
30298,0.19428567865678592
30299,0.23448107875606375
30300,0.29248833171434396
30301,0.27369521483230425
30302,0.19696788342818536
30303,0.28749626667967365
30304,0.18282857442689576
30305,0.27010552117215986
30306,0.1984164832660572
30307,0.18616820578415483
30308,0.15862804952602244
30309,0.150251287513778
30310,0.24312176273691286
30311,0.20735310486806577
30312,0.180390797391065
30313,0.24238270168915818
30314,0.18676006005512502
30315,0.16352188047335697
30316,0.2668235893668684
30317,0.27127798295841443
30318,0.22606949639704244
30319,0.2773991969586336
30320,0.16620874183451043
30321,0.18703754486403185
30322,0.17565564687457033
30323,0.19366873803572557
30324,0.189105335845113
30325,0.2138427658280378
30326,0.1670120153115904
30327,0.16831849596428597
30328,0.22665799785713922
30329,0.24079805198729864
30330,0.19088654807209263
30331,0.14372795265465493
30332,0.24543784840954583
30333,0.18631932178429408
30334,0.2593546591819602
30335,0.24622535717812635
30336,0.25403130953705194
30337,0.19645346171562622
30338,0.20167735897819636
30339,0.3711373886853357
30340,0.17697327964355378
30341,0.1625349572011121
30342,0.22716706972705425
30343,0.27025503110144256
30344,0.2547894595742777
30345,0.17511396203205712
30346,0.2144761956353427
30347,0.17377972028833902
30348,0.24562527067859707
30349,0.2744450831621347
30350,0.15678224853609446
30351,0.17816151703205907
30352,0.23019555659569474
30353,0.21150355917935854
30354,0.26941845525245556
30355,0.1943169136932714
30356,0.26019391058125646
30357,0.22175763662546155
30358,0.3024061261588781
30359,0.20353432087253576
30360,0.21175480293992524
30361,0.30256118368969637
30362,0.16533720342763136
30363,0.18863168372913033
30364,0.24303309645669025
30365,0.1403232173265374
30366,0.18526558067641855
30367,0.2656913047353876
30368,0.22582554841125618
30369,0.259513077211392
30370,0.22343341978176054
30371,0.18896969470893585
30372,0.18380936097287556
30373,0.18405233089724668
30374,0.19955936940550825
30375,0.23828534825692763
30376,0.21299294707516594
30377,0.16283477439999078
30378,0.18718268365484347
30379,0.18246061592244703
30380,0.15442456007398841
30381,0.18590960449981592
30382,0.2475544878575034
30383,0.20554312584757223
30384,0.2818826529177036
30385,0.2311014288300108
30386,0.19059879155990456
30387,0.16359889618021647
30388,0.1958490352864296
30389,0.34300885216797783
30390,0.1963761313207986
30391,0.30392225721870975
30392,0.19297802500928798
30393,0.22676072638957376
30394,0.20443913328950425
30395,0.1610529433028204
30396,0.17619398662126493
30397,0.31782481418441627
30398,0.24733092547610958
30399,0.19841328150526585
30400,0.29206810571228375
30401,0.31077912058877294
30402,0.3157112801912953
30403,0.21618268133174445
30404,0.17219052156044592
30405,0.29472262595712956
30406,0.16494454213175178
30407,0.3044186690600453
30408,0.2014105072208747
30409,0.1948968298354194
30410,0.24581815400719645
30411,0.2178774395868426
30412,0.2688206428992565
30413,0.1845505548296289
30414,0.1767298908762538
30415,0.23836284612493092
30416,0.1412979667676806
30417,0.2439110570116334
30418,0.2160005467765949
30419,0.2787162787066235
30420,0.18364045764702858
30421,0.20558765362532722
30422,0.3335234760931229
30423,0.22590113072659526
30424,0.25807017404752836
30425,0.25009471018562474
30426,0.23220747992844679
30427,0.22474242468813677
30428,0.21441570566320703
30429,0.24624530979367168
30430,0.18623918087336896
30431,0.16291569860891195
30432,0.18685536493402707
30433,0.16778940368305753
30434,0.1889129770689173
30435,0.24103336680629245
30436,0.2049129109142859
30437,0.2275587253720052
30438,0.1437163829094504
30439,0.17601571321372675
30440,0.18514088668284656
30441,0.2133177495131658
30442,0.2552967486153925
30443,0.15064918582676914
30444,0.2167722888124088
30445,0.21616616152668464
30446,0.21182275752062657
30447,0.3460811196039601
30448,0.20718128410013884
30449,0.19921473678886503
30450,0.1845079995154144
30451,0.19636083248374633
30452,0.1835691676657083
30453,0.21300406955588114
30454,0.14947156986936977
30455,0.2051328960836881
30456,0.2384517717073216
30457,0.18192394442509538
30458,0.16612034132368322
30459,0.25339336153955305
30460,0.23829687944915945
30461,0.1733543866711741
30462,0.2447071109828662
30463,0.16124279402713768
30464,0.23964730681833232
30465,0.19197394981592455
30466,0.2094885192064755
30467,0.17472281385474114
30468,0.17484157885086457
30469,0.1934761473024148
30470,0.17071228049992776
30471,0.15747682504705385
30472,0.21076970675614085
30473,0.1939133194737666
30474,0.21949949901513918
30475,0.2482288944860929
30476,0.1625327085981122
30477,0.25369800597702385
30478,0.28325526152235286
30479,0.18833559005521594
30480,0.24581952144490318
30481,0.20211695961134496
30482,0.21276313567980887
30483,0.31830941275525665
30484,0.16660964365204048
30485,0.23675076762121589
30486,0.19108652598429482
30487,0.279356608262204
30488,0.1877228298167228
30489,0.1964500412201042
30490,0.1979413192956077
30491,0.26340667739001
30492,0.2490750503950587
30493,0.29054761796783707
30494,0.25267805123539755
30495,0.1635004452953141
30496,0.15670609455105997
30497,0.25151881490215333
30498,0.23382129827195489
30499,0.23124461955115405
30500,0.29182401361849264
30501,0.19250456182036457
30502,0.26688794047103237
30503,0.2987754581422144
30504,0.27419487684622434
30505,0.16500916467331764
30506,0.1760705151032232
30507,0.20541815018717155
30508,0.18841930861745745
30509,0.1541434979688402
30510,0.20087103752352975
30511,0.22198461887139392
30512,0.2274672266893772
30513,0.17535463060830175
30514,0.2007847608810977
30515,0.18967632359087297
30516,0.2791967705920624
30517,0.18926924654869
30518,0.16659638360536774
30519,0.13746666135570024
30520,0.19637808840121898
30521,0.20011231395643198
30522,0.17614588213965657
30523,0.17306496775350821
30524,0.2823741702152066
30525,0.17710839450066204
30526,0.2456674174316687
30527,0.2281633027963504
30528,0.17587789109821436
30529,0.2253957502780666
30530,0.2547047198599999
30531,0.2877512100788987
30532,0.22036276941474334
30533,0.22881577656012728
30534,0.19782495758423482
30535,0.2147151475182856
30536,0.15270528587098905
30537,0.16477546136225033
30538,0.23582967842506786
30539,0.1607606128401704
30540,0.27299900160374296
30541,0.3860314751513239
30542,0.19718030947721182
30543,0.18567070655470874
30544,0.16143240885018034
30545,0.27936235396117887
30546,0.17990203678042804
30547,0.1981063880846577
30548,0.22686507144626641
30549,0.2806778179170922
30550,0.2889607537855792
30551,0.19778552348136308
30552,0.2932678537819399
30553,0.20000902162279277
30554,0.25718563137468964
30555,0.2012692772932455
30556,0.1839377529905271
30557,0.1856725651488995
30558,0.19531704613896983
30559,0.18479051338164051
30560,0.19114587225421176
30561,0.2226126147581292
30562,0.2232890954483973
30563,0.22659071064281514
30564,0.1430887841124646
30565,0.17967613218903644
30566,0.20749518314358145
30567,0.20536796285778983
30568,0.21661564648062823
30569,0.25282396777068455
30570,0.23095326567380678
30571,0.1440140049022285
30572,0.1898287058175715
30573,0.17724528563181802
30574,0.20413982646317222
30575,0.24188410419351858
30576,0.24095781080341258
30577,0.23701022280145037
30578,0.1914703687529103
30579,0.17976472284432765
30580,0.17627337825903933
30581,0.27836104994751315
30582,0.18683663512671164
30583,0.17151975570217523
30584,0.19314214049155548
30585,0.2034865066625911
30586,0.2540934397766436
30587,0.18471723672056414
30588,0.23989979400330053
30589,0.21553790263571426
30590,0.22302896273946643
30591,0.21110871479123156
30592,0.22758358823713862
30593,0.16296150627219902
30594,0.27192719233410373
30595,0.18487902841164616
30596,0.19575600898631731
30597,0.23505626344348
30598,0.29746879535144416
30599,0.21757467227165952
30600,0.16088489705517695
30601,0.17541112297078282
30602,0.16417463532920185
30603,0.2856012316307283
30604,0.1791770550904278
30605,0.2210512031680907
30606,0.21993015285977346
30607,0.1791405871159266
30608,0.2716215746171665
30609,0.25190627015929
30610,0.24300810813363136
30611,0.20901401114050272
30612,0.18770580548322854
30613,0.19272803802583177
30614,0.1827819312883674
30615,0.19172941597435905
30616,0.2194090077940761
30617,0.28147843147239593
30618,0.23009991488270265
30619,0.24992961003687808
30620,0.2449992777113414
30621,0.2777543181620373
30622,0.24417105668343414
30623,0.2968259730259821
30624,0.26812370963739
30625,0.2757090177795809
30626,0.36503494391748154
30627,0.29700695719303977
30628,0.1730665361831208
30629,0.19866266420747836
30630,0.25810325068942935
30631,0.2795449383450854
30632,0.23398836430335243
30633,0.20610015587904687
30634,0.2536085344922189
30635,0.2127178501603519
30636,0.19584048673925833
30637,0.2561520500619435
30638,0.20848915430964685
30639,0.28491669959699356
30640,0.1845730434881884
30641,0.18528282867344
30642,0.17654100419088814
30643,0.1909202809115285
30644,0.18627701942374816
30645,0.20860560243286144
30646,0.2206346401288025
30647,0.19245017259041938
30648,0.18845678432033844
30649,0.1835172705018043
30650,0.24058449675964277
30651,0.23987227911631714
30652,0.23541013319157117
30653,0.17123215504128525
30654,0.2717613241716719
30655,0.14153088380449566
30656,0.14918244586105006
30657,0.27720331039467744
30658,0.16229816484919887
30659,0.2090047745070781
30660,0.28692934458337727
30661,0.20532848009401813
30662,0.26073011126216644
30663,0.1525300999925656
30664,0.19109235638973104
30665,0.25748268118532047
30666,0.2063908962321904
30667,0.1754881119034549
30668,0.1619300925075349
30669,0.18620980397651177
30670,0.34076390377473736
30671,0.2331283594313202
30672,0.27524394524400453
30673,0.19066112709025085
30674,0.21000550744215615
30675,0.22372785851421914
30676,0.1807819559244615
30677,0.28945309011077547
30678,0.20717233405299587
30679,0.20411138839870493
30680,0.20928961108633237
30681,0.2765499794681934
30682,0.18917708992174803
30683,0.31482947178286924
30684,0.21062442985789098
30685,0.2680790478906936
30686,0.1920064762040637
30687,0.2517053444554862
30688,0.24542051732469997
30689,0.22129026097704063
30690,0.3352939934831924
30691,0.18307134887215148
30692,0.15909757626131252
30693,0.18149230340181802
30694,0.23782761808996697
30695,0.27456391567443356
30696,0.16587031853827242
30697,0.15715333858529668
30698,0.16400273304941188
30699,0.30443460528667715
30700,0.18865999764352634
30701,0.18109011395398977
30702,0.2143969581846318
30703,0.15483507696122784
30704,0.19946401184167953
30705,0.21610877514210375
30706,0.1951383930066528
30707,0.2608423540072166
30708,0.22172673522215702
30709,0.2268369042262266
30710,0.21400501813917255
30711,0.24010686062782494
30712,0.19368041701864397
30713,0.20346300674893011
30714,0.23027171354216777
30715,0.2897202473515611
30716,0.18349981835302281
30717,0.17481955339982716
30718,0.27865758578361044
30719,0.28804828781489866
30720,0.19331475754186056
30721,0.2390770116598642
30722,0.318405935653996
30723,0.17782563515791294
30724,0.2290653358160715
30725,0.255917459320676
30726,0.1442387268992455
30727,0.18249216099057658
30728,0.23134088059291347
30729,0.19162551859598292
30730,0.18317230977086815
30731,0.14861247518140036
30732,0.18074901852667097
30733,0.20576062482870902
30734,0.22322928973096454
30735,0.21211249645082084
30736,0.1997596701277477
30737,0.1856164723324971
30738,0.18443686631614895
30739,0.26279456912622523
30740,0.24534677395756005
30741,0.2358979018880669
30742,0.24114840352262573
30743,0.19810165862654955
30744,0.22720349713679922
30745,0.20526239509923294
30746,0.210147767712287
30747,0.25537593555590016
30748,0.20277316479827345
30749,0.22316292637414756
30750,0.19844709828750948
30751,0.21169406531415622
30752,0.20118149752179385
30753,0.2093901123070937
30754,0.20741458236853116
30755,0.2153821729402314
30756,0.16573132009421981
30757,0.2603038574398118
30758,0.17798178902318296
30759,0.2709860262067217
30760,0.20532659920708138
30761,0.34217970823219823
30762,0.19055535464236573
30763,0.1875467607786604
30764,0.17743797036182327
30765,0.23052927667368983
30766,0.2112543396232696
30767,0.2253636719739547
30768,0.2725191337071405
30769,0.16762774073330686
30770,0.19857041536859618
30771,0.20764799121412397
30772,0.1510055649177287
30773,0.16795153979290742
30774,0.18350636116791968
30775,0.22774314326436998
30776,0.24269684827473664
30777,0.2554195215504043
30778,0.2681170316814766
30779,0.24861902315599418
30780,0.19680707204931938
30781,0.20996918312732746
30782,0.32529666638015514
30783,0.22252591176619457
30784,0.24382936541741468
30785,0.2181505453379776
30786,0.2243956534501722
30787,0.24884116575830992
30788,0.22171686485294312
30789,0.1535538937233969
30790,0.17674889435316182
30791,0.233889488247271
30792,0.26510921039467755
30793,0.3413763967817857
30794,0.26781710692259353
30795,0.3092205386443738
30796,0.2620726990983097
30797,0.24294918640372398
30798,0.1653989392698499
30799,0.2921223715813522
30800,0.17234955424361648
30801,0.2442657642164114
30802,0.17430141490048023
30803,0.20119444733733885
30804,0.28540073762748797
30805,0.2351674739418776
30806,0.1246828333860813
30807,0.2983953299847874
30808,0.1755268226400115
30809,0.2845233545565035
30810,0.28490519559886573
30811,0.18492013024144074
30812,0.20799989467896446
30813,0.11115397667482858
30814,0.17251475994138274
30815,0.166938963762167
30816,0.1695567947375393
30817,0.19124331134570444
30818,0.20794088772131805
30819,0.1772363204174281
30820,0.16158144896134702
30821,0.32868424988649686
30822,0.2144794620937626
30823,0.21620483322065495
30824,0.27669355796309586
30825,0.28703897275000356
30826,0.1915993275944082
30827,0.3809258878609007
30828,0.2039015118301634
30829,0.25998624096146444
30830,0.23936989785309531
30831,0.28698202159022734
30832,0.2613998757779027
30833,0.21294526682403841
30834,0.3135153457652662
30835,0.31431472961304413
30836,0.27066696944475316
30837,0.2893979534910894
30838,0.17626411711276935
30839,0.19638866307207106
30840,0.18567910976869229
30841,0.26366403540522415
30842,0.35060442311777956
30843,0.3204813092343646
30844,0.1978408161619182
30845,0.19074708628256729
30846,0.1982530738537354
30847,0.23254835318697795
30848,0.156977979896839
30849,0.27311550979689325
30850,0.22614335333888647
30851,0.23783277688406923
30852,0.2747605227667391
30853,0.24977064395658688
30854,0.28273859644827726
30855,0.19494077955669004
30856,0.23277372975680508
30857,0.28145606393184047
30858,0.23630824746995333
30859,0.20349474628226372
30860,0.1806597473752876
30861,0.18521768914294515
30862,0.227826363659836
30863,0.27613283010801815
30864,0.2768785539128753
30865,0.19434062079805295
30866,0.3345797381852505
30867,0.27265677659411397
30868,0.23817971268280785
30869,0.18307084038289886
30870,0.17327895155512255
30871,0.18412128296329655
30872,0.1835593450021445
30873,0.1993912797365457
30874,0.18288901964618773
30875,0.17930597554527256
30876,0.22163194993945484
30877,0.25344989137242413
30878,0.24308914098464054
30879,0.19055720909648455
30880,0.2557354294485153
30881,0.21465209423884066
30882,0.18778383635298757
30883,0.21176977008002013
30884,0.2723786908198029
30885,0.2156719283870856
30886,0.19510556627661246
30887,0.20828875150948156
30888,0.16216430994345063
30889,0.2723368793145184
30890,0.20468078379776894
30891,0.24954194473091995
30892,0.20709542687643734
30893,0.29017774097722393
30894,0.1561406690351692
30895,0.17254012546318365
30896,0.2201147035836776
30897,0.19886118427873953
30898,0.2154542638650805
30899,0.20930514347923473
30900,0.2847097448325329
30901,0.21684951769969465
30902,0.14846541908697064
30903,0.23768930449040526
30904,0.22965299226227603
30905,0.18650670587251908
30906,0.21988946761797873
30907,0.2258861474005671
30908,0.2042373885138954
30909,0.21251717577858786
30910,0.2163944027332888
30911,0.2723498599564232
30912,0.21509935075420544
30913,0.2714391209235913
30914,0.19232548877783948
30915,0.20076919179235164
30916,0.17037468135315895
30917,0.1690399879331938
30918,0.2509774588623618
30919,0.2798968800191222
30920,0.2620236870287512
30921,0.1647826633333398
30922,0.2045716459064984
30923,0.18736191457328105
30924,0.20776539338307146
30925,0.21794158324182258
30926,0.24635495925609985
30927,0.2042463953758338
30928,0.1926323464938757
30929,0.24097851011846821
30930,0.19363212654373846
30931,0.19536132657759328
30932,0.26428672818575416
30933,0.29412059326266626
30934,0.212927693385579
30935,0.20002846594797344
30936,0.2040355042393122
30937,0.18294131854799175
30938,0.2134509862387918
30939,0.1584291875752117
30940,0.17057676096690624
30941,0.16928055743962914
30942,0.2501519354999361
30943,0.34870052329168566
30944,0.2568634537071638
30945,0.27746563844812067
30946,0.16071261124286043
30947,0.24128312234269117
30948,0.1610317961622018
30949,0.21460017998065095
30950,0.2810848858635756
30951,0.22804324278057775
30952,0.22718108710238932
30953,0.1888641211744058
30954,0.18776648469447996
30955,0.26588016217887545
30956,0.1553361871021799
30957,0.2398815964354355
30958,0.26576906147955454
30959,0.20250857289730193
30960,0.2524717002712552
30961,0.19643467242281865
30962,0.2940393903406368
30963,0.18275378686488306
30964,0.23061683120119247
30965,0.2670717697884182
30966,0.2195136412906671
30967,0.23039383977667924
30968,0.1579331029482817
30969,0.2450119833202506
30970,0.17356328794117754
30971,0.19476945840854187
30972,0.17644402512581717
30973,0.2711200135323907
30974,0.20856020114615986
30975,0.23379131668730524
30976,0.22785854316475987
30977,0.2568278089712796
30978,0.14910428448854002
30979,0.24595839474935788
30980,0.1727892046115332
30981,0.1957959394298478
30982,0.27228555132938387
30983,0.23048145624044927
30984,0.17547922849875042
30985,0.16923977489286848
30986,0.29189461765685537
30987,0.19621158820505027
30988,0.23326647390996721
30989,0.20215026387353885
30990,0.17386713163789
30991,0.2484450436911904
30992,0.27318645234709876
30993,0.24141977589985644
30994,0.25066936484335217
30995,0.18916835811005753
30996,0.2914763168228482
30997,0.2810112636680399
30998,0.18441632633679653
30999,0.22176455239452672
31000,0.28610263492597804
31001,0.21925316857200577
31002,0.21259946192219542
31003,0.16359688693673596
31004,0.18287632060651057
31005,0.2438813649132157
31006,0.27185149855837365
31007,0.17622260662026343
31008,0.16729524050426314
31009,0.20772692611801533
31010,0.16449879092858338
31011,0.1958666207064407
31012,0.1444238470002045
31013,0.2207689307174702
31014,0.22959419637084777
31015,0.20047474400700543
31016,0.2308476781821438
31017,0.2728971392957379
31018,0.16131501368533255
31019,0.24703532995645605
31020,0.19330243422694804
31021,0.20924807855955221
31022,0.1793679755123752
31023,0.19994399652420713
31024,0.2273471750707515
31025,0.2957711791830905
31026,0.2137930887390857
31027,0.2142679828319299
31028,0.2403876509743424
31029,0.17831492203259686
31030,0.18440714817188916
31031,0.2205157864324684
31032,0.19728739367991704
31033,0.16173094146777608
31034,0.2036086321284221
31035,0.16979430782824104
31036,0.19623741023379732
31037,0.22090626643184735
31038,0.27068482793590476
31039,0.17965868408671046
31040,0.19341408266268403
31041,0.25801621741015707
31042,0.23873945636401112
31043,0.17901141499762688
31044,0.2940727040104421
31045,0.17562339351692946
31046,0.25793144640899573
31047,0.2605449473085436
31048,0.1761049084264715
31049,0.2339897167708328
31050,0.2259363704739723
31051,0.2538350457313663
31052,0.1991491226660463
31053,0.24723982858147628
31054,0.2338095151743424
31055,0.14767387132186843
31056,0.22579392621551758
31057,0.19902378571840465
31058,0.3139892586272384
31059,0.19373034841706263
31060,0.17259836756644997
31061,0.21011133289181746
31062,0.2754568856968364
31063,0.16450740930995505
31064,0.20594210991558115
31065,0.22362228987396007
31066,0.2519614645018507
31067,0.17366546216523124
31068,0.1992438090400901
31069,0.23331544414146133
31070,0.2540067545060262
31071,0.2964976067535696
31072,0.17095278189058896
31073,0.16328422429045472
31074,0.17793851156016363
31075,0.19819341063820506
31076,0.20918834522689525
31077,0.27210215787208347
31078,0.23895015038862383
31079,0.18119510916729328
31080,0.1622203541615611
31081,0.26516383045982483
31082,0.28244001979554034
31083,0.20783137354507064
31084,0.2533132196686885
31085,0.2645853334430564
31086,0.24761007992510656
31087,0.2620210856300121
31088,0.17291873263223181
31089,0.23613930121551577
31090,0.23874832591196005
31091,0.224997731238706
31092,0.2755206404679361
31093,0.27884690121934913
31094,0.13991954844276744
31095,0.1728589851768825
31096,0.2405132092589644
31097,0.30368472492145576
31098,0.20091024915995923
31099,0.25728000897088477
31100,0.29812507370048674
31101,0.22064193881211247
31102,0.21415735162676167
31103,0.20927563968228255
31104,0.17153152867119903
31105,0.2641458172367701
31106,0.26872184055863146
31107,0.18815100101837604
31108,0.2415003397291724
31109,0.16209077395233468
31110,0.2477265263676495
31111,0.20521876604103692
31112,0.21732240848518306
31113,0.1955389908708154
31114,0.18943891148785177
31115,0.28430351979611923
31116,0.26185437222868563
31117,0.1687874477015768
31118,0.29388980580415397
31119,0.16734312967205053
31120,0.20618455623270684
31121,0.17554883568186785
31122,0.19041753391461647
31123,0.26954455030628244
31124,0.29059261405495307
31125,0.1553018971197719
31126,0.1997068771341592
31127,0.29460186889960527
31128,0.28496255002154647
31129,0.18487725176832398
31130,0.18953117069562045
31131,0.24855125160319627
31132,0.2993432157907975
31133,0.28633926472668464
31134,0.19064210828884917
31135,0.22368842901610314
31136,0.1857042948465908
31137,0.20945022304292302
31138,0.2937339023468494
31139,0.24614347006162515
31140,0.2694692820160754
31141,0.30136523775120133
31142,0.2467910714580225
31143,0.30686595102000763
31144,0.15038240362587119
31145,0.13995950364745446
31146,0.2500267301616918
31147,0.23236835260630365
31148,0.2328574098101802
31149,0.18130991562288895
31150,0.23941521293838838
31151,0.18563908980130323
31152,0.19495050884084517
31153,0.1548274003893274
31154,0.23546306062854824
31155,0.22747270802843012
31156,0.1440165947522597
31157,0.2641773699349648
31158,0.3175853650483014
31159,0.18877563781749684
31160,0.29163858821571415
31161,0.2142300125901328
31162,0.17969001640001256
31163,0.20125743791202044
31164,0.18628682751241654
31165,0.2757856418754634
31166,0.3133855418163579
31167,0.22411567111796604
31168,0.20935165914864165
31169,0.27558878480768156
31170,0.1523017464155319
31171,0.17597660081058664
31172,0.2049618275903184
31173,0.17247327148674294
31174,0.26084560200664125
31175,0.2233328719521128
31176,0.16447282415794576
31177,0.2914931746837134
31178,0.19514261018180712
31179,0.17242097289191027
31180,0.17190907592446986
31181,0.19741738819160204
31182,0.25339217387683327
31183,0.19969696485052002
31184,0.24134977668120278
31185,0.17976736084426334
31186,0.1673577177980852
31187,0.25550128760486857
31188,0.26590541725006434
31189,0.28594435491538417
31190,0.15820405417073333
31191,0.22428071845855035
31192,0.1983499165445956
31193,0.18220289639788959
31194,0.15690015733616944
31195,0.19636823789403443
31196,0.20635755843698386
31197,0.3192406439317259
31198,0.2235245636816542
31199,0.21989323771110234
31200,0.16272883871487415
31201,0.1603813875750636
31202,0.22562294936631708
31203,0.1888009769479428
31204,0.19528923822530428
31205,0.18485499593765492
31206,0.19135982051703584
31207,0.175505713860394
31208,0.17515627857572194
31209,0.17171211831596137
31210,0.17718117784878495
31211,0.16074376155474476
31212,0.20727682264311642
31213,0.20193514428004375
31214,0.2389937016133706
31215,0.22185223331176757
31216,0.16463726172908222
31217,0.1766896650431847
31218,0.2632675793982593
31219,0.2346414473154404
31220,0.1847734900753228
31221,0.2199318075646434
31222,0.26637869774454187
31223,0.19550588232642963
31224,0.1841047623422718
31225,0.20676820179806601
31226,0.18360115675014982
31227,0.27299122913833346
31228,0.2756991093229945
31229,0.17971277030444002
31230,0.16280988935746232
31231,0.19425945909489153
31232,0.20567883567790518
31233,0.23200987709938592
31234,0.25068191640566745
31235,0.35554080716188663
31236,0.19324843895605487
31237,0.17668928573317405
31238,0.1928444927215356
31239,0.20927430862399352
31240,0.2578804805046459
31241,0.20332605296557346
31242,0.21203147119879442
31243,0.19129413109240687
31244,0.20160214925266864
31245,0.19595051917562056
31246,0.23311340530768565
31247,0.1858601456720593
31248,0.21919200980929252
31249,0.2297647522768928
31250,0.22976741612919008
31251,0.26807252269498494
31252,0.17640355900245994
31253,0.2145375107771521
31254,0.14987063576994739
31255,0.1759746740027487
31256,0.18267462900405562
31257,0.2878374524294475
31258,0.16898516014746331
31259,0.17444437499814971
31260,0.2165148485891037
31261,0.19518262648120746
31262,0.21576366337266484
31263,0.1912571907988005
31264,0.2586442496173688
31265,0.22945490065156615
31266,0.174406647478475
31267,0.15608225399715903
31268,0.23149608572456476
31269,0.2414888713941983
31270,0.20054410427201902
31271,0.21491754891656342
31272,0.31001801649342153
31273,0.3167323219885281
31274,0.1954835316315994
31275,0.23940644258516885
31276,0.24137612142575404
31277,0.18340337147509303
31278,0.18537910097973576
31279,0.19332238086922732
31280,0.1841868952172747
31281,0.2663490401125046
31282,0.22638851331682794
31283,0.2327603262402388
31284,0.23060093703490314
31285,0.1909784931700821
31286,0.19135685333084632
31287,0.2364894104533952
31288,0.2767016522439492
31289,0.20084383707836978
31290,0.22873345534178072
31291,0.14123147491259813
31292,0.2013484899324337
31293,0.17458789473556827
31294,0.14247854646931846
31295,0.18655402883401812
31296,0.2242023967884563
31297,0.17441984357458867
31298,0.15521551847092196
31299,0.2159266786348154
31300,0.18096750148082197
31301,0.18055747955250592
31302,0.20098072464536051
31303,0.24398134505849245
31304,0.15132856295628946
31305,0.2799416079967833
31306,0.21561254605192284
31307,0.18326188086662998
31308,0.16004174274444924
31309,0.2239427211090614
31310,0.17978307656797562
31311,0.22221145914932602
31312,0.196483361702555
31313,0.19941897932966754
31314,0.19310868075258944
31315,0.18317223689604314
31316,0.2284077540691892
31317,0.3279759192048117
31318,0.22814181265903383
31319,0.19398171819398718
31320,0.30884470349933013
31321,0.23848304288558075
31322,0.24227583736731478
31323,0.19942436417292503
31324,0.23444389363721704
31325,0.3013115849825248
31326,0.19929642324054753
31327,0.17615143201333186
31328,0.18904569711410563
31329,0.2276783617139222
31330,0.2783298282770111
31331,0.18409567765998489
31332,0.17856405067715664
31333,0.14963655250565097
31334,0.26882020960019826
31335,0.2823709030523941
31336,0.25075835172412675
31337,0.17394647698687835
31338,0.2420362263762871
31339,0.2208200764510072
31340,0.19993389239793286
31341,0.2834368716668719
31342,0.17639996329787497
31343,0.2030934246538529
31344,0.20463883872784058
31345,0.2853830457485195
31346,0.3766583026446313
31347,0.17252503365970426
31348,0.20491150346214712
31349,0.16667060862897476
31350,0.23054673580328283
31351,0.18009920153100528
31352,0.17593928417866436
31353,0.22798252825183332
31354,0.32759802157971196
31355,0.27561353742102207
31356,0.21928994427472362
31357,0.2036380043747106
31358,0.22231285222884903
31359,0.2190887104768491
31360,0.18079862082518874
31361,0.21791683030677853
31362,0.228153538029892
31363,0.3303691385138188
31364,0.26685467753743736
31365,0.22764553683636407
31366,0.24938442263903834
31367,0.21298107084893844
31368,0.28626440295817795
31369,0.20384858897192293
31370,0.17912908885078166
31371,0.22490611226745616
31372,0.20572799432067637
31373,0.21775279234654113
31374,0.25036304199211756
31375,0.2920543154016061
31376,0.1570843153939606
31377,0.12496922511646012
31378,0.17829111360764685
31379,0.18571654431331083
31380,0.21319717581380965
31381,0.21012475478369666
31382,0.18122449511976754
31383,0.19105351967503345
31384,0.19423597338892884
31385,0.18013845243471266
31386,0.30973466351674733
31387,0.22111720119833367
31388,0.2648413486244889
31389,0.19904236443766465
31390,0.2552275557483961
31391,0.2043456367386037
31392,0.20961948117619456
31393,0.23372146769251942
31394,0.1431887601264916
31395,0.2299235492439104
31396,0.2598398947363375
31397,0.19000478257255435
31398,0.3108262716867625
31399,0.2079366369162647
31400,0.27966281597502096
31401,0.28532246828866825
31402,0.23697996469731947
31403,0.16786312421850502
31404,0.18498930791861345
31405,0.31600705321971434
31406,0.28411521214879726
31407,0.20323486007548394
31408,0.17889710033707804
31409,0.1864102736413608
31410,0.216778858716061
31411,0.2513538756806436
31412,0.1687687039080611
31413,0.22653133933756714
31414,0.24679561472767123
31415,0.19501094758196877
31416,0.3155395475683703
31417,0.2415268812377585
31418,0.2489567695583321
31419,0.15148342695190753
31420,0.30489474022950824
31421,0.22244085598920915
31422,0.22765038008797056
31423,0.2556696193760319
31424,0.2186184697571068
31425,0.1945788922871593
31426,0.19437056937529762
31427,0.22385873826991426
31428,0.2679229953020019
31429,0.15113119952901516
31430,0.1892989217863395
31431,0.20231765971968443
31432,0.1890684854730386
31433,0.19651328658603906
31434,0.18807941153049657
31435,0.23232737366643302
31436,0.29933413060823555
31437,0.19577286271710892
31438,0.23875022570470872
31439,0.17479134178418548
31440,0.2962011833407124
31441,0.22451666664574493
31442,0.20916410783912107
31443,0.15391561379541524
31444,0.1808399707404097
31445,0.19802775488059127
31446,0.27114736157481667
31447,0.20713595901648488
31448,0.2515386463044127
31449,0.23464542954513234
31450,0.19398976072289398
31451,0.2681779497652709
31452,0.20019901037989718
31453,0.26334472855343505
31454,0.2464889762157239
31455,0.1965648619707852
31456,0.2564134163951075
31457,0.18856619535466687
31458,0.23163259177832124
31459,0.2218106926133488
31460,0.18602274043293718
31461,0.19254788186651411
31462,0.19089022994593421
31463,0.19420818047608712
31464,0.18650639065789743
31465,0.25135144662915815
31466,0.17107115925924735
31467,0.19129802281068806
31468,0.1634861746899861
31469,0.28277270339240357
31470,0.18264170669787233
31471,0.22251470697127676
31472,0.20362058233368624
31473,0.1787948200206847
31474,0.1696134292905138
31475,0.2125170091696778
31476,0.33400923831556284
31477,0.29357932386622393
31478,0.21147696309797623
31479,0.23757919572291317
31480,0.2806900202132874
31481,0.1977925889877736
31482,0.20076593318991157
31483,0.25846572106798915
31484,0.19638180508699743
31485,0.19940344483700762
31486,0.19405638498485492
31487,0.19581792355991365
31488,0.15140258757092384
31489,0.25763519444973193
31490,0.2573284854993348
31491,0.1928530484428221
31492,0.23823540699484075
31493,0.2980536619050628
31494,0.326285635132024
31495,0.24094051582103834
31496,0.17586136822049386
31497,0.1677430707889399
31498,0.2960017080130382
31499,0.3033105828502665
31500,0.277156358970992
31501,0.26403963274901127
31502,0.21147114084115748
31503,0.27980753205686193
31504,0.23089163935770787
31505,0.3166972671425039
31506,0.170705288576743
31507,0.19215825800370354
31508,0.23827026294979045
31509,0.2929076107326166
31510,0.16879408008008884
31511,0.21710333301244897
31512,0.3513341469670137
31513,0.17792659254754528
31514,0.23864673181800464
31515,0.18513390174476435
31516,0.16540929157568587
31517,0.23057084060735164
31518,0.1747215255279147
31519,0.2365798033683857
31520,0.18761477916640767
31521,0.23295392250820762
31522,0.18413870517493913
31523,0.2180235972694828
31524,0.22602978662269735
31525,0.1710990927711034
31526,0.20035733786344076
31527,0.2974643314419746
31528,0.282967330567993
31529,0.2540395520786382
31530,0.2762853575919583
31531,0.20009337439747665
31532,0.2589589212249488
31533,0.22953678137229633
31534,0.18153083831562916
31535,0.18948471511352113
31536,0.19901971647067154
31537,0.2267669580616511
31538,0.22266653266412512
31539,0.26396011237683953
31540,0.21109059164036378
31541,0.17715065472759356
31542,0.26725666778972074
31543,0.23518717783835727
31544,0.25852854025445415
31545,0.1880916661603409
31546,0.25760827587199225
31547,0.1883526081207494
31548,0.20029122141188768
31549,0.18186960241408076
31550,0.16723472896817967
31551,0.15990346629665914
31552,0.155390665555307
31553,0.23292511229918525
31554,0.1657797980427711
31555,0.18186806161521016
31556,0.2078904747986087
31557,0.32397804510867984
31558,0.2677309754017309
31559,0.18471461063251765
31560,0.17297660094585576
31561,0.183656353734786
31562,0.196897202820687
31563,0.218889044085462
31564,0.2859186085205206
31565,0.1935434343203044
31566,0.2394127169646457
31567,0.32955108321436266
31568,0.20196546889642228
31569,0.15629529003153617
31570,0.3145007245930576
31571,0.3160244904956259
31572,0.18325737772311737
31573,0.2207681831720297
31574,0.16311370335772957
31575,0.21721318476899154
31576,0.1956018081903486
31577,0.18576995826132808
31578,0.21238527426575612
31579,0.2248461429314911
31580,0.14661329908641973
31581,0.2179617148640241
31582,0.19536798973179426
31583,0.1977421546739908
31584,0.21773006037385387
31585,0.21682748487291484
31586,0.19902358820798402
31587,0.24595120738004453
31588,0.18535993444769042
31589,0.30419142611246336
31590,0.17607575205109735
31591,0.2503498812418672
31592,0.27596162859804907
31593,0.25652349585130985
31594,0.2162275663110743
31595,0.237264703069325
31596,0.31713858070024553
31597,0.2041853321924937
31598,0.18907368018804108
31599,0.14716656000859432
31600,0.25435461764397765
31601,0.2130117241120526
31602,0.18313621486904322
31603,0.27443764985399854
31604,0.27320263537710515
31605,0.26723124239078183
31606,0.2446519776078696
31607,0.2267087253094247
31608,0.1683676534583766
31609,0.2447290609416428
31610,0.21244583709763798
31611,0.22218255890319658
31612,0.19836535173134745
31613,0.2260523079626296
31614,0.17012997718879525
31615,0.21681158720518848
31616,0.18568656692466493
31617,0.21161418992069375
31618,0.23967130926837185
31619,0.21724066254709698
31620,0.31794843578637916
31621,0.24830607364414803
31622,0.18930766819182188
31623,0.1641336749143242
31624,0.360415941757238
31625,0.28954619462137143
31626,0.22277682685928477
31627,0.20165303005748839
31628,0.2042839281222917
31629,0.23499735656734416
31630,0.19191474774272124
31631,0.19291922700712252
31632,0.17511644178070265
31633,0.1893287420252145
31634,0.18509733816163482
31635,0.3772497519323701
31636,0.18195231193924216
31637,0.22746652544802395
31638,0.15137253506935253
31639,0.16733468566904283
31640,0.3028409749855154
31641,0.18150526167858685
31642,0.1915925355056969
31643,0.19470145422157478
31644,0.16417379623571093
31645,0.22337894344936107
31646,0.2494256950115479
31647,0.2578054586387224
31648,0.26771498307075814
31649,0.1999715947045063
31650,0.1705104170137726
31651,0.20322936717513776
31652,0.2181712719568248
31653,0.22334708889383806
31654,0.1941596129658874
31655,0.26260820399194346
31656,0.1782918110346975
31657,0.19038809528897618
31658,0.21155538489496123
31659,0.2749556520920179
31660,0.261023405800875
31661,0.20068010511330783
31662,0.3044402483210492
31663,0.20740662131970888
31664,0.27163292770293396
31665,0.21142029060381926
31666,0.2393713570381537
31667,0.2309847004233639
31668,0.1972914825399636
31669,0.2099185092675718
31670,0.2560297706267304
31671,0.23743677581273204
31672,0.19332271134128887
31673,0.2142643076518508
31674,0.23499666928556107
31675,0.26409948715346654
31676,0.23676841013823696
31677,0.23029037267664035
31678,0.19550068423831013
31679,0.2552902496104569
31680,0.1783605292352206
31681,0.34279815540023
31682,0.29282188046643953
31683,0.23163393453532405
31684,0.2366268970670313
31685,0.15049690469829138
31686,0.17463165780017093
31687,0.2034646380363511
31688,0.1840092824314046
31689,0.1803379928018506
31690,0.2322281382459956
31691,0.15722560650920292
31692,0.18676440164614086
31693,0.20297588368746353
31694,0.2769459962987606
31695,0.2983011396498872
31696,0.16891219274104985
31697,0.20606557060094485
31698,0.16937995448782753
31699,0.26826287152213685
31700,0.2675225554203995
31701,0.17686558086239565
31702,0.22319815295057868
31703,0.21361599277203072
31704,0.21417941453940498
31705,0.17801183058156952
31706,0.23401134679767893
31707,0.18470219323054476
31708,0.2801479567425372
31709,0.27353731200644293
31710,0.25612067638589414
31711,0.2741844311718948
31712,0.18151179547902424
31713,0.26439293680028864
31714,0.1693397452662098
31715,0.30310457411280006
31716,0.21016595626339377
31717,0.1923895071220736
31718,0.21017497159209206
31719,0.23887412293335378
31720,0.27255247951914263
31721,0.29425726401424834
31722,0.2592644338207812
31723,0.2325054373442762
31724,0.19655180959467283
31725,0.1771792880193866
31726,0.2300472921725806
31727,0.20423798385535533
31728,0.2765295788198998
31729,0.24440709714537723
31730,0.19395070292186234
31731,0.16660844271373162
31732,0.29581079808389116
31733,0.26918585600281164
31734,0.30206634242647
31735,0.2414460867547843
31736,0.25915537915973924
31737,0.23061610197560714
31738,0.1917548155783037
31739,0.1622198711531752
31740,0.1720946414687707
31741,0.2593708812536524
31742,0.14480697640987863
31743,0.20434171390865394
31744,0.16552081214950196
31745,0.15297925514563
31746,0.2813951309313925
31747,0.1632457597791626
31748,0.34364698258765863
31749,0.24345562063160422
31750,0.26786490497397547
31751,0.24351607575859627
31752,0.29180575085321464
31753,0.21776038085883168
31754,0.1789036663466392
31755,0.17485834660128666
31756,0.207215365057027
31757,0.3111826736486548
31758,0.20905165782873136
31759,0.14848901296274744
31760,0.1697677537055779
31761,0.2010774913271024
31762,0.22343231803829972
31763,0.22594517556153765
31764,0.1705373310384428
31765,0.2021233902962921
31766,0.18086673271019932
31767,0.196680521506584
31768,0.16205116474472742
31769,0.1806377892619767
31770,0.21280421833839291
31771,0.196195156427575
31772,0.27678270782045594
31773,0.27867304323520203
31774,0.15367879922016084
31775,0.2690671575630406
31776,0.26766260817028775
31777,0.18491849176283492
31778,0.1849908421213582
31779,0.21291066536373177
31780,0.29079707592088544
31781,0.2548495641670544
31782,0.27436775947459385
31783,0.1783205135747542
31784,0.21743168035449037
31785,0.1886319329615717
31786,0.26066694618758285
31787,0.14865722944466928
31788,0.16668368210542386
31789,0.15431728517291307
31790,0.2620016931064732
31791,0.1883159322341229
31792,0.24108217858502035
31793,0.19449573879587675
31794,0.22554079034131036
31795,0.18133220818078452
31796,0.1686104159713371
31797,0.18530138873747093
31798,0.27877351015423624
31799,0.26296963326190775
31800,0.201671155082574
31801,0.24207270069203626
31802,0.22364721378493868
31803,0.15902709962623932
31804,0.18043075527984648
31805,0.20141200916151802
31806,0.21357565080410196
31807,0.1686319894440277
31808,0.27075540477101234
31809,0.18848474392758063
31810,0.16454927462408253
31811,0.19760479949161344
31812,0.24076336594899447
31813,0.20445413634565773
31814,0.20686370317592143
31815,0.3033827217934878
31816,0.25606903433497374
31817,0.16473752932481797
31818,0.15560475820385464
31819,0.1846120737299363
31820,0.20822220390343552
31821,0.22839014431830512
31822,0.22095453594910108
31823,0.19841398875137928
31824,0.22886321744484892
31825,0.13622228053027158
31826,0.2694994269274106
31827,0.23936450302770612
31828,0.18025284457315105
31829,0.29071058473968636
31830,0.2116464375104325
31831,0.19724839726735557
31832,0.20081359817647543
31833,0.26117350713597903
31834,0.2473435114935547
31835,0.19280781033916358
31836,0.3092883355478111
31837,0.19766079799677885
31838,0.21330448994654724
31839,0.18107373226222342
31840,0.18507729585247637
31841,0.26711015713191627
31842,0.19141834325988125
31843,0.31684286382122423
31844,0.2030895111283195
31845,0.19089981353132676
31846,0.3275963531215717
31847,0.16557808928905846
31848,0.17435952181094183
31849,0.1816890631391666
31850,0.15742563871637408
31851,0.2229402464627841
31852,0.20228279980680927
31853,0.2248982801835642
31854,0.35601987384686956
31855,0.23257409515316774
31856,0.22005296684142567
31857,0.23662684647764068
31858,0.25358873866256
31859,0.16150328843139838
31860,0.1696424871627772
31861,0.3658931683807781
31862,0.283826054902329
31863,0.3172169592750256
31864,0.22985037584966073
31865,0.27256102863723486
31866,0.1457766494795573
31867,0.16952034917475037
31868,0.24071205759213996
31869,0.26562637832281605
31870,0.2099054062119998
31871,0.2482650083911747
31872,0.2800826406455218
31873,0.29126796050511367
31874,0.18413094659228135
31875,0.17450170935424938
31876,0.21603891640483228
31877,0.2020123624402469
31878,0.20023204194879615
31879,0.3049824035957942
31880,0.22537720486866175
31881,0.20057426355496585
31882,0.21981881244333235
31883,0.15745256145723813
31884,0.2184114888000722
31885,0.2530283646559436
31886,0.2709916485617523
31887,0.2500112827380374
31888,0.22517571265371353
31889,0.18570188233497872
31890,0.20145845121422037
31891,0.22995542466232277
31892,0.2370094009244056
31893,0.23856079399058883
31894,0.2952322917204276
31895,0.2176723059028259
31896,0.17579053275893275
31897,0.2939376110845484
31898,0.21272677557133793
31899,0.15726081915188575
31900,0.25115141763863175
31901,0.2300491899863996
31902,0.26984388197915504
31903,0.187388070233073
31904,0.14442046691867255
31905,0.14467030829226502
31906,0.1950393261731877
31907,0.21778361912934663
31908,0.21597574651482498
31909,0.2039522753559953
31910,0.2754293814854707
31911,0.18416537995893006
31912,0.26644733613754196
31913,0.3163455307223433
31914,0.16249141601968017
31915,0.21173481572514583
31916,0.17869537936881985
31917,0.18255234141662802
31918,0.2482235294732744
31919,0.27990530300703453
31920,0.23177998682036308
31921,0.19441874034103906
31922,0.309110127167884
31923,0.21552288446343718
31924,0.17455125373334238
31925,0.25606054908567005
31926,0.23358584204756203
31927,0.20855454442721225
31928,0.2530098902686588
31929,0.2613309934386136
31930,0.1701716618592658
31931,0.20870551762323852
31932,0.21781954159008948
31933,0.19343900823780047
31934,0.1968012430972701
31935,0.1728851763335278
31936,0.16611820033184735
31937,0.2541237786550383
31938,0.2140867430955805
31939,0.1777511982537125
31940,0.22553849025409164
31941,0.26805756625891664
31942,0.19312087386567
31943,0.22712704229103423
31944,0.2019445765728031
31945,0.24593814227761837
31946,0.2719912063146434
31947,0.19100171286943726
31948,0.1917762758299909
31949,0.3043317310863431
31950,0.2993523269547584
31951,0.21092227045412135
31952,0.19309873265404548
31953,0.21041192383003487
31954,0.23378750075384802
31955,0.20505097187583277
31956,0.33864619374812116
31957,0.251151751303834
31958,0.2179572044429798
31959,0.2293220511930695
31960,0.17399146434063287
31961,0.2853244250589124
31962,0.1830341147239837
31963,0.23713267598634924
31964,0.1528257445875206
31965,0.25140073092727155
31966,0.176186478077911
31967,0.2115640068481172
31968,0.1499237160151092
31969,0.1780986537462023
31970,0.1755038763632572
31971,0.1961542234918119
31972,0.2859681508128277
31973,0.19525821807662036
31974,0.25981619302114667
31975,0.16861763492448342
31976,0.2698705008814467
31977,0.18189891909742711
31978,0.23436985828767948
31979,0.3097980754261005
31980,0.1528557322459556
31981,0.1949053317219431
31982,0.3671470572798247
31983,0.17822952175645024
31984,0.2659326228346663
31985,0.2070130935381352
31986,0.18367109083838504
31987,0.19141437153382246
31988,0.1671948198296183
31989,0.2304172530870949
31990,0.15253593916849162
31991,0.22782299123246255
31992,0.24978350181899414
31993,0.287509091272333
31994,0.1687197297307218
31995,0.24288956181119015
31996,0.18361104437239792
31997,0.1756442042039746
31998,0.22853499265170718
31999,0.17952326101162655
32000,0.18424355420699332
32001,0.26169400419211675
32002,0.21681114926015765
32003,0.24349223575686338
32004,0.24639988132680166
32005,0.2685368928983723
32006,0.17671056647820468
32007,0.21626755470649303
32008,0.27484483046420854
32009,0.19973982140560811
32010,0.25130887437197447
32011,0.2836951222901523
32012,0.2807664507335246
32013,0.18695966425767527
32014,0.22719609983370515
32015,0.1422509364154524
32016,0.22237846400571384
32017,0.21794596301777078
32018,0.1314012141260344
32019,0.19130936905853155
32020,0.17548527892801247
32021,0.1801643949313509
32022,0.15124164119890443
32023,0.2023662607730501
32024,0.15493619561132477
32025,0.28539245335491487
32026,0.2452171092504213
32027,0.23194973591253393
32028,0.1649941325806866
32029,0.2496088507900921
32030,0.19217767739298192
32031,0.1979444989829052
32032,0.16051786212252087
32033,0.18300430650528296
32034,0.19653770752142932
32035,0.3435135492698717
32036,0.20171186049782158
32037,0.15452056447599488
32038,0.2812828518865216
32039,0.31716122184050755
32040,0.1791578403556057
32041,0.1789950139956707
32042,0.1761318658835116
32043,0.15090982967013394
32044,0.22132489853680315
32045,0.18411709437898285
32046,0.23167319380695947
32047,0.26670345736399326
32048,0.2554617246928347
32049,0.20680384061166124
32050,0.19214997943333345
32051,0.333043072389514
32052,0.2013929420038636
32053,0.298696362776584
32054,0.19733282788974077
32055,0.22244606367376407
32056,0.23331024927785843
32057,0.1867948842980549
32058,0.28300785015917257
32059,0.15403465493849539
32060,0.22760101147819167
32061,0.31550057386735925
32062,0.16423297925135916
32063,0.18086536027156275
32064,0.2943313095294667
32065,0.21638694482455384
32066,0.24613820774685696
32067,0.23552862984223608
32068,0.22589261665533222
32069,0.17284235754882174
32070,0.19180986943907632
32071,0.18474474901273288
32072,0.16998261623124608
32073,0.24744614413113805
32074,0.17550053400889745
32075,0.19951494468933162
32076,0.24509547167552892
32077,0.23770537983807788
32078,0.1855406980505807
32079,0.2412681541269499
32080,0.24207165871270778
32081,0.2820060319413736
32082,0.19615995208544187
32083,0.25113746687641564
32084,0.23633808744899798
32085,0.1458511042201657
32086,0.2503826350196687
32087,0.1984351696074811
32088,0.2601139447710851
32089,0.28919698194947263
32090,0.19737533405579974
32091,0.24900426507537662
32092,0.22682167430524022
32093,0.19078300976777293
32094,0.2574835773198167
32095,0.24628605440480433
32096,0.2138000737346384
32097,0.15505797182551453
32098,0.17820259836187344
32099,0.1996191733230668
32100,0.19138582097269607
32101,0.2614639566263448
32102,0.17767379482081075
32103,0.21777225577833392
32104,0.2058772140701595
32105,0.1954078445252941
32106,0.2512601216429639
32107,0.19148178236954536
32108,0.2766081103849174
32109,0.18241883341564652
32110,0.18376563107267138
32111,0.20584341434749298
32112,0.1845665119620693
32113,0.16041387214671154
32114,0.25859933899563803
32115,0.18874586881710886
32116,0.25327050428817216
32117,0.17582686388808028
32118,0.23507786730837835
32119,0.253468884745547
32120,0.28786439931758234
32121,0.3347616254316256
32122,0.26520768767629965
32123,0.2547949815896612
32124,0.2934174906741036
32125,0.18839460128916952
32126,0.2615578724471354
32127,0.1812885328275536
32128,0.1972425029365044
32129,0.21375917451457846
32130,0.22156131885803163
32131,0.20621460099504876
32132,0.19706118002021022
32133,0.1638472246850354
32134,0.1843000053554253
32135,0.1437355061988896
32136,0.15576580704760537
32137,0.1924032202041573
32138,0.19391241405536266
32139,0.18133824826068679
32140,0.25268019026895
32141,0.22323777001864692
32142,0.17296832640850104
32143,0.19872510717623765
32144,0.15720779385171071
32145,0.2376786592909549
32146,0.17904093679146058
32147,0.20451875351704818
32148,0.21344028301203122
32149,0.23477717696443912
32150,0.19707964425533445
32151,0.251706169572281
32152,0.2786734216676498
32153,0.25645319738169337
32154,0.23134944894446338
32155,0.2305559394303029
32156,0.2471387084150333
32157,0.20189436547322667
32158,0.14229891649825854
32159,0.18685040609769346
32160,0.1826509449152025
32161,0.20853484822048687
32162,0.16527514771606988
32163,0.2659015303262363
32164,0.27992329111642245
32165,0.19076005788197786
32166,0.15283365126527781
32167,0.1690003517626648
32168,0.242671740508616
32169,0.21776255540665673
32170,0.22086192280284414
32171,0.1812589660977083
32172,0.18325964078486645
32173,0.1721002554688713
32174,0.19472701973312037
32175,0.17450090829876572
32176,0.13286960882517176
32177,0.18907041657541807
32178,0.1686087052012564
32179,0.23752852634879926
32180,0.2683919226749234
32181,0.23511875926469833
32182,0.29047969727428774
32183,0.21493872476218878
32184,0.16061385289552624
32185,0.19236839639693554
32186,0.19164588449047884
32187,0.18756796438671547
32188,0.21604647658331375
32189,0.19447612299681857
32190,0.1814902740834108
32191,0.312264144152389
32192,0.13520453975475552
32193,0.27116154319297775
32194,0.23594573843322922
32195,0.2576259755111322
32196,0.33035070772319963
32197,0.21414357544164847
32198,0.2243757642062949
32199,0.19941269976607467
32200,0.2421144808499002
32201,0.194895144229363
32202,0.2516958272426982
32203,0.20710635747982553
32204,0.29288669572098414
32205,0.1725559955520531
32206,0.19577341389292613
32207,0.19481018306822076
32208,0.21421220085308257
32209,0.2560368473034829
32210,0.16033136203290424
32211,0.1775490036422784
32212,0.17644366111696322
32213,0.1588489357424022
32214,0.215987767575799
32215,0.20475273827713675
32216,0.1689041236305885
32217,0.29998851722574665
32218,0.20753455640844595
32219,0.23578339234322165
32220,0.14333741260766453
32221,0.16420529957756907
32222,0.19334426203642135
32223,0.18318115206572944
32224,0.2756099860798577
32225,0.22920930914329884
32226,0.277137347344342
32227,0.1683407655836258
32228,0.2609269976101609
32229,0.18746496389860293
32230,0.17326230387741634
32231,0.21677659286148174
32232,0.24791036851610304
32233,0.21439341141079388
32234,0.21680067093126967
32235,0.23636395162257393
32236,0.2856370506716967
32237,0.2795400935910601
32238,0.18434282999787327
32239,0.14539502728122689
32240,0.17796939118025495
32241,0.2704082805840422
32242,0.31360506184239834
32243,0.20934577344252744
32244,0.16338761708393318
32245,0.19018174683120379
32246,0.19731157906319605
32247,0.2266790753104181
32248,0.16084550628004188
32249,0.16892654832640921
32250,0.18538373538420824
32251,0.24166197043408924
32252,0.17990914187364127
32253,0.19787048828844597
32254,0.18465702504538276
32255,0.21252002173635212
32256,0.1792993624172448
32257,0.3227375167173087
32258,0.25544996420425425
32259,0.23537638442431397
32260,0.18109318286753281
32261,0.185441002069099
32262,0.15843972072149567
32263,0.2125681687134562
32264,0.23091770247324925
32265,0.22466399742267687
32266,0.20956444224401424
32267,0.24645526782291569
32268,0.2666383975514982
32269,0.15174622924254857
32270,0.17995832761665015
32271,0.2113200260726555
32272,0.29780059919071333
32273,0.2766361397756918
32274,0.15921511661495868
32275,0.19393884557596663
32276,0.2166422351138438
32277,0.1900506609343402
32278,0.3049851162065239
32279,0.18846187601553083
32280,0.30376892805694605
32281,0.27181898962101436
32282,0.1477352281255454
32283,0.16377836918457941
32284,0.16911057564088414
32285,0.19696301873752536
32286,0.22258108110722294
32287,0.18393575316572658
32288,0.23856992591398574
32289,0.17060088635065834
32290,0.20224315009320545
32291,0.23144163682211003
32292,0.23690573746668775
32293,0.21775854988878948
32294,0.1805230652871079
32295,0.23719497838583475
32296,0.2060650484175194
32297,0.2066597803858766
32298,0.17101899667537743
32299,0.19087609674730896
32300,0.21313952024647737
32301,0.19447840491058202
32302,0.1741387892981683
32303,0.1933483779274279
32304,0.30463008767521443
32305,0.28338195110007985
32306,0.24523204251085867
32307,0.16171294579484846
32308,0.1994958978301441
32309,0.17392233415231007
32310,0.16062106091240966
32311,0.18506905384558048
32312,0.19114128314201909
32313,0.3083242236656536
32314,0.21243657072182218
32315,0.17301145119656308
32316,0.2504101677825266
32317,0.221570758975634
32318,0.19489367391999143
32319,0.2344065439174946
32320,0.17639547133577005
32321,0.1552197728512003
32322,0.217140438107781
32323,0.2154345743973383
32324,0.17768882845654865
32325,0.2675020672714218
32326,0.1990719174039583
32327,0.24925632593129052
32328,0.30356444539246785
32329,0.3135437615223344
32330,0.17023134786823146
32331,0.182876258616248
32332,0.16208770680617537
32333,0.22464078641870583
32334,0.17791937850629438
32335,0.19474587290001125
32336,0.17932560740490205
32337,0.2864655535277386
32338,0.17781910010517218
32339,0.22211619170137006
32340,0.30920354816973455
32341,0.2702345065978169
32342,0.2181875143048561
32343,0.2544445855845756
32344,0.20032608761634202
32345,0.1677145505462132
32346,0.21937728269195678
32347,0.23821238779890613
32348,0.15632946396456887
32349,0.25930054474825176
32350,0.14741913808142637
32351,0.19158901075841783
32352,0.18353920739117371
32353,0.22742816349611805
32354,0.2094209621145876
32355,0.20373159619975734
32356,0.1929657960315739
32357,0.2005508272235328
32358,0.2835588888754474
32359,0.268560796971953
32360,0.21218324579746461
32361,0.18292463436334447
32362,0.23389781713276206
32363,0.2356518843908412
32364,0.25867687385907007
32365,0.2796146427524512
32366,0.17813899775337233
32367,0.2369332618634787
32368,0.2777278452399681
32369,0.1617134454171327
32370,0.15370064719673812
32371,0.18239189480424908
32372,0.18648910100618546
32373,0.2778209727978381
32374,0.19221487884076432
32375,0.16201702172538887
32376,0.17528480202167615
32377,0.29781373173225284
32378,0.2670697199207903
32379,0.17562734498656782
32380,0.18627995300671443
32381,0.181622731642329
32382,0.22191831854662905
32383,0.23103282451784574
32384,0.23763948735211937
32385,0.1686668252726329
32386,0.17653729661765646
32387,0.2511043659373055
32388,0.15568776356063574
32389,0.24238766746349572
32390,0.17666898226230085
32391,0.2869234978829083
32392,0.2060152439915578
32393,0.16286820353853598
32394,0.19397312489507698
32395,0.16554352671506012
32396,0.23715690291777553
32397,0.1988347578203417
32398,0.1910501545806997
32399,0.13253160986534815
32400,0.19362399779175876
32401,0.2203409684591008
32402,0.2867531785915204
32403,0.19271690181947013
32404,0.1832473795476611
32405,0.15923964699264032
32406,0.21891541779515777
32407,0.317059872376737
32408,0.18744701804822267
32409,0.23368957821203368
32410,0.22951047504121744
32411,0.22971961684007716
32412,0.23334130331971617
32413,0.27810685991583795
32414,0.2382484046088618
32415,0.17492669046015383
32416,0.17878733399998295
32417,0.1550767619788798
32418,0.2596031833628954
32419,0.2647042976774767
32420,0.16928458747602335
32421,0.2537377389675227
32422,0.2410217396335139
32423,0.2425595676147394
32424,0.27756473378026275
32425,0.22498318510934154
32426,0.1977031752121134
32427,0.18447893629704254
32428,0.1887818514961129
32429,0.17373412390674248
32430,0.22235690776623984
32431,0.3162848870796309
32432,0.23247361888022142
32433,0.2770193281192647
32434,0.23823007677036612
32435,0.2591916415937214
32436,0.18364900588557506
32437,0.17955882426352507
32438,0.2353076173039022
32439,0.17906657598907738
32440,0.1736217020171155
32441,0.23745348229582094
32442,0.3510833854991807
32443,0.2873437065045875
32444,0.2119635932692954
32445,0.22934060489835556
32446,0.18319903630097317
32447,0.16542351512210085
32448,0.18972958526669279
32449,0.1629717146200845
32450,0.22211026621956556
32451,0.24973881526169134
32452,0.12010889497306172
32453,0.22078011342874507
32454,0.1678641333359151
32455,0.13985675307140757
32456,0.21978114162822454
32457,0.12818301626660747
32458,0.21465208756199425
32459,0.18450175575766586
32460,0.16376288979444836
32461,0.17831417253319676
32462,0.15917480700123432
32463,0.2380498192130161
32464,0.19519802633322025
32465,0.22424177351613597
32466,0.20024632010687718
32467,0.18511519639105573
32468,0.15843299159367835
32469,0.1917347639088237
32470,0.2692994154506272
32471,0.20155360993981994
32472,0.1772614426280461
32473,0.15255773935987546
32474,0.13371285865347426
32475,0.25920480463080575
32476,0.22474258134446384
32477,0.22891175229373217
32478,0.2790151843520272
32479,0.18111065085884956
32480,0.18340249093814545
32481,0.1871104780042135
32482,0.22115417741369675
32483,0.28508223725515885
32484,0.19639081785523474
32485,0.2374495961257652
32486,0.19827091468048647
32487,0.16383796110919602
32488,0.17682656828963125
32489,0.19560491950623693
32490,0.18810981885441766
32491,0.19050046397939077
32492,0.20560891426545325
32493,0.25589770858024796
32494,0.24159663813475812
32495,0.2211237658926254
32496,0.24962876740528533
32497,0.17024042033660564
32498,0.18808672341565608
32499,0.2390333463292099
32500,0.27678345503499185
32501,0.2849745366539909
32502,0.18418790254584722
32503,0.1747225639673735
32504,0.1957545868488179
32505,0.16962573219342034
32506,0.17852880920769804
32507,0.1294343219362301
32508,0.2417914738980924
32509,0.20184822225512383
32510,0.18523971234728126
32511,0.19051500013196104
32512,0.26692241049257837
32513,0.20991656942516823
32514,0.26648665133105276
32515,0.18558080962400628
32516,0.22049276264721343
32517,0.26662930347807656
32518,0.22414459739219023
32519,0.21931697210618545
32520,0.18933239984734887
32521,0.2578995461903184
32522,0.2993335331115412
32523,0.19864210569090454
32524,0.2665421056892091
32525,0.16545975629297108
32526,0.18153855822571177
32527,0.17045674888808068
32528,0.20090365896869197
32529,0.18978800258106893
32530,0.20446985154547132
32531,0.21695189039416873
32532,0.17973590697469588
32533,0.294623523723995
32534,0.19258204671464033
32535,0.1505756315964146
32536,0.17176868782259558
32537,0.160380766682394
32538,0.1896896033611554
32539,0.1763557082052032
32540,0.16734846957167643
32541,0.16298424385310867
32542,0.13766013239839311
32543,0.18102487791194366
32544,0.27849389421918624
32545,0.15781181353629292
32546,0.19711503990484108
32547,0.2159566964934794
32548,0.16081358199700874
32549,0.2581119481074426
32550,0.1915717698056115
32551,0.27576985236343393
32552,0.16693619040526794
32553,0.1718162203169541
32554,0.2001146768531088
32555,0.16545697605002982
32556,0.22433608163402488
32557,0.28711362176189464
32558,0.308334882403222
32559,0.23858261691881316
32560,0.35154742643764914
32561,0.1573518893394455
32562,0.24976448516930422
32563,0.23733937483576398
32564,0.22620901922071876
32565,0.3134515541254084
32566,0.18334614153412576
32567,0.24852568828030955
32568,0.2065495322738277
32569,0.24054523273139986
32570,0.15395934990346702
32571,0.17137298325788186
32572,0.25591407659819815
32573,0.1853065964345416
32574,0.14756468523105076
32575,0.27016558055665074
32576,0.1934569203575314
32577,0.23759894841036913
32578,0.16824631398741308
32579,0.19865976095924498
32580,0.26073429710393287
32581,0.12350852892809273
32582,0.19179994943347708
32583,0.22835917351704424
32584,0.19780190571631348
32585,0.21699244375831628
32586,0.18422873773094278
32587,0.18360486076173338
32588,0.1942597484480182
32589,0.20525290052610995
32590,0.19186017969568295
32591,0.18594299818297658
32592,0.23436230038116893
32593,0.2025714382656352
32594,0.1843670775063639
32595,0.17330821344597108
32596,0.2115205671536946
32597,0.12880734591030213
32598,0.18877549065327887
32599,0.24682306045090222
32600,0.20799924903952438
32601,0.1983115498240702
32602,0.18307110508340257
32603,0.1688786165832105
32604,0.17802734627682237
32605,0.18929625026122104
32606,0.2637728462631639
32607,0.20448996759261764
32608,0.17671684237512836
32609,0.24288024269497427
32610,0.18756184933188308
32611,0.25515112494974873
32612,0.18086861067226823
32613,0.13667387511406254
32614,0.16946953498360215
32615,0.1931059549291566
32616,0.2955656442113765
32617,0.3404418588707583
32618,0.18221623540816764
32619,0.2727548250640646
32620,0.2537508371952205
32621,0.20409111991886644
32622,0.2226616914690708
32623,0.2609705478523
32624,0.18991597318523684
32625,0.20564129933872674
32626,0.2654747758006403
32627,0.25661879756820466
32628,0.18296059690641212
32629,0.21943495196682808
32630,0.21787702975628429
32631,0.2181570931909688
32632,0.29355142060273187
32633,0.15779908753069094
32634,0.19171642991987287
32635,0.19938607435961114
32636,0.1762497264784165
32637,0.2552918115680699
32638,0.19037062408684582
32639,0.2268424501110303
32640,0.23635912602353784
32641,0.17086919147822666
32642,0.21109824085123396
32643,0.2398282920379794
32644,0.2969455067104157
32645,0.24073661605858845
32646,0.24175638132782168
32647,0.17508689166936597
32648,0.24567683057051892
32649,0.1634498988397776
32650,0.14381317384902234
32651,0.2230420079712591
32652,0.19521603035232904
32653,0.2589146156545705
32654,0.16237242109700825
32655,0.2446340027079431
32656,0.24929819481530097
32657,0.23875899124958644
32658,0.28462129335354547
32659,0.18008277345449128
32660,0.26327082241830524
32661,0.2099922431940409
32662,0.18281057809204096
32663,0.16043520626143526
32664,0.1752493257393004
32665,0.22305693595174172
32666,0.23071440334514887
32667,0.25638865404117267
32668,0.27411896885340126
32669,0.25878622130698853
32670,0.17273071470014675
32671,0.17394884752651316
32672,0.17404480093143718
32673,0.15557018610730455
32674,0.24586931200399167
32675,0.22960811295512243
32676,0.2452887465727101
32677,0.2448389763012673
32678,0.17951087123269438
32679,0.22561818400758785
32680,0.2080079615986669
32681,0.15406557478537056
32682,0.1600847254582239
32683,0.31798583546172143
32684,0.18958582038360253
32685,0.20430921141184036
32686,0.21967129515918585
32687,0.15985347672781566
32688,0.18125205532986957
32689,0.12483835337285187
32690,0.16430574117292968
32691,0.18149801042920802
32692,0.195015285253279
32693,0.17427835877392298
32694,0.13664964815360225
32695,0.16060315440464767
32696,0.27531787036675803
32697,0.2147648588669243
32698,0.269630122146744
32699,0.18594852488776673
32700,0.19816811657067032
32701,0.1813682695898255
32702,0.1750793638860545
32703,0.15780811492969404
32704,0.19763326609998352
32705,0.19182990466145622
32706,0.19406741581139172
32707,0.2336791010044487
32708,0.21466049640415663
32709,0.21847178592406327
32710,0.2703186919794424
32711,0.24412772742177752
32712,0.22025727086596972
32713,0.1789100647974356
32714,0.21388521940781977
32715,0.2682256445302444
32716,0.1941574623079894
32717,0.27487609553413384
32718,0.15814813169423497
32719,0.30262055858876213
32720,0.2456220826558282
32721,0.24362114418567418
32722,0.25514257147009695
32723,0.31097834729081786
32724,0.17739217497266743
32725,0.2615281108823914
32726,0.23001186145196315
32727,0.17235125520930658
32728,0.23033883283715667
32729,0.3050371962857684
32730,0.1560939344389134
32731,0.1686855642507869
32732,0.2046628487739422
32733,0.2586435206674336
32734,0.3125696162989336
32735,0.18591519444054463
32736,0.18394963894042035
32737,0.22634260395890302
32738,0.17343173249700528
32739,0.16436932618503053
32740,0.15718256773987477
32741,0.25086878994276846
32742,0.13426383760417523
32743,0.1916185875187819
32744,0.21897534549894307
32745,0.19497788614607586
32746,0.1864206743022513
32747,0.2870236986337194
32748,0.23860133287680557
32749,0.18128967102292262
32750,0.189798720720149
32751,0.2533885781286088
32752,0.2161716436336098
32753,0.2002650805735856
32754,0.1501636182256638
32755,0.2760570728135479
32756,0.24618929470904058
32757,0.22604879815539974
32758,0.18013838988250355
32759,0.19947766322413168
32760,0.21623634070775374
32761,0.18988083559814697
32762,0.26829760242858286
32763,0.17235839055055927
32764,0.2246700127571179
32765,0.3422408423420506
32766,0.21354020543776714
32767,0.1973490658704693
32768,0.22088616537363048
32769,0.1581710590634796
32770,0.311569411177841
32771,0.20297268914040817
32772,0.23660589152729944
32773,0.28724343933686064
32774,0.15709813729515956
32775,0.20599523464371935
32776,0.24522256139718088
32777,0.1690558056024426
32778,0.23882393463425777
32779,0.24291202585521174
32780,0.23810112640238937
32781,0.20341125391043008
32782,0.22594962490950127
32783,0.2543174492498424
32784,0.2264234432439583
32785,0.2546690805790617
32786,0.24206977734911012
32787,0.1785871426740508
32788,0.2328292794432529
32789,0.30465955742123096
32790,0.1767550071893206
32791,0.1684169478095151
32792,0.22142499819763956
32793,0.16781981758964967
32794,0.17829670439447468
32795,0.18772991132909397
32796,0.18191957278093462
32797,0.2783387197055907
32798,0.16250196809400372
32799,0.18374309659687835
32800,0.1861272335818736
32801,0.17941767541906045
32802,0.17889827585391174
32803,0.17783681793204686
32804,0.3126286790055511
32805,0.17203478117513454
32806,0.21301748191682898
32807,0.22333353413077944
32808,0.2354756902376595
32809,0.15205462182970375
32810,0.28552220910437476
32811,0.17743465506945952
32812,0.21900782449501932
32813,0.2863489083961785
32814,0.2279099394972107
32815,0.25426135624233576
32816,0.21150322577385097
32817,0.14948983727212484
32818,0.22219931346811836
32819,0.23184057728766835
32820,0.27930534730484485
32821,0.27845965730126543
32822,0.27763675028642426
32823,0.21938231843952696
32824,0.28180199497617453
32825,0.21427030609961087
32826,0.18923732899329554
32827,0.3578144496040973
32828,0.19978566374388163
32829,0.22033019427818176
32830,0.17418440301201138
32831,0.17364207849397306
32832,0.20480617524255304
32833,0.16876684140651335
32834,0.2887900111438849
32835,0.16987862114390662
32836,0.27685686437026497
32837,0.2467203592698791
32838,0.1862799403479557
32839,0.18914233734865257
32840,0.20205361284935797
32841,0.24470952630333265
32842,0.19925612241680146
32843,0.20292631171860764
32844,0.16663397665352292
32845,0.22731013754114854
32846,0.1889483027023321
32847,0.23215143566022822
32848,0.26299599353169173
32849,0.2784216799390421
32850,0.1516698530661894
32851,0.17066185741041986
32852,0.2255943537921191
32853,0.20364941574242656
32854,0.2932856195497934
32855,0.25953101854898375
32856,0.24371643472706514
32857,0.20492848615853756
32858,0.171349810985249
32859,0.272076319107584
32860,0.2757396649420253
32861,0.2237370895086444
32862,0.19731176390541122
32863,0.245593195289685
32864,0.19779554123269677
32865,0.25195741335663174
32866,0.27652218607505624
32867,0.19588925730082063
32868,0.3057172649395002
32869,0.19110856825782147
32870,0.20420418098212234
32871,0.17192027921005404
32872,0.24651366313878437
32873,0.19093841501412498
32874,0.18110182821546988
32875,0.2662815062010751
32876,0.20771054738733838
32877,0.2152507041347271
32878,0.17440412019865628
32879,0.23310991382247462
32880,0.2568638063632126
32881,0.16703114507384986
32882,0.1702948231818604
32883,0.1872552495840349
32884,0.2721038155265868
32885,0.23403996330843896
32886,0.15355365958485961
32887,0.19955702071448422
32888,0.1715740179465804
32889,0.2369125278517471
32890,0.1465422011275029
32891,0.16354933257605045
32892,0.26324810637662194
32893,0.18780958473598933
32894,0.19174160191683484
32895,0.14976379297212467
32896,0.2388558416532533
32897,0.2616081302129107
32898,0.19722794255876067
32899,0.25694441883672103
32900,0.33888045688992013
32901,0.19806668929710425
32902,0.24400267418899657
32903,0.15063288839369204
32904,0.23646363857797176
32905,0.15319822182393456
32906,0.12684798847098025
32907,0.23444988153202995
32908,0.23275631852595416
32909,0.21424355837543213
32910,0.2194040626576536
32911,0.24621431911972297
32912,0.29049612459293433
32913,0.24381030988419458
32914,0.1794281433768056
32915,0.23010831474359977
32916,0.21732763295311322
32917,0.1705174014657361
32918,0.16806851844612455
32919,0.2555374191854126
32920,0.20924406514425312
32921,0.32500301181100283
32922,0.22958011116074378
32923,0.22946523565474056
32924,0.2282153634776933
32925,0.1679782913603815
32926,0.28337806592247544
32927,0.2517840871740156
32928,0.16449614222254655
32929,0.18318149801918054
32930,0.2911655844337376
32931,0.19191802287791992
32932,0.16310980976400757
32933,0.21677560611781574
32934,0.2363241581017116
32935,0.21919919238059118
32936,0.1610461421058097
32937,0.26564133602684864
32938,0.2696162974984899
32939,0.2616528506100703
32940,0.19109680084222835
32941,0.1585818373248615
32942,0.1857116674199362
32943,0.18956026556509134
32944,0.35959202957738545
32945,0.19447061425458467
32946,0.2108888967125337
32947,0.30225000337461344
32948,0.15828405362971593
32949,0.32379251857303387
32950,0.31102245041104226
32951,0.17342720004710427
32952,0.2445981969392593
32953,0.16912209867232328
32954,0.19378110630539347
32955,0.22289987881521536
32956,0.2584206635211768
32957,0.24136209828145685
32958,0.21174025535514537
32959,0.15884197504532646
32960,0.18285551836118885
32961,0.2522091145428851
32962,0.2018613293135206
32963,0.19070697994681368
32964,0.148505205750709
32965,0.2427503685221491
32966,0.22801792151361105
32967,0.17123457917009405
32968,0.22160158907011154
32969,0.21742403131059995
32970,0.15523665670566522
32971,0.15311150946892027
32972,0.20748966046010137
32973,0.23621509402410623
32974,0.24525036994565544
32975,0.18712529870159872
32976,0.1952963743487478
32977,0.14806838034331257
32978,0.16814247266822469
32979,0.176117517547535
32980,0.26742015398024127
32981,0.13522371931838542
32982,0.23711663294974084
32983,0.268065265424754
32984,0.22972465543345813
32985,0.17389627161415863
32986,0.2804948020352051
32987,0.18694862371530355
32988,0.21355018661302835
32989,0.21448633700615422
32990,0.17907557781723873
32991,0.20953440518863883
32992,0.20810702373532874
32993,0.2229085406726963
32994,0.1760037800866461
32995,0.22556076781325338
32996,0.16531695634106292
32997,0.2027252731225699
32998,0.2502118323560186
32999,0.1994235021535767
33000,0.21215228943689038
33001,0.23662239622779677
33002,0.18748887981693996
33003,0.2114932539827348
33004,0.24743145416849124
33005,0.2630082556952271
33006,0.15972407703923514
33007,0.2199141983611954
33008,0.1363706527046109
33009,0.22350021078607007
33010,0.30051630465912743
33011,0.19781401375787605
33012,0.15739640269511818
33013,0.18886267380485883
33014,0.22533575931788413
33015,0.19029274555746692
33016,0.23389518731423792
33017,0.22569895638212287
33018,0.18074050253627685
33019,0.25650613414038476
33020,0.2539236340670597
33021,0.2689407373417501
33022,0.1808956308498828
33023,0.26026117181664304
33024,0.2320832185497153
33025,0.18141983960984662
33026,0.23101157167100303
33027,0.18863339883116037
33028,0.21727527836008548
33029,0.18989787878149975
33030,0.1421845969645959
33031,0.16376612392589268
33032,0.24322844575221045
33033,0.29508748447309363
33034,0.26644296245073407
33035,0.26702314984128234
33036,0.2755635569076492
33037,0.3015083824944075
33038,0.2248274832198486
33039,0.17924054849379725
33040,0.24642177050935177
33041,0.18758989378622132
33042,0.20546809989660178
33043,0.2660391409770429
33044,0.16520113786489865
33045,0.1804284525887764
33046,0.1807189120502688
33047,0.27494856550754193
33048,0.1828896321869204
33049,0.19513596667687513
33050,0.2267441600109657
33051,0.22390408379604318
33052,0.15163431642605504
33053,0.24916092703593215
33054,0.20166152001103185
33055,0.14504207414939949
33056,0.25088473779398246
33057,0.15806775064238357
33058,0.1708292513026576
33059,0.22919545613979297
33060,0.22713193712455226
33061,0.28951753825693505
33062,0.24174391918006372
33063,0.18756877006310232
33064,0.18684447369058443
33065,0.16725533104943804
33066,0.2096394882361702
33067,0.20098273863902463
33068,0.19964171339707992
33069,0.1910133657421153
33070,0.19458139378465922
33071,0.2661140977807818
33072,0.29321387970570567
33073,0.262646342163934
33074,0.18380265902400286
33075,0.20532935602679167
33076,0.20917610198980072
33077,0.2798375576578959
33078,0.22450482633364974
33079,0.23268049212485742
33080,0.18696515159938162
33081,0.2388262379383278
33082,0.20299177902632595
33083,0.35645385922361056
33084,0.17929973419535541
33085,0.19106517997134326
33086,0.2525483771126268
33087,0.19890954061738747
33088,0.2049352112828627
33089,0.20809949370939404
33090,0.21987393521726234
33091,0.1907127553123213
33092,0.19181307769256314
33093,0.2242674642986797
33094,0.18702783055813174
33095,0.25162255564933184
33096,0.17374348449284388
33097,0.19564303042390407
33098,0.22100741336157637
33099,0.1829380237701591
33100,0.19203626825152725
33101,0.2215411634504965
33102,0.17760346807087082
33103,0.1997449254405556
33104,0.15618674210338634
33105,0.21490043382850257
33106,0.21109491038258843
33107,0.19218968163664996
33108,0.1997559917417936
33109,0.1689487888966294
33110,0.197496788484793
33111,0.22388458622643267
33112,0.21634436194959636
33113,0.2734900219320032
33114,0.27026615600363274
33115,0.25744700731581893
33116,0.18584591332259717
33117,0.20305448224750658
33118,0.19685565568154975
33119,0.24039992371447658
33120,0.1739814845050309
33121,0.1856370437936092
33122,0.2888935908164313
33123,0.33550787923283315
33124,0.1717715785674329
33125,0.20096982690342902
33126,0.2555371388117353
33127,0.18244237749273493
33128,0.21676086413406456
33129,0.17758726705127903
33130,0.19562271969771294
33131,0.1980955604606163
33132,0.251254369940412
33133,0.27560636289342905
33134,0.1799484618377532
33135,0.19167347963178089
33136,0.14695829306995295
33137,0.21452193561703403
33138,0.17626240334497786
33139,0.1843814718021751
33140,0.27607896576910795
33141,0.18798737467883375
33142,0.26035965179764026
33143,0.22208673820436506
33144,0.2609620820492358
33145,0.27486254602724425
33146,0.24995223159375832
33147,0.20375896674029395
33148,0.23334310309191855
33149,0.23702211488614322
33150,0.2618365013653954
33151,0.1948829679761242
33152,0.18182990949924188
33153,0.1624531440401392
33154,0.2595960365316892
33155,0.2261125353653325
33156,0.2760602984526298
33157,0.1571085687175877
33158,0.19696192175767366
33159,0.23676779797667544
33160,0.19911157039281016
33161,0.19853057207099226
33162,0.2917300227377111
33163,0.3050096067865377
33164,0.2596908976377384
33165,0.2831973321503645
33166,0.22562242710154756
33167,0.17720556917439464
33168,0.261821972694786
33169,0.17373312796479032
33170,0.24333313584594182
33171,0.20442323906266016
33172,0.2179082241975292
33173,0.22604625512260434
33174,0.25429758179878187
33175,0.1881596132504318
33176,0.32263679854844746
33177,0.24913975426865065
33178,0.16019069588006668
33179,0.15127440738997852
33180,0.20824332267456117
33181,0.13275281335485725
33182,0.18628670137548958
33183,0.27244986688303124
33184,0.19768043023236256
33185,0.18262741322177942
33186,0.17360790789615152
33187,0.2210212296366959
33188,0.1993544453311035
33189,0.18166106889723044
33190,0.21015015006409585
33191,0.2655984222790862
33192,0.2254692429598535
33193,0.20423250196619042
33194,0.2813542477694079
33195,0.1770995958249504
33196,0.16356217867833106
33197,0.27208836194297276
33198,0.26736658144051123
33199,0.3332720959176354
33200,0.19444369951120083
33201,0.28327050184830577
33202,0.1600295184148116
33203,0.16190340120143115
33204,0.20558656482604865
33205,0.23189034451288368
33206,0.19966826747688962
33207,0.1675434363920444
33208,0.15978260452409926
33209,0.1780253713222678
33210,0.23245566927140068
33211,0.18476420777668212
33212,0.150822544988522
33213,0.16404471730135875
33214,0.16922166355101873
33215,0.20836537957605675
33216,0.1801434071159627
33217,0.2707555123167987
33218,0.1653494730684399
33219,0.2076087106175579
33220,0.23462746300165016
33221,0.21859434170468375
33222,0.25965491814065655
33223,0.19021969250191784
33224,0.26893005575467704
33225,0.1598385660283626
33226,0.20247040063961247
33227,0.2053137111662961
33228,0.1975993387624143
33229,0.192003294816708
33230,0.29965133943743133
33231,0.16247600635240775
33232,0.20167499078021994
33233,0.26929318257164775
33234,0.188050110862045
33235,0.2246850347505531
33236,0.20158697119976016
33237,0.28628899202678326
33238,0.18029242937137224
33239,0.17225785285023715
33240,0.229697339677862
33241,0.23174928505094594
33242,0.28094318930827583
33243,0.2908537535043785
33244,0.24368836266924734
33245,0.21111133044303176
33246,0.2530343081482866
33247,0.22999084699984976
33248,0.19321931052097793
33249,0.27933818406566163
33250,0.17815175086427712
33251,0.2449062185832951
33252,0.2001755860992157
33253,0.1795713125825942
33254,0.2689517503920289
33255,0.257273692796046
33256,0.17848134570087296
33257,0.15997592293977878
33258,0.31563706575978745
33259,0.22836606082822794
33260,0.18526082655188136
33261,0.198754112055287
33262,0.20712352599437267
33263,0.2541684791121589
33264,0.24367041986737217
33265,0.2341758808081837
33266,0.18967795648773836
33267,0.23341271447961756
33268,0.2006087894944849
33269,0.20633236288026513
33270,0.2669963815213618
33271,0.16445007203482287
33272,0.2512660764606762
33273,0.21835233956791714
33274,0.20168183029068648
33275,0.16936693168518813
33276,0.15168577724446344
33277,0.28509069971752576
33278,0.24290753899892098
33279,0.28093212819772667
33280,0.22728564053069605
33281,0.17790538872788686
33282,0.18274657903809102
33283,0.19146968934436376
33284,0.14791809890182533
33285,0.17501114532701675
33286,0.17260861598387847
33287,0.3433265885113203
33288,0.17453006119605324
33289,0.2183665733176236
33290,0.2206555602958249
33291,0.1731190915643606
33292,0.3266137455131935
33293,0.27057465264589853
33294,0.25289029178845557
33295,0.21412522518187455
33296,0.25081334538644784
33297,0.19659620887616447
33298,0.23496542812899826
33299,0.16435084894248714
33300,0.19056244490741836
33301,0.18092889159863967
33302,0.20407651609946953
33303,0.22714900918168648
33304,0.2071029206047822
33305,0.285806771203744
33306,0.24305192328328307
33307,0.23842425302511266
33308,0.1819681313777767
33309,0.24329501795272082
33310,0.15896757981071918
33311,0.21052680051288067
33312,0.1775796233772712
33313,0.2653493389808178
33314,0.17481789047091442
33315,0.2607331758915594
33316,0.311296845441621
33317,0.24045608905695737
33318,0.16802140135876129
33319,0.2185986558124032
33320,0.30541810449400725
33321,0.230974386173284
33322,0.23151321967892993
33323,0.18697109932553505
33324,0.2450707646047758
33325,0.27106968863373543
33326,0.18748046695678983
33327,0.3006588200898386
33328,0.18046673697449492
33329,0.22861229426706772
33330,0.22043414609788584
33331,0.17088568896176917
33332,0.2129309459056825
33333,0.2597844221186947
33334,0.18548926462901671
33335,0.2862919831851064
33336,0.2847552617029272
33337,0.17578452513217055
33338,0.18384973537793453
33339,0.17121114072813928
33340,0.18930449041391956
33341,0.2413875744572853
33342,0.2546504162714731
33343,0.24411700017285587
33344,0.16307516552813694
33345,0.23182968136533252
33346,0.21841838660283083
33347,0.20852164140743878
33348,0.26728010164432564
33349,0.19166663482369728
33350,0.2188611218251669
33351,0.1655302031152478
33352,0.16075510406739643
33353,0.1729196471001967
33354,0.27272278630259406
33355,0.27115480090527994
33356,0.17812886897619815
33357,0.2169404961781194
33358,0.20415902929839466
33359,0.19597995225901912
33360,0.27000585504359154
33361,0.17903780855706908
33362,0.2507844889039696
33363,0.19851232991702147
33364,0.17964350152362596
33365,0.18741822324865215
33366,0.247815557020268
33367,0.26637846830949136
33368,0.26041400785269386
33369,0.227698234639426
33370,0.2796135399063242
33371,0.17460827305734278
33372,0.18520592474969003
33373,0.15589231433684872
33374,0.3118026777370146
33375,0.1668408655443018
33376,0.26756745384964825
33377,0.1726287356009702
33378,0.2777396447298631
33379,0.21746593351665922
33380,0.19882692563213628
33381,0.21822356531212656
33382,0.3031363281785734
33383,0.2070093521021133
33384,0.23690715450913122
33385,0.1738128637666612
33386,0.21945959798657072
33387,0.1992437873636527
33388,0.18056655554353016
33389,0.1683974575160267
33390,0.2575406978814038
33391,0.2522592298242594
33392,0.20947898952509866
33393,0.19278843825391156
33394,0.19645701536722676
33395,0.2714635332039842
33396,0.19062195272634597
33397,0.221358846286415
33398,0.18737262309742353
33399,0.333281107312422
33400,0.15731649179600143
33401,0.27755791590702017
33402,0.31139879473708065
33403,0.158454361005841
33404,0.2158105884388981
33405,0.17362559117594992
33406,0.28521582861959655
33407,0.20270628797231516
33408,0.3165529053695937
33409,0.17922447987807757
33410,0.150547564888006
33411,0.15505615621272312
33412,0.23934391964405052
33413,0.17115880898432098
33414,0.2122564794573446
33415,0.20235433277554055
33416,0.1674029199018722
33417,0.3086332027032221
33418,0.23987209796436695
33419,0.24091256611489822
33420,0.2306729600028602
33421,0.17390427906081565
33422,0.19527976707224223
33423,0.30296116220821706
33424,0.18082655832601102
33425,0.2360636952579691
33426,0.19455058182330157
33427,0.21789840499254204
33428,0.26951113516809344
33429,0.2279837544035364
33430,0.2678873219960089
33431,0.27515622973150444
33432,0.2972592219478033
33433,0.21503218289111703
33434,0.2327348612138792
33435,0.336523719739988
33436,0.2724886701635432
33437,0.23277941160163892
33438,0.2620044130886192
33439,0.1550035331632785
33440,0.2764720486551973
33441,0.18837350631462751
33442,0.2819368823556849
33443,0.2736539135803724
33444,0.27411283789207513
33445,0.26292926797440286
33446,0.19590053684166
33447,0.15117504518509817
33448,0.20219194214916592
33449,0.3028818838422215
33450,0.2049528793002597
33451,0.28705485491409893
33452,0.19563165252058584
33453,0.1692036894977477
33454,0.18627618710736427
33455,0.19703190824458722
33456,0.19691076763995838
33457,0.15043758564516083
33458,0.1794727384297763
33459,0.1692687895342285
33460,0.2759028748940562
33461,0.17183409119113968
33462,0.2141287887251686
33463,0.25880042879212517
33464,0.28502519749768834
33465,0.17067149442551702
33466,0.1562904135189621
33467,0.2304169586653991
33468,0.19737855469383925
33469,0.17788092708925263
33470,0.23429501625324048
33471,0.17443309076063515
33472,0.18441841889183117
33473,0.23227125818357205
33474,0.19672240326003865
33475,0.22576688913420212
33476,0.18927147754063425
33477,0.40360820003361725
33478,0.21798736038112865
33479,0.29244336977852226
33480,0.2518162294828712
33481,0.30492741663515605
33482,0.24547072444674423
33483,0.1912412026314964
33484,0.19819569534052214
33485,0.1674519949889196
33486,0.2679575296478031
33487,0.2084520057709506
33488,0.20061472143914166
33489,0.2207714415309712
33490,0.23914591180881006
33491,0.21337081704093216
33492,0.1774057291388212
33493,0.1751496398813087
33494,0.17740023904734264
33495,0.18245946822501175
33496,0.2776806942222487
33497,0.1798250030001887
33498,0.27555023229602704
33499,0.14717416845743053
33500,0.23853731725609362
33501,0.1938866456404957
33502,0.20717669985235923
33503,0.1795110831912439
33504,0.21170384742810427
33505,0.2913912166854985
33506,0.17921057609659352
33507,0.18888078007279802
33508,0.16013541509173276
33509,0.257083770149946
33510,0.21789613060146693
33511,0.21687693458948756
33512,0.22885964613269855
33513,0.16985887381600395
33514,0.19107164484602948
33515,0.20218895022072467
33516,0.27558165355477376
33517,0.21523064561242364
33518,0.22827736988840702
33519,0.1522210394141071
33520,0.1662332022481487
33521,0.23774205884731858
33522,0.19613179459486202
33523,0.19735522132962202
33524,0.19496443058668142
33525,0.24113520576149625
33526,0.24943016856521844
33527,0.22978960810685284
33528,0.21374750397376935
33529,0.2631072845710521
33530,0.3403173284816416
33531,0.2467901093909166
33532,0.25788848159142636
33533,0.15958929707159564
33534,0.2587330382360987
33535,0.27649294804374097
33536,0.18186191179963934
33537,0.1689484295958824
33538,0.21738210913649053
33539,0.21290060660194013
33540,0.20318053425706528
33541,0.21898719357121446
33542,0.186785009040008
33543,0.29506380683567285
33544,0.27906516593211966
33545,0.21247372230581527
33546,0.1442245634533513
33547,0.15161936783691451
33548,0.2392279417999793
33549,0.22370649324207162
33550,0.3207727993444586
33551,0.19594602391533297
33552,0.1776377547323708
33553,0.18459664095331527
33554,0.1589923263644922
33555,0.19290600375458994
33556,0.17375967634330539
33557,0.27447496748356043
33558,0.29175278106426455
33559,0.22004184711497085
33560,0.18499541262806227
33561,0.21599963434112787
33562,0.19379255958342914
33563,0.2435186240608491
33564,0.17491203241361153
33565,0.44705559305330334
33566,0.2234189986118541
33567,0.3409033009396967
33568,0.16388844421871146
33569,0.21426549085566074
33570,0.2619802395751149
33571,0.17294862953461035
33572,0.244688096430667
33573,0.22096118911335405
33574,0.1795576207823701
33575,0.2866516873051022
33576,0.2258931056735171
33577,0.16840129205514645
33578,0.27728636260818307
33579,0.18383992797707888
33580,0.26120576072490204
33581,0.18606483549530142
33582,0.26747202588606195
33583,0.26208961656830704
33584,0.17887265364283042
33585,0.2558111886920293
33586,0.1920207645131108
33587,0.17280241122450515
33588,0.17135064813829168
33589,0.19937988734362835
33590,0.2115916193754107
33591,0.20160908843057485
33592,0.3291633858080607
33593,0.20971363237939042
33594,0.3134373988850489
33595,0.19476894464372946
33596,0.16461060798807978
33597,0.2664922551637287
33598,0.26974577629708174
33599,0.2739075432417551
33600,0.14858828900038393
33601,0.2138469514999655
33602,0.27442723872293306
33603,0.19606604303376038
33604,0.19423199403287283
33605,0.1624683343671553
33606,0.21361569847114548
33607,0.18812850011804236
33608,0.16109674524139078
33609,0.22455513710438857
33610,0.1881935051328575
33611,0.3693188446770374
33612,0.19483909792961168
33613,0.2756378295807399
33614,0.2930515426414009
33615,0.21073154559840368
33616,0.28951692561449904
33617,0.1601538215643802
33618,0.17864349274890085
33619,0.19453043340943488
33620,0.1966577000501794
33621,0.22437698716108787
33622,0.25074525271165327
33623,0.1667589134028572
33624,0.24213152416405911
33625,0.24366239667863143
33626,0.15894978464556053
33627,0.2492332081987923
33628,0.3271570704999877
33629,0.21987644494261477
33630,0.15530093256677263
33631,0.16004908318451544
33632,0.21077643156212225
33633,0.18702057324897292
33634,0.19715804026094846
33635,0.209767647300229
33636,0.25775877649384765
33637,0.2060392447283343
33638,0.2525122487521391
33639,0.2086148197570545
33640,0.1628308493848355
33641,0.20269956831588726
33642,0.26679756284720785
33643,0.24711650946237537
33644,0.1963252470621725
33645,0.18429955031746373
33646,0.24625362916849625
33647,0.22489184464337417
33648,0.19781582464465897
33649,0.2192958278337854
33650,0.22850610301660748
33651,0.23607136685216978
33652,0.22604350922687508
33653,0.2009405752084684
33654,0.20559266908019003
33655,0.23704507263567579
33656,0.2961993609609572
33657,0.2301435059548801
33658,0.22320717026366585
33659,0.3076342538402509
33660,0.2554899123007242
33661,0.18996115740662678
33662,0.1765708453737869
33663,0.29027727006810966
33664,0.19048147669924392
33665,0.18450213091808673
33666,0.193848808415804
33667,0.21317775958657617
33668,0.1565173927722301
33669,0.24477126703152247
33670,0.2146547022269153
33671,0.2146766654215195
33672,0.17993371720849585
33673,0.2817120415367401
33674,0.1745116518024266
33675,0.23824781226059785
33676,0.2027490701361635
33677,0.17841143746809363
33678,0.23555782391657668
33679,0.217735670988944
33680,0.22905360864827706
33681,0.17988324802073777
33682,0.2590876894683223
33683,0.1743787310844028
33684,0.2736716929835827
33685,0.2613140243940085
33686,0.17927884692152163
33687,0.20385251269039378
33688,0.1754904408543394
33689,0.2309400343573321
33690,0.1652858653352283
33691,0.19651969831493055
33692,0.21057022141882037
33693,0.22942142911714725
33694,0.22110362336958306
33695,0.19924895921502234
33696,0.21783773853252922
33697,0.28748128647027954
33698,0.18526807707821852
33699,0.16700696665622228
33700,0.2185631715668848
33701,0.2693359635575877
33702,0.2536029124359389
33703,0.18906578318696313
33704,0.20448268834242458
33705,0.21339678394491812
33706,0.26958126657698567
33707,0.23548337662557425
33708,0.19565607430076631
33709,0.20303879676902173
33710,0.1965204257336428
33711,0.15279280825457495
33712,0.2885835293114163
33713,0.18983791254342308
33714,0.19894610548355923
33715,0.22275914217346915
33716,0.18187266308717273
33717,0.18442230691739134
33718,0.17865571745024678
33719,0.2366719033531427
33720,0.18985894615220747
33721,0.2586087733383617
33722,0.1735554464619884
33723,0.19999876671891598
33724,0.285542077013865
33725,0.20104202894775125
33726,0.19662548266903712
33727,0.1538862885710606
33728,0.2558964822330976
33729,0.25218503508418405
33730,0.1779546994543236
33731,0.14870882124636933
33732,0.17064090513368857
33733,0.2631044601844335
33734,0.1882832948655264
33735,0.18290521517492386
33736,0.18482633996009257
33737,0.23948396321614665
33738,0.19692515788512666
33739,0.17962268272551976
33740,0.19138612906596236
33741,0.2664461777863193
33742,0.19755842823312839
33743,0.1508403336680869
33744,0.26438353751718846
33745,0.1728662209524133
33746,0.18750751951187805
33747,0.18685967206497928
33748,0.2672314579555005
33749,0.18251733631067094
33750,0.2690439252936019
33751,0.23083828330412565
33752,0.15376999177853062
33753,0.14553147318128443
33754,0.23167782514086785
33755,0.2700175743422814
33756,0.19750173858105602
33757,0.2866425879068479
33758,0.200544792535327
33759,0.19135613962241518
33760,0.2706627236198182
33761,0.17056009662619043
33762,0.24733992935458243
33763,0.24902825137587908
33764,0.29783515944354155
33765,0.20153493843979628
33766,0.18558124600018233
33767,0.18519739292041298
33768,0.23040422958618703
33769,0.18671916587405502
33770,0.17510720152746764
33771,0.18510459996099937
33772,0.1855348223828552
33773,0.16260960061198407
33774,0.22912839341672503
33775,0.18229393302329103
33776,0.1858078147525136
33777,0.1739193058732785
33778,0.17912445712034522
33779,0.18295239231158217
33780,0.2523161278231511
33781,0.18873506151632147
33782,0.2436202796609029
33783,0.20228959661292653
33784,0.24656662798532225
33785,0.27096974869369345
33786,0.19372204568066603
33787,0.1895627969256844
33788,0.16998526401689745
33789,0.1766177008372413
33790,0.2460260044746594
33791,0.18193895631824447
33792,0.2407211652470011
33793,0.2095512130710482
33794,0.2238002632835665
33795,0.20792036195338603
33796,0.18497495095070593
33797,0.19121303610991414
33798,0.32020010438180846
33799,0.14977077595964283
33800,0.2527586916908461
33801,0.18211778586303592
33802,0.26930097702318045
33803,0.2534575852122511
33804,0.2983885969679634
33805,0.21380754105291133
33806,0.21454512656511152
33807,0.2574646492794656
33808,0.25689915468065655
33809,0.18459646772978097
33810,0.2256030733116617
33811,0.18078185029378652
33812,0.22702218853575792
33813,0.17835189881069446
33814,0.1487044200265005
33815,0.20866258537741258
33816,0.16130959137654644
33817,0.22636905332337176
33818,0.17553409077348547
33819,0.1936336696874131
33820,0.1854071147716571
33821,0.17622224747166917
33822,0.15951585128025597
33823,0.17470200634745733
33824,0.24176058679336973
33825,0.23240211454032397
33826,0.2766559210322577
33827,0.1627169688219516
33828,0.28403660999623137
33829,0.18959861660688765
33830,0.179393902635017
33831,0.19637824085925007
33832,0.3123983932485
33833,0.2928781592951136
33834,0.1759270358891063
33835,0.2764779488746184
33836,0.21329911925567124
33837,0.25045155828546345
33838,0.20148370957276035
33839,0.1827593884513916
33840,0.1903332228319009
33841,0.2551736691917564
33842,0.2593811104718781
33843,0.252893635518741
33844,0.19099101544368696
33845,0.21694843418880297
33846,0.18309950486200868
33847,0.17904736789667142
33848,0.16374044673051416
33849,0.18405748794144933
33850,0.18339860473898234
33851,0.18796368022281645
33852,0.18528133723751544
33853,0.26383384002437277
33854,0.26645642740505093
33855,0.18354204121962575
33856,0.18104257368125068
33857,0.24265369726269775
33858,0.1945019050121548
33859,0.1524638866919603
33860,0.2940578848602782
33861,0.3149830167053232
33862,0.22637471914580895
33863,0.19030723787541717
33864,0.2516385773966309
33865,0.27511543388092374
33866,0.24333077640663636
33867,0.18607872780565546
33868,0.17567658097337469
33869,0.14067786613378333
33870,0.18885307964232884
33871,0.15083355808136292
33872,0.2694686068119659
33873,0.25609979043147946
33874,0.18389103605414747
33875,0.25881027458847244
33876,0.18483707342415395
33877,0.1895469719126616
33878,0.26124659865640115
33879,0.2059551728647638
33880,0.21690312830467914
33881,0.1599246792680492
33882,0.19379568800864727
33883,0.195496184667415
33884,0.22899055657181908
33885,0.16433042725902514
33886,0.2167622217005832
33887,0.2330468876582604
33888,0.22965194594049304
33889,0.17511269587435382
33890,0.1789512013860789
33891,0.1718248156162314
33892,0.19674019324157677
33893,0.3156086270456209
33894,0.2124326865638096
33895,0.18423061910676744
33896,0.2769053762635275
33897,0.23310808238300512
33898,0.24640656120066584
33899,0.19532566210990637
33900,0.19795086349138574
33901,0.1997980584460101
33902,0.2429453176654316
33903,0.1350667555571874
33904,0.1738657654051488
33905,0.25229019196987473
33906,0.1660227609746544
33907,0.30122455709616863
33908,0.18339853475256418
33909,0.20159991949790346
33910,0.2868524168854776
33911,0.1655102229261388
33912,0.17831460296588858
33913,0.1622680746514197
33914,0.20647793577513057
33915,0.14564915812502227
33916,0.1792137611732454
33917,0.2075779874204846
33918,0.32102493118220154
33919,0.2193318654518491
33920,0.17413403052250975
33921,0.17750249728524078
33922,0.21535599863066193
33923,0.2368711580250074
33924,0.2686089152507143
33925,0.22983424966604488
33926,0.3051018972688798
33927,0.248823346574092
33928,0.1878937288582408
33929,0.25303061057376264
33930,0.28476284394292123
33931,0.17754723546753579
33932,0.2382495771589881
33933,0.26258110230712417
33934,0.19996359857236573
33935,0.22600499762971699
33936,0.18164952758498834
33937,0.21214848420063417
33938,0.17747067555723983
33939,0.21331468582929272
33940,0.250710597434076
33941,0.20780399608092692
33942,0.1749593085837608
33943,0.27689970334147856
33944,0.1688264660433
33945,0.23603048244862468
33946,0.21966676220475534
33947,0.27023172625457714
33948,0.27518225015718467
33949,0.2113585761222045
33950,0.19419298830285128
33951,0.3058188113943254
33952,0.1744594823141821
33953,0.21195031053402905
33954,0.15269275879650165
33955,0.15620081487909024
33956,0.17136529251728916
33957,0.2371370305598762
33958,0.1684520893404198
33959,0.2389719886381885
33960,0.1938085783920535
33961,0.20397342919996347
33962,0.1781538057273188
33963,0.19208840656214782
33964,0.23853027884956787
33965,0.23973493927460526
33966,0.2091393132850996
33967,0.22617324505793687
33968,0.23170401271591617
33969,0.1553621150463921
33970,0.18590063954095573
33971,0.26741490829575043
33972,0.1855075807174442
33973,0.2479562153921432
33974,0.25599677269248244
33975,0.2194431835769179
33976,0.1842334531026617
33977,0.14530439648011026
33978,0.24227261355936883
33979,0.17480300850582867
33980,0.1744820686307748
33981,0.2817726002559266
33982,0.2580907529483904
33983,0.20702040934284155
33984,0.23786968566209274
33985,0.17531622869007552
33986,0.18968600610808864
33987,0.14445801247324747
33988,0.16444817801066045
33989,0.17448663941946865
33990,0.32150516626051745
33991,0.21996951916488927
33992,0.2634700422647543
33993,0.1957522918423084
33994,0.18582927673078076
33995,0.223993133085553
33996,0.17562712321606735
33997,0.23340905957304442
33998,0.28656676618320487
33999,0.2022537540043
34000,0.24837882551705145
34001,0.20071829961034562
34002,0.25128449128385033
34003,0.14442125397806949
34004,0.19963222408348183
34005,0.15753029612680353
34006,0.22479191168050494
34007,0.285320800164303
34008,0.2252731780075209
34009,0.2555614522352096
34010,0.22696495741279477
34011,0.14979206974400117
34012,0.24034772819516523
34013,0.1726923477124452
34014,0.2161654142850647
34015,0.28087180641768883
34016,0.19615904167134904
34017,0.2167057330049026
34018,0.16228968155660375
34019,0.18642928013505738
34020,0.157864003092817
34021,0.2618620404845026
34022,0.16979004744794043
34023,0.1331180847044844
34024,0.17725108637792386
34025,0.239858749824404
34026,0.2284214882264627
34027,0.261333847402509
34028,0.26254716450217347
34029,0.20260369757284633
34030,0.25921007897946663
34031,0.2894859058100222
34032,0.1997131204810497
34033,0.28834457436967964
34034,0.20606186890315029
34035,0.18287384523985456
34036,0.15992387396253474
34037,0.20395346014061072
34038,0.2515078071352061
34039,0.2978882103840126
34040,0.1434262511519354
34041,0.19446135764739356
34042,0.179783083632427
34043,0.19580629860048684
34044,0.23892490394658725
34045,0.3540768065513074
34046,0.2533162637724235
34047,0.14340025347703353
34048,0.17341704299438304
34049,0.19775722016567987
34050,0.20288004118311892
34051,0.2473901045012304
34052,0.2234660149216228
34053,0.21209353850310975
34054,0.19703866456333408
34055,0.22556094171088162
34056,0.25023669328725456
34057,0.25319791471110603
34058,0.21571007019579175
34059,0.1405555577778422
34060,0.2171407063822966
34061,0.18091178895359003
34062,0.16863827082271918
34063,0.18420820507303606
34064,0.29823063826162227
34065,0.16824462965797365
34066,0.3014606923952676
34067,0.1425322055624243
34068,0.14252446139804334
34069,0.31295520125461335
34070,0.1656520467802429
34071,0.19304893037492887
34072,0.1995781330783978
34073,0.18347792770006716
34074,0.19204594041256925
34075,0.200603918286036
34076,0.1678885658239625
34077,0.24229520630616178
34078,0.1607354131661464
34079,0.26455573261948884
34080,0.29864551360325753
34081,0.16042525448277853
34082,0.1645228498996658
34083,0.1524813464251904
34084,0.1834092394714904
34085,0.25995647404949773
34086,0.30218273807508866
34087,0.20415841230530318
34088,0.1603116420579385
34089,0.2785074349243697
34090,0.20089561756820842
34091,0.17907842654116699
34092,0.2889498608617289
34093,0.16077904318805847
34094,0.19585243325160007
34095,0.20341933832304973
34096,0.16481047779324615
34097,0.2381858059693635
34098,0.1794342269989695
34099,0.18538960026552417
34100,0.1909644592514441
34101,0.19361167771851137
34102,0.2666244872314383
34103,0.15605729396520196
34104,0.1881551809095934
34105,0.18506043277899903
34106,0.22734326124012125
34107,0.21498936360797863
34108,0.18048469098595565
34109,0.24479536985166025
34110,0.21779111701729564
34111,0.24058626673753392
34112,0.2762588448488148
34113,0.21102840978023832
34114,0.25580909526063705
34115,0.24340660058819996
34116,0.1834467307917233
34117,0.16757500983349236
34118,0.27260536858391765
34119,0.21031262052776345
34120,0.25041486244481265
34121,0.18739784639366236
34122,0.1839503359020566
34123,0.30167106468704946
34124,0.21670685628039557
34125,0.18435541472649852
34126,0.16888939841685835
34127,0.16433588168394528
34128,0.2378380804575997
34129,0.18426769329193604
34130,0.19330285962405025
34131,0.17985691700467402
34132,0.2744128156913777
34133,0.15797023316181555
34134,0.14876694359650722
34135,0.15413706348635345
34136,0.18787268713223831
34137,0.3004146064774704
34138,0.19542298540826647
34139,0.1890627382019581
34140,0.23985205654560748
34141,0.17993421783970995
34142,0.19039800820834799
34143,0.2364935342450276
34144,0.17988995180739625
34145,0.2907503766075617
34146,0.19172287005417601
34147,0.28096582692003613
34148,0.21546128156997427
34149,0.1965284265090909
34150,0.14715297952882195
34151,0.21742391762352542
34152,0.19675713718601714
34153,0.2593911749725569
34154,0.22747745744387582
34155,0.20792730386511216
34156,0.19695731477529396
34157,0.2732819124196186
34158,0.23480158582120444
34159,0.28011662119485425
34160,0.22990860987317027
34161,0.24573830397492102
34162,0.17294602056885375
34163,0.2308738282940339
34164,0.1866635763918513
34165,0.2530404323883741
34166,0.18357566669177822
34167,0.2482827250015838
34168,0.18783679771532222
34169,0.17674457091284984
34170,0.20236245418895366
34171,0.24691816682944218
34172,0.21886748350098756
34173,0.30147033432391934
34174,0.2342394946851347
34175,0.27378584887128776
34176,0.23868666387980933
34177,0.21386496559127718
34178,0.21543699298121521
34179,0.2852804118223857
34180,0.2683723978507151
34181,0.19379077089875454
34182,0.21159045433518764
34183,0.19965044633921358
34184,0.18100766034898708
34185,0.22209427108270444
34186,0.20044219426135812
34187,0.1752364206110878
34188,0.25822927770216436
34189,0.2626489387709904
34190,0.20732765177502088
34191,0.18973482797452895
34192,0.19481891318107028
34193,0.2693501351722003
34194,0.22942723545636462
34195,0.2424869633985719
34196,0.19224545540815186
34197,0.18523243214921087
34198,0.30118969306097293
34199,0.19102399999451922
34200,0.20920721952951873
34201,0.28250308061437535
34202,0.2280054663449791
34203,0.21806513604629277
34204,0.28234315869498366
34205,0.16023325842400488
34206,0.2695227971678404
34207,0.282452694353904
34208,0.21860563561442237
34209,0.212459341893071
34210,0.2741034850380255
34211,0.1715265076617905
34212,0.23552008999672389
34213,0.24806946347106565
34214,0.19965336456056731
34215,0.33399041510580896
34216,0.16098926738485017
34217,0.19318152482774426
34218,0.27832828058889053
34219,0.22820542294664917
34220,0.18402453750600445
34221,0.18770110257845257
34222,0.1760290494763499
34223,0.22666265921615797
34224,0.18109350084261863
34225,0.1961813856650757
34226,0.2512567763647633
34227,0.1686462835291392
34228,0.2247964365232004
34229,0.1809234013300682
34230,0.16902524410473624
34231,0.28843869050744064
34232,0.24226246163377213
34233,0.17430209915251624
34234,0.19599699507788074
34235,0.2558246591541138
34236,0.17811165905430074
34237,0.17174185394254787
34238,0.18424264669534574
34239,0.18517241903482476
34240,0.19779398748596347
34241,0.18237019561334786
34242,0.26574326341502713
34243,0.23551109373327767
34244,0.2689858014568308
34245,0.22831928236925955
34246,0.1658665167739906
34247,0.2737417562302409
34248,0.18227896221637238
34249,0.24707839608007615
34250,0.2282824884971782
34251,0.2543683156757562
34252,0.2639174884674934
34253,0.17861482660393466
34254,0.2214898457365198
34255,0.1471896367490068
34256,0.24110362994109633
34257,0.18549057304925007
34258,0.19798255265084666
34259,0.2805050580464977
34260,0.14397035032361155
34261,0.23057641789287345
34262,0.1729914725137368
34263,0.21429462168594282
34264,0.22445399921795306
34265,0.27885798447193566
34266,0.23528674067234578
34267,0.15665311298139367
34268,0.32884241459021674
34269,0.15993427083192832
34270,0.2513028913302342
34271,0.27690800773808033
34272,0.20037704775272114
34273,0.24917088346988459
34274,0.18989780476117718
34275,0.1702311728286565
34276,0.16105148073247527
34277,0.18498048342902884
34278,0.2136265926700936
34279,0.2683799854742295
34280,0.14893114209085365
34281,0.2890093802236431
34282,0.1618964685862037
34283,0.18105008055659255
34284,0.20948741256356382
34285,0.2819305772326119
34286,0.1461098102836175
34287,0.1647079692447899
34288,0.16970808786773184
34289,0.23538629832575747
34290,0.26656232597546003
34291,0.17514180863312037
34292,0.174075387826801
34293,0.14468777420301598
34294,0.1854497679580811
34295,0.3235644403624771
34296,0.27717554414428563
34297,0.19335994965772335
34298,0.24468397563708413
34299,0.2457513140264139
34300,0.202355608389806
34301,0.18677088255565322
34302,0.259000182459037
34303,0.15948825726586618
34304,0.1612665715914923
34305,0.22950235363173627
34306,0.17701881568912192
34307,0.264970709796082
34308,0.2057275329803576
34309,0.22428142226276435
34310,0.21902233733881885
34311,0.15672606576573395
34312,0.16566256420476239
34313,0.15453762434486934
34314,0.24435562349514453
34315,0.2800173967923058
34316,0.2606401315007741
34317,0.23325662337318773
34318,0.15074836442065956
34319,0.19346517163422525
34320,0.17120277270189577
34321,0.25134553722185016
34322,0.19258739220805993
34323,0.2287260602885693
34324,0.24731152471358656
34325,0.2726217763679998
34326,0.18363607547802593
34327,0.2443503582034609
34328,0.21733600799382383
34329,0.17700509436654413
34330,0.23110126117321614
34331,0.1886940341556592
34332,0.156076299947437
34333,0.15617163979475612
34334,0.1766305923156552
34335,0.2155188236314704
34336,0.1789480808698162
34337,0.2787025465670984
34338,0.1777492566403374
34339,0.18374122506173735
34340,0.19309988316769913
34341,0.18122334764571807
34342,0.18191513381236532
34343,0.22465710237052458
34344,0.21111755025821663
34345,0.24963449711389857
34346,0.25679017948727717
34347,0.2600537589490708
34348,0.23143618194888035
34349,0.25917786772078477
34350,0.20753689006806436
34351,0.2061608032208697
34352,0.216364126245963
34353,0.2210343775841697
34354,0.14545208182638777
34355,0.23809349590049636
34356,0.17835159918234086
34357,0.25028605153027533
34358,0.16901640381527056
34359,0.24753024145653793
34360,0.2538291604580672
34361,0.32851081234166285
34362,0.23562695918048773
34363,0.1904019544534182
34364,0.19626607795089615
34365,0.23110487909377245
34366,0.2844858088752846
34367,0.309152650823446
34368,0.19725279617039512
34369,0.21429593249016013
34370,0.20534882961595308
34371,0.18666606922136797
34372,0.28222308383009403
34373,0.3173978011079582
34374,0.2526457754010025
34375,0.21559327291482078
34376,0.23520092582329574
34377,0.26038750088320073
34378,0.28181494770052706
34379,0.1734521286162871
34380,0.199520673925971
34381,0.18387024808885752
34382,0.19934480940042149
34383,0.17041248939359044
34384,0.23077684358557932
34385,0.25221245428950434
34386,0.1713398654992612
34387,0.18253902241127368
34388,0.17139207176125304
34389,0.27147793083269606
34390,0.18536511808300138
34391,0.281572296733894
34392,0.17943124286776901
34393,0.19262473569309144
34394,0.17190043454185924
34395,0.20089121088383202
34396,0.26442470277891156
34397,0.22596191819374095
34398,0.18827470460193102
34399,0.17280466817393145
34400,0.17103170761723058
34401,0.23538348731745143
34402,0.24517374957737384
34403,0.208349676024855
34404,0.20488129323462292
34405,0.2522549803157237
34406,0.25422719595375637
34407,0.2135536524560455
34408,0.1458672839356183
34409,0.1790896307742023
34410,0.23818764163486342
34411,0.16403210219542663
34412,0.16549608259152798
34413,0.15640648610212018
34414,0.1769365196489102
34415,0.2739776438690612
34416,0.1329940300029718
34417,0.18969842671054896
34418,0.19523050423373217
34419,0.29472242135263804
34420,0.22384712235308335
34421,0.18842860952019927
34422,0.21576177617002962
34423,0.19533425118760614
34424,0.2951442906377545
34425,0.26583755875258075
34426,0.22627562899927284
34427,0.31655765278092196
34428,0.23893974336150034
34429,0.1576058600256015
34430,0.21359297629069904
34431,0.21268786368158799
34432,0.1835993304410408
34433,0.1734576589691557
34434,0.1608674954684278
34435,0.152442971666094
34436,0.33139102271891774
34437,0.2258926801632158
34438,0.18454537272066715
34439,0.18267307643237288
34440,0.19954639703283358
34441,0.2514124590356154
34442,0.23870221088601037
34443,0.22811510866199497
34444,0.18627726590633986
34445,0.1991750960690461
34446,0.25745454100532283
34447,0.25376906216291834
34448,0.18279872841801473
34449,0.18374208961207425
34450,0.15678553738444181
34451,0.16253986022335823
34452,0.15919009141372883
34453,0.15902160188014894
34454,0.19348399092339058
34455,0.2545329137142927
34456,0.28421475481494446
34457,0.2499610136964923
34458,0.2151128162743629
34459,0.17456859272531383
34460,0.36663651125755387
34461,0.1859881640194169
34462,0.19288266334645882
34463,0.2135349834257363
34464,0.29581898759622605
34465,0.15733678237134663
34466,0.20572547095571306
34467,0.21622862978541307
34468,0.19552303325190618
34469,0.18315921867762155
34470,0.23973223299594207
34471,0.30347150301161624
34472,0.2601677773081704
34473,0.21909342762350345
34474,0.2388760968447084
34475,0.2408530913753038
34476,0.26961237268250005
34477,0.19145291483645221
34478,0.24170848437109513
34479,0.26349773648705577
34480,0.18390515376923167
34481,0.1654833421006191
34482,0.2859400390293549
34483,0.19108421708470175
34484,0.2216999282297261
34485,0.27283377028689837
34486,0.16352103086314812
34487,0.16861536952412198
34488,0.2828058924270425
34489,0.2670814315187735
34490,0.17140786462098262
34491,0.15531086704434116
34492,0.2307656182867408
34493,0.16819974837462837
34494,0.3651284662890841
34495,0.18220432089171823
34496,0.27335251826610313
34497,0.2246345512619112
34498,0.21837494730286217
34499,0.20854015735750192
34500,0.2371649149653581
34501,0.15402915558174718
34502,0.2560241984205107
34503,0.14860228847311696
34504,0.2745027893036677
34505,0.2236523454976902
34506,0.19950259533011117
34507,0.1791881446989283
34508,0.20778994079928467
34509,0.20545704989711894
34510,0.16410132571065217
34511,0.20931993434199608
34512,0.18931228124307029
34513,0.24407157929319057
34514,0.265093608822866
34515,0.20336352351126483
34516,0.204058837479514
34517,0.19268213175313043
34518,0.19272097756262416
34519,0.26599450516603645
34520,0.29461093689351747
34521,0.15633104154468874
34522,0.27391079148693487
34523,0.30715909938312497
34524,0.1551834857891629
34525,0.1719815858156622
34526,0.17363605873355245
34527,0.2808620228504422
34528,0.1939841823639262
34529,0.2731512962497785
34530,0.17178097865528008
34531,0.30410058931148976
34532,0.249776071824413
34533,0.2314961437508968
34534,0.17803890645440762
34535,0.22835762392702794
34536,0.1877177575262657
34537,0.22516432739155584
34538,0.26900041277303155
34539,0.14622820570098274
34540,0.1825099778521054
34541,0.14899842626422768
34542,0.2619078810212709
34543,0.18940193002165676
34544,0.22876344106390548
34545,0.2117605936121775
34546,0.23412432937096
34547,0.22580795268455925
34548,0.1784033692522037
34549,0.26323580572162525
34550,0.23598733998456836
34551,0.17817686189646736
34552,0.21489286525690596
34553,0.28792069152503397
34554,0.23945123867062956
34555,0.21955257693992633
34556,0.24542044072388042
34557,0.23817889632934988
34558,0.23724125824445705
34559,0.20376301609385514
34560,0.15961980989780905
34561,0.2196125641506236
34562,0.17253927979318098
34563,0.2952294283512336
34564,0.22448369953644434
34565,0.2331548093800101
34566,0.16128982291114521
34567,0.26054721019812943
34568,0.15304548471474658
34569,0.2405441458348851
34570,0.24034314178934024
34571,0.1611208261037737
34572,0.18873767942236022
34573,0.18772536809984683
34574,0.26163061140393284
34575,0.23632666750406348
34576,0.36200879985073686
34577,0.21584876487593682
34578,0.16126672820767368
34579,0.24103779714582668
34580,0.1968130624382459
34581,0.19268798490696817
34582,0.1860073389500711
34583,0.20759572729622988
34584,0.20521633806240447
34585,0.20738072516207126
34586,0.16718918570095653
34587,0.19403843679225638
34588,0.1630967188850072
34589,0.18072428046135655
34590,0.1766284880790751
34591,0.21255485113109235
34592,0.20788715206899241
34593,0.18949102202222295
34594,0.19769333064226172
34595,0.17385928056244837
34596,0.193988694443875
34597,0.2384672801607904
34598,0.17885493389240525
34599,0.17495683810667528
34600,0.2315670360905905
34601,0.20943473028092896
34602,0.16554912769892527
34603,0.23254002480898223
34604,0.15226089168241413
34605,0.18645156326298395
34606,0.19736718519070195
34607,0.17429936978895735
34608,0.24801336964671195
34609,0.3015981624048307
34610,0.16963703933843582
34611,0.29474174125366936
34612,0.1452353308950967
34613,0.2115322043516489
34614,0.27206167169670986
34615,0.16821640388781872
34616,0.2586551676917024
34617,0.16325386273440634
34618,0.2411048331794653
34619,0.29281176017749533
34620,0.1478912581844657
34621,0.1456704627533333
34622,0.17082709635549775
34623,0.26564439330174056
34624,0.16795778351852766
34625,0.29473957454719707
34626,0.17855409621520069
34627,0.1955887884848344
34628,0.23550203151811233
34629,0.18288174906156096
34630,0.18099500922491868
34631,0.3761313015084465
34632,0.23064030934039992
34633,0.26395739984208405
34634,0.19571748246559126
34635,0.18270451359212792
34636,0.16069350678297906
34637,0.18355466482227192
34638,0.2622182198129602
34639,0.22866434843926825
34640,0.269726582252248
34641,0.1621468096881115
34642,0.24106300721812904
34643,0.22929890401321068
34644,0.2379359847542399
34645,0.17059208283080185
34646,0.2480976487991826
34647,0.223474677751742
34648,0.2679572651602309
34649,0.19005145439858528
34650,0.1930879938795299
34651,0.18551633898284167
34652,0.2022256211505752
34653,0.27767951591065626
34654,0.19100134334712987
34655,0.2102979927196559
34656,0.1735353179507849
34657,0.2152386379034021
34658,0.1884128563879417
34659,0.201891247977428
34660,0.2888257916945155
34661,0.24241450596377892
34662,0.16085945047788341
34663,0.21086306283685916
34664,0.28599108336750395
34665,0.17983167043095372
34666,0.2626626672617975
34667,0.23007239563640408
34668,0.3278464725785946
34669,0.1840561569826184
34670,0.2618079054789162
34671,0.23564753397951332
34672,0.16590992201719548
34673,0.31850284750422814
34674,0.18300712948316875
34675,0.2802666299719903
34676,0.23347869917410705
34677,0.3082846817747892
34678,0.1825286414088832
34679,0.34647352936663417
34680,0.17953888004029442
34681,0.20656453882079887
34682,0.20163945459597166
34683,0.22120419845503336
34684,0.203374039055977
34685,0.15072198733952624
34686,0.2218116845988449
34687,0.26198000380620146
34688,0.14817110966595026
34689,0.24844339330648005
34690,0.20727320990019035
34691,0.24409396426631802
34692,0.31515524547162654
34693,0.2634853636698246
34694,0.1651527204205965
34695,0.17594678224230315
34696,0.23526554902261837
34697,0.25891985725605937
34698,0.1814952848037785
34699,0.3168245072028742
34700,0.20867194769738934
34701,0.20217177755238905
34702,0.2765451347995575
34703,0.32043088324778296
34704,0.2041957744562638
34705,0.16321968845593962
34706,0.25006421128974843
34707,0.34300365486538353
34708,0.3256995018961675
34709,0.1694486630433148
34710,0.20421825427732102
34711,0.1736725567399099
34712,0.18804852271281455
34713,0.20516689623148612
34714,0.2563163777842387
34715,0.19564490194809717
34716,0.19612971773410204
34717,0.2143515420416503
34718,0.19620320141585443
34719,0.29595877395289116
34720,0.19222242932536773
34721,0.17778853712903192
34722,0.1853241401085995
34723,0.19544429654801582
34724,0.17708327664025492
34725,0.16872547317363287
34726,0.2902866314713121
34727,0.26770095272047834
34728,0.17296176856002096
34729,0.1958300468593638
34730,0.26106094453612944
34731,0.15675234900533447
34732,0.16438205832197106
34733,0.293855068877173
34734,0.16086289556903494
34735,0.32498387727300637
34736,0.2616324263527525
34737,0.18313065075767263
34738,0.16191977160296558
34739,0.23990366238468308
34740,0.23666995117642056
34741,0.17241090225556363
34742,0.17853835117300737
34743,0.16303235722519907
34744,0.2005045280084138
34745,0.18199964441778346
34746,0.16416548291646899
34747,0.27908736852109517
34748,0.220611341586218
34749,0.19262587569111314
34750,0.17992060764587875
34751,0.23236022337383477
34752,0.2607438462594254
34753,0.2799298121433186
34754,0.22495467236521383
34755,0.27207409371367747
34756,0.15440002867056868
34757,0.16605376469202945
34758,0.25798065397405123
34759,0.18262496070097203
34760,0.19644711063822698
34761,0.2857979293721849
34762,0.2326956980996038
34763,0.22193062229009516
34764,0.17597235898257288
34765,0.17529971305228886
34766,0.17005720675563069
34767,0.20815070421750456
34768,0.1847566204103952
34769,0.20072501132511875
34770,0.2620765079402561
34771,0.2951685270476723
34772,0.2580511453308849
34773,0.19418682951610344
34774,0.16776286325769987
34775,0.21332572199066605
34776,0.18619010530343494
34777,0.24760941191187455
34778,0.2743692110623794
34779,0.280486713706593
34780,0.2518003795681942
34781,0.2531271206996315
34782,0.26892065131743165
34783,0.15656148065130546
34784,0.2490569775281232
34785,0.30265248289212143
34786,0.2674755612945942
34787,0.23978107905649448
34788,0.2425295222702122
34789,0.24046039669373442
34790,0.1706014290606483
34791,0.19343668065866
34792,0.12860618721207165
34793,0.2098000389989699
34794,0.2577428478546817
34795,0.16926192336080859
34796,0.23917142892936594
34797,0.22756052586266773
34798,0.25404284835761176
34799,0.19660727515428497
34800,0.25183620583745314
34801,0.19128227921550722
34802,0.26343336277919704
34803,0.18730861801877874
34804,0.3054928641018423
34805,0.2091787504308432
34806,0.18297405671855227
34807,0.26896681910816694
34808,0.16109605301427127
34809,0.2134253863358882
34810,0.26109601326689197
34811,0.17372895397634747
34812,0.17404888530347648
34813,0.18188301950143693
34814,0.17856306321447918
34815,0.16280407161387395
34816,0.20089052973513147
34817,0.1519113957835824
34818,0.19169182426999337
34819,0.21824944294582177
34820,0.18142875206406076
34821,0.32793731583856356
34822,0.1730850198513911
34823,0.2162823953848921
34824,0.14689019293724312
34825,0.2627887633111139
34826,0.27617919857268924
34827,0.2086646930044761
34828,0.18998202375986104
34829,0.2493419572739174
34830,0.21297078867988323
34831,0.35647116374574755
34832,0.24083040465130665
34833,0.1831000501531214
34834,0.16579891765065102
34835,0.1999939566106484
34836,0.24335020132961852
34837,0.23018035066252338
34838,0.2075404908772648
34839,0.20873276928514553
34840,0.28461842840251816
34841,0.16457118540476756
34842,0.14755376924025
34843,0.20768195472885437
34844,0.22707955548470377
34845,0.28829410651658366
34846,0.32174863943764703
34847,0.17992044294023424
34848,0.1761862182597874
34849,0.20687576084343096
34850,0.1625474251599626
34851,0.16964770985865665
34852,0.19198635531235322
34853,0.18486310786926857
34854,0.1647214269672562
34855,0.14751861282219103
34856,0.16386310682476488
34857,0.18102764525310214
34858,0.2770612112345065
34859,0.2845584126342418
34860,0.21943497366303658
34861,0.20432850083422477
34862,0.2054375665620903
34863,0.18365400413180624
34864,0.22214831109955555
34865,0.22798419794206842
34866,0.22867251052748336
34867,0.23930730293609762
34868,0.1991383719553036
34869,0.2808835304105883
34870,0.16246268647993398
34871,0.21544524045699698
34872,0.1812424111541383
34873,0.27882701568696816
34874,0.1374683731693703
34875,0.23064686833046316
34876,0.1959085525668689
34877,0.1961641732419986
34878,0.22256114455931086
34879,0.17832980693765538
34880,0.25046131447920617
34881,0.2289662605277819
34882,0.15306883009563715
34883,0.2196823640523094
34884,0.33070818151508485
34885,0.27257343116435817
34886,0.202612097247541
34887,0.2900701639855794
34888,0.35091891331934816
34889,0.20948448901260192
34890,0.2261428380211897
34891,0.28019637766210626
34892,0.19486638266739026
34893,0.2572419628956558
34894,0.19668954144110232
34895,0.2948707789131211
34896,0.20075756707907516
34897,0.1985296239192557
34898,0.18721785287129233
34899,0.24699112548420615
34900,0.2177675509137158
34901,0.19880601403875642
34902,0.18024087327271782
34903,0.22216708539232727
34904,0.33645694907241674
34905,0.15318778051505785
34906,0.2403202775282029
34907,0.20170253637918975
34908,0.20200652180414455
34909,0.27333131465117316
34910,0.310835088458378
34911,0.1815420996449593
34912,0.1664423177254312
34913,0.2014612144338196
34914,0.21462037365715234
34915,0.26304387299078724
34916,0.28971731247148946
34917,0.2586296430197169
34918,0.22390967054368618
34919,0.20275174851208466
34920,0.22455452229254416
34921,0.26355838679074084
34922,0.21671613691349972
34923,0.23148262435339975
34924,0.2906171341258479
34925,0.2093266094671476
34926,0.19500308999180763
34927,0.35616728840438516
34928,0.23315477788074015
34929,0.20345034972482076
34930,0.19200393948007807
34931,0.20129120795659006
34932,0.21783112239145447
34933,0.17279699651833474
34934,0.2181838257564494
34935,0.23543616280286606
34936,0.15198723044801765
34937,0.22477913028453225
34938,0.17935149667795997
34939,0.28876286359090725
34940,0.30209449322337845
34941,0.20862589943766072
34942,0.2009925163350353
34943,0.18038933837218774
34944,0.17793050825257958
34945,0.18390960485767102
34946,0.21759365506275719
34947,0.15684523511981005
34948,0.23344405993367154
34949,0.17148014114462934
34950,0.3066848627572895
34951,0.183497468841568
34952,0.3661034038599557
34953,0.30090419810123026
34954,0.21046060493439966
34955,0.20304737862262015
34956,0.20322864792090986
34957,0.2222176480123236
34958,0.18106708075472178
34959,0.20719520151124524
34960,0.21351216658357244
34961,0.2111529164319514
34962,0.18484543546830967
34963,0.219709049970131
34964,0.260611018940801
34965,0.16349699830504477
34966,0.23413907016671828
34967,0.21269987832200649
34968,0.2703365930029039
34969,0.2064984241082488
34970,0.3078278569703486
34971,0.23016384093338688
34972,0.1635845885330066
34973,0.2584722470189642
34974,0.23041659273257772
34975,0.20107845776625335
34976,0.2611975356392995
34977,0.33094857480663786
34978,0.2708085674604181
34979,0.24520001926511267
34980,0.2284368854055164
34981,0.25777972206221184
34982,0.1545208336013054
34983,0.16950818916928131
34984,0.15768821690641896
34985,0.1590510174301252
34986,0.4298781884716017
34987,0.17127394208182842
34988,0.23152223290351562
34989,0.23682605107400392
34990,0.19848043354436357
34991,0.2965077969354035
34992,0.24804384859344833
34993,0.2595996457385075
34994,0.19533996578243384
34995,0.1881890049893273
34996,0.3270741351059456
34997,0.2519594341034217
34998,0.22879207375155072
34999,0.23725842227325966
35000,0.2856289395614516
35001,0.2610535117069949
35002,0.2212584519732308
35003,0.21924826690669275
35004,0.21054092066864655
35005,0.16374889565722772
35006,0.19340606582438805
35007,0.2161407284404424
35008,0.24383734849279418
35009,0.2660175403919636
35010,0.19076260671032894
35011,0.257229739297162
35012,0.1759515656901527
35013,0.20675489994981788
35014,0.18563466621087826
35015,0.3012718639806953
35016,0.24964334872626515
35017,0.15903330220627246
35018,0.17819351733406877
35019,0.19279623403159923
35020,0.2569076130229843
35021,0.2052209455974274
35022,0.2018347153471284
35023,0.15691469982751813
35024,0.18813467353879532
35025,0.26342257595577784
35026,0.2291311674835331
35027,0.18460132439900295
35028,0.18371478274255865
35029,0.31585748312770473
35030,0.21566333765332757
35031,0.18059988104864552
35032,0.22842052530546086
35033,0.26658515548929385
35034,0.20497497397782663
35035,0.15326368586652503
35036,0.1725846259568947
35037,0.3476782180265282
35038,0.21065059072902215
35039,0.1614130326200857
35040,0.1537225852693645
35041,0.18291554962734888
35042,0.31487871436874637
35043,0.24787245036308092
35044,0.26844737122061585
35045,0.2661764740477134
35046,0.22859214704058972
35047,0.26682342470554793
35048,0.20689358865106036
35049,0.2464978488290647
35050,0.21816587884666558
35051,0.16256315593771015
35052,0.22510897141646743
35053,0.2587717535999678
35054,0.1812285718630147
35055,0.25693644909422003
35056,0.24579535748702003
35057,0.1709961080914814
35058,0.26881058605513813
35059,0.3112151053093861
35060,0.26129075114174344
35061,0.2064367355738607
35062,0.20814523825902412
35063,0.19140638565467047
35064,0.18701092834970368
35065,0.19614916769917823
35066,0.20482306015480223
35067,0.2709905553483505
35068,0.1839886261631433
35069,0.2440836555779896
35070,0.23774688492407597
35071,0.1984997254940133
35072,0.17402557951987127
35073,0.24440599617605957
35074,0.2726800402061789
35075,0.27023253783374174
35076,0.2726638727749005
35077,0.28724320686315363
35078,0.2763772671531683
35079,0.3401813850784169
35080,0.19012553740202048
35081,0.1995433302990961
35082,0.17385995529401743
35083,0.2878271573616014
35084,0.26293262683219465
35085,0.19168086192185518
35086,0.16610496339605227
35087,0.28779533020177867
35088,0.2471352769803003
35089,0.27625739716566833
35090,0.21663114464485567
35091,0.1652999422660519
35092,0.23133433706900777
35093,0.24826883511462008
35094,0.26031475632357226
35095,0.1767054677952995
35096,0.18551148978640786
35097,0.23581155234127774
35098,0.16469463877391952
35099,0.24694078582196333
35100,0.26601130265998096
35101,0.2310421763332818
35102,0.3097690150817233
35103,0.17671129199724184
35104,0.23610632388225244
35105,0.2826468792801107
35106,0.27669118530408815
35107,0.1966328048648024
35108,0.2709231667932969
35109,0.26196466021090503
35110,0.21093268379598953
35111,0.18426605798321988
35112,0.1921620223300707
35113,0.2599081395111482
35114,0.22581433408271376
35115,0.16963891811062662
35116,0.372428975518379
35117,0.19524133273319047
35118,0.21565207640877876
35119,0.19204350870488462
35120,0.16299690272397516
35121,0.2624211392005996
35122,0.20709751174621066
35123,0.22632347164859903
35124,0.27354937299674426
35125,0.298434761673823
35126,0.2946152737365652
35127,0.18304452364936552
35128,0.16633083356793563
35129,0.19084733981168928
35130,0.22864688294942453
35131,0.18516573241517847
35132,0.18580691747945058
35133,0.17686182477683893
35134,0.33802731999473046
35135,0.16270525252725926
35136,0.1792215858366541
35137,0.1776022459286773
35138,0.24097357669051692
35139,0.23429093790116912
35140,0.29017542266345947
35141,0.2186538415982527
35142,0.20646639123222066
35143,0.1670043468270273
35144,0.2750946674574728
35145,0.21007326790455083
35146,0.20721655546721024
35147,0.183523753692797
35148,0.26540966489539863
35149,0.2568194543200671
35150,0.2941722568945787
35151,0.21888452355609733
35152,0.2562329552988007
35153,0.1802365488081349
35154,0.25479098856073795
35155,0.21608302066357687
35156,0.23439380050176606
35157,0.19472426439392101
35158,0.16366740793184545
35159,0.1854377702622687
35160,0.1634204252158395
35161,0.29469926371156624
35162,0.1995905353251819
35163,0.17361785942842112
35164,0.1454126345965534
35165,0.18185249982216756
35166,0.23350863562158314
35167,0.26403779824764945
35168,0.19770559246258237
35169,0.3054046967686929
35170,0.20373421705184025
35171,0.18103040848398952
35172,0.24663896837883975
35173,0.31229154470014286
35174,0.2289396976498609
35175,0.1706806996887716
35176,0.15001246180369696
35177,0.17132819116899214
35178,0.2430598901405993
35179,0.273599375005389
35180,0.2902031183868696
35181,0.1630422167411881
35182,0.19492911642729702
35183,0.24240852194689208
35184,0.2470564874866578
35185,0.25727394194316655
35186,0.2030304495032721
35187,0.224768739214475
35188,0.305375477944938
35189,0.13649443925157356
35190,0.21119477207796458
35191,0.2937979888174967
35192,0.24175861131136048
35193,0.2947151920584162
35194,0.18051333806356143
35195,0.29487404212373436
35196,0.2211653361456734
35197,0.15868385666280543
35198,0.21029109972412777
35199,0.2490172649645044
35200,0.19687918345800123
35201,0.19311684766215964
35202,0.2561641848234704
35203,0.15786676823268114
35204,0.15361565057871415
35205,0.17230905704379523
35206,0.19223824071820822
35207,0.32093100415649256
35208,0.18740353540391702
35209,0.20892836626946276
35210,0.14505731869007166
35211,0.20390004651845295
35212,0.23112195629202126
35213,0.20594038859494726
35214,0.30589404373144335
35215,0.18389000128634464
35216,0.2405865080331832
35217,0.2255670306193128
35218,0.21287053758254168
35219,0.26079894894669775
35220,0.17124819357350937
35221,0.2597472005227143
35222,0.1925869124753753
35223,0.160073853374933
35224,0.24124237245464397
35225,0.18963917798791535
35226,0.18079903226410476
35227,0.29438170487751003
35228,0.1854701230501246
35229,0.22985318507246646
35230,0.17936312613594133
35231,0.2828780803656771
35232,0.1543466970347294
35233,0.17331957911984905
35234,0.30391142277011607
35235,0.2645863000027275
35236,0.16326538292826784
35237,0.27037880997990804
35238,0.24456295896691116
35239,0.20577405220530828
35240,0.16606540319062307
35241,0.30605076178806695
35242,0.17383575410845545
35243,0.17809901961829694
35244,0.23591914631752253
35245,0.26208060320062093
35246,0.15947886254447102
35247,0.15810883959055097
35248,0.22884863627793703
35249,0.17543064205484707
35250,0.2686416931183236
35251,0.19750249137042392
35252,0.22002601072692307
35253,0.23877256547337086
35254,0.18664784252934793
35255,0.2497111115317666
35256,0.22821492501606427
35257,0.3297762855201767
35258,0.18389857018169317
35259,0.2005824874025473
35260,0.1640847167585634
35261,0.25717177287778537
35262,0.2594551187035622
35263,0.22698573520083187
35264,0.20911232713130545
35265,0.2081539299411769
35266,0.2378619454693458
35267,0.19317275212931256
35268,0.21748073480926397
35269,0.17210648537702297
35270,0.2734483387462659
35271,0.3377816560264435
35272,0.18124143406849128
35273,0.1603960225618129
35274,0.2953087902818856
35275,0.2656566844517351
35276,0.1746316266961948
35277,0.2078922980526993
35278,0.21406206786329462
35279,0.24288529734974923
35280,0.19597922476355037
35281,0.21277701826880435
35282,0.16954537885016527
35283,0.15617022469702946
35284,0.2514384029266851
35285,0.18261573099042885
35286,0.1547895508788722
35287,0.21999051884915322
35288,0.2709787191432101
35289,0.2653174235172322
35290,0.177141584150578
35291,0.21213004901718732
35292,0.1983629921925189
35293,0.19993746744320495
35294,0.14934057515475785
35295,0.335453000995524
35296,0.1794872872672525
35297,0.21155319431598055
35298,0.22054706209210334
35299,0.2613217985133952
35300,0.24751163777071658
35301,0.267198039658891
35302,0.16061537361067565
35303,0.1829408204915384
35304,0.20325350221905736
35305,0.18564314653409494
35306,0.3004175547905003
35307,0.19788015597162104
35308,0.27020274595536753
35309,0.25572560320200854
35310,0.18687128260474503
35311,0.20672598666734238
35312,0.15337179168337595
35313,0.16229865715814448
35314,0.18543630870436492
35315,0.24118923877241571
35316,0.2767200784614926
35317,0.19337731236610015
35318,0.3658368203337604
35319,0.3164142501775978
35320,0.2170763419978302
35321,0.16248595199624113
35322,0.27665597190174773
35323,0.1699130353275732
35324,0.21461411179175094
35325,0.18406595599901038
35326,0.23139177373017655
35327,0.3066012931903529
35328,0.29069479853562413
35329,0.24436530279279275
35330,0.26209899078012533
35331,0.16048319619285067
35332,0.27176882128948276
35333,0.21224250648968418
35334,0.12889565427699032
35335,0.1787515299309839
35336,0.16818152394288005
35337,0.1727967781936491
35338,0.18652406643865316
35339,0.23311859857757636
35340,0.17610758249910255
35341,0.23720455780572386
35342,0.16822951364568045
35343,0.18360529019999614
35344,0.17784872026124707
35345,0.1820970684797246
35346,0.22447169050954716
35347,0.3176525963584735
35348,0.22610686945203715
35349,0.16869873078337755
35350,0.18501569766478404
35351,0.19053764351722868
35352,0.23399865979709783
35353,0.2124944748970697
35354,0.2043760943548946
35355,0.2008137314074067
35356,0.2707765378680134
35357,0.28730758360673603
35358,0.17872205724918885
35359,0.19911718659245764
35360,0.22415208980400855
35361,0.26474522919570903
35362,0.2122561632119087
35363,0.1930338726526492
35364,0.17125061842498013
35365,0.2105825657571534
35366,0.2682349900514485
35367,0.20309842630460992
35368,0.23183164439302842
35369,0.24744290323734208
35370,0.26813838271601853
35371,0.16438068133103287
35372,0.25579398162321626
35373,0.23055423533299
35374,0.2403348384811463
35375,0.17352799069308705
35376,0.2140443955726482
35377,0.1841615855926216
35378,0.15990166589000115
35379,0.19964048956235103
35380,0.33734547853832153
35381,0.2265269725025915
35382,0.18493870347477542
35383,0.16496564410228778
35384,0.21926612915458554
35385,0.15764949440034381
35386,0.1877090144259191
35387,0.17799521005780394
35388,0.31181658512972243
35389,0.19555328490878032
35390,0.1564938260863868
35391,0.2792826912679376
35392,0.2531229993699944
35393,0.3080396108355025
35394,0.15173156645786784
35395,0.1769561189537796
35396,0.254086674740645
35397,0.3076539208954782
35398,0.200253428185622
35399,0.23314872261302055
35400,0.28506563350182956
35401,0.13788254297749497
35402,0.2393393194668713
35403,0.29470646750923435
35404,0.15448344536537445
35405,0.2171883358730107
35406,0.15600190409091844
35407,0.2293398197061574
35408,0.190566582968849
35409,0.1664469667779556
35410,0.1918945511794148
35411,0.23668901729597686
35412,0.1851936395053752
35413,0.2771876270118892
35414,0.2068440749964506
35415,0.2046301967133129
35416,0.2130911367563349
35417,0.1600432907808157
35418,0.16472661828641486
35419,0.2159495864873116
35420,0.18214431338312526
35421,0.1840845290848006
35422,0.14796654727568426
35423,0.15351873645999894
35424,0.181496583355624
35425,0.23677261852511663
35426,0.21204894144020245
35427,0.22240674614796827
35428,0.20720493378433882
35429,0.15627097354948516
35430,0.2870071602817554
35431,0.30539066759210387
35432,0.15912441364543062
35433,0.25243200096998314
35434,0.29249164879120404
35435,0.2472028434173604
35436,0.2219744291265511
35437,0.19161484072997276
35438,0.17185029266663535
35439,0.24705402171637655
35440,0.24218616966406276
35441,0.21119327192631274
35442,0.18785131548278688
35443,0.2120055322510771
35444,0.23662985041260257
35445,0.28613821831773484
35446,0.1644272101836771
35447,0.17040426649508197
35448,0.22085092726846184
35449,0.23474374612416093
35450,0.17137279556787807
35451,0.2050079263168016
35452,0.2561660481684665
35453,0.18449835589631916
35454,0.2806543324157113
35455,0.1576012104888449
35456,0.1927391429341613
35457,0.2059959016504113
35458,0.1696512852236725
35459,0.20139546677908904
35460,0.17817813562104448
35461,0.1859359191268371
35462,0.19987189982823383
35463,0.27879405400823715
35464,0.16300186197614905
35465,0.20426802647875852
35466,0.1773196837212312
35467,0.24634537562713665
35468,0.16709478172417058
35469,0.15894985975008308
35470,0.16841771969588065
35471,0.23400057991344647
35472,0.26674021049101
35473,0.17701888919179598
35474,0.2436037893421458
35475,0.3230417421269993
35476,0.19361388105144545
35477,0.27856680395511096
35478,0.17848652488807423
35479,0.18201303808551603
35480,0.24742851429261814
35481,0.21003136401536054
35482,0.25179283006117686
35483,0.286226645800163
35484,0.2092835930048976
35485,0.20314545011119065
35486,0.20063305824208613
35487,0.25309172782076356
35488,0.27858011871112515
35489,0.2497035669591687
35490,0.1932193224692806
35491,0.2619939710254443
35492,0.21803546563531026
35493,0.17373107664199758
35494,0.20366939868939596
35495,0.17664444571866564
35496,0.18187770275876478
35497,0.18597517310253603
35498,0.19394857389582343
35499,0.18605725291580838
35500,0.17868231706863344
35501,0.23378454851754393
35502,0.3252155892059219
35503,0.17268191806874852
35504,0.18091641906267344
35505,0.2016626446884605
35506,0.2303514243621678
35507,0.24679493416276888
35508,0.17846489339012908
35509,0.3739194147748341
35510,0.2745206945101561
35511,0.17748866429083598
35512,0.1646582492453312
35513,0.24442803198644436
35514,0.30819787567802076
35515,0.24716368870385894
35516,0.1993610757938902
35517,0.22033661908643964
35518,0.287580533227813
35519,0.2905495001426184
35520,0.2294895200109984
35521,0.24306498723518213
35522,0.18872435528855902
35523,0.17949784553563006
35524,0.40044506897807125
35525,0.1769986065262778
35526,0.17985264797163492
35527,0.27878829124406346
35528,0.20682387375490294
35529,0.2552177060968096
35530,0.2763106050972752
35531,0.26634469469410554
35532,0.23249837616126448
35533,0.14941524339162948
35534,0.24402150967065722
35535,0.20340547240904663
35536,0.1929401138521329
35537,0.2380268655157651
35538,0.21264017989908213
35539,0.2868921797181461
35540,0.20205182265930874
35541,0.16968235485009292
35542,0.2274314934077686
35543,0.17866335672895065
35544,0.17684469717991783
35545,0.3062701662392553
35546,0.22121069757204062
35547,0.19369471280393408
35548,0.19496108983863944
35549,0.17077969846797691
35550,0.1364735441655912
35551,0.30108449960288086
35552,0.20315272991528185
35553,0.32396066540908286
35554,0.2246645476639882
35555,0.21475419735211365
35556,0.22100603599364896
35557,0.20371514649498107
35558,0.18825051058502948
35559,0.2828295231092745
35560,0.28750314789007786
35561,0.18230711950570044
35562,0.19546516886294213
35563,0.17300599757358964
35564,0.2848277171727989
35565,0.18054885520985042
35566,0.27172057969368
35567,0.2341653266916227
35568,0.2673912873965493
35569,0.16857425895834133
35570,0.13942062308913625
35571,0.2469920908825621
35572,0.22624235086483624
35573,0.1751578801727106
35574,0.21337823350205745
35575,0.17327286824715332
35576,0.17828148132097574
35577,0.19443886200748128
35578,0.19935517482939522
35579,0.2327381944502976
35580,0.26282320548190524
35581,0.1637896292257463
35582,0.15842978036762861
35583,0.1446763356212537
35584,0.15631783165778976
35585,0.25778014266024946
35586,0.23963702754429597
35587,0.2219543788702178
35588,0.2767233520628795
35589,0.2272886100045922
35590,0.2050620556971789
35591,0.20033185150485772
35592,0.2271123152573523
35593,0.17118234204888222
35594,0.27064959130845256
35595,0.1788822362031796
35596,0.2510441731397705
35597,0.1980863591613552
35598,0.17317206864503606
35599,0.1751852193833636
35600,0.23931795597586414
35601,0.17491257808368307
35602,0.29187628911174335
35603,0.2578081610897554
35604,0.2150233694832664
35605,0.23423203660047964
35606,0.18536233868641194
35607,0.2717902368763198
35608,0.38088381923194403
35609,0.2501390193031581
35610,0.18781270454287374
35611,0.32442515934137023
35612,0.18348402617073536
35613,0.2261948475898655
35614,0.2069711008733533
35615,0.22765011990499542
35616,0.29430348436393056
35617,0.14050447403089902
35618,0.18279883116105716
35619,0.2424872033014909
35620,0.17825862097924738
35621,0.24986389571683254
35622,0.18005575109813055
35623,0.25264796637881143
35624,0.2551035654291447
35625,0.1955722890802993
35626,0.15527397627128747
35627,0.15279216293474268
35628,0.22482336020882332
35629,0.26720402294165196
35630,0.18660756715058366
35631,0.2642313236736061
35632,0.19301510473822353
35633,0.17154312716559864
35634,0.1947252607869182
35635,0.1924734335157205
35636,0.26808129372188033
35637,0.21937954261771342
35638,0.2047154610014371
35639,0.19331517031776713
35640,0.20204558229946745
35641,0.19750278424289516
35642,0.18421979169584982
35643,0.2643061244032636
35644,0.22979234026025913
35645,0.2105178519351911
35646,0.1838791662838819
35647,0.18465272977011607
35648,0.22209072247685366
35649,0.221705378020884
35650,0.22303592221111304
35651,0.2047509749357192
35652,0.22174043548414002
35653,0.25633506410411244
35654,0.24114382549506053
35655,0.21482865910667442
35656,0.1607827460964219
35657,0.2716266609752425
35658,0.2533215632665448
35659,0.15574648881610056
35660,0.18061887263441842
35661,0.29914518710213844
35662,0.19059724698007421
35663,0.25032887404466914
35664,0.29380076545963285
35665,0.25818766226534323
35666,0.14505557239594374
35667,0.19112805233240732
35668,0.1823307688733404
35669,0.22891404911166224
35670,0.22163779558205218
35671,0.26424954840528403
35672,0.24227359320973768
35673,0.319971928035745
35674,0.22239403401906707
35675,0.26778919005334156
35676,0.16358049233844463
35677,0.16807738347578963
35678,0.21187184267592266
35679,0.2290851257349542
35680,0.18085689192728335
35681,0.25462895169121885
35682,0.215637169518155
35683,0.15313370113510485
35684,0.15979186008510593
35685,0.1496683097450583
35686,0.19126595290188853
35687,0.1382720386420794
35688,0.15387675979609391
35689,0.3161730193563032
35690,0.16187027103118037
35691,0.20792189216658818
35692,0.19979584471058565
35693,0.17108425217691786
35694,0.19062871946065163
35695,0.20773023576688454
35696,0.2483454102634308
35697,0.17294043971950324
35698,0.18229558904804125
35699,0.2488788771603364
35700,0.23786134141112758
35701,0.23464267919275755
35702,0.1665369270599895
35703,0.17389564591951567
35704,0.2541226809491248
35705,0.3010042495763663
35706,0.29141730835769375
35707,0.202574848794798
35708,0.21951195006247523
35709,0.24551197871427483
35710,0.287969908543234
35711,0.18889630145637193
35712,0.15458992642059094
35713,0.16542217303827372
35714,0.16713581746678696
35715,0.247696034940052
35716,0.21491064869296053
35717,0.2005142826989405
35718,0.23437286742476723
35719,0.18636889610402363
35720,0.14183075488475785
35721,0.2712115652795152
35722,0.17513412030021755
35723,0.2923536014698913
35724,0.23637940804550084
35725,0.25492547432809787
35726,0.1683244188406805
35727,0.22246511365094118
35728,0.15048955520659027
35729,0.17437528831655225
35730,0.26885305332584775
35731,0.16994101356011548
35732,0.24979238395762102
35733,0.2544809643695977
35734,0.16597484850519253
35735,0.26449735984974465
35736,0.2068069448497847
35737,0.2294714940733513
35738,0.19706433816391924
35739,0.21172897893824108
35740,0.25061539785022363
35741,0.1664643131743757
35742,0.1967928945877812
35743,0.2523127873295042
35744,0.21835536429606023
35745,0.22408553250961305
35746,0.2774311429949114
35747,0.1540721176768865
35748,0.20348978364514023
35749,0.2836232498997049
35750,0.2507095706158393
35751,0.16970107405144877
35752,0.15678682984418665
35753,0.19779773635094744
35754,0.17003651047448087
35755,0.2127215695529212
35756,0.15804104174864075
35757,0.22809363039472313
35758,0.1770662530800891
35759,0.24040653897899947
35760,0.18841336511234036
35761,0.24212765886933446
35762,0.15764851417609113
35763,0.19198483146042566
35764,0.2939528274210596
35765,0.22231556617609344
35766,0.20798317404752426
35767,0.3112821544674449
35768,0.18378246275273194
35769,0.25140232935017903
35770,0.2854878145094223
35771,0.20465832843862408
35772,0.17866579923962328
35773,0.2637696058764989
35774,0.3612665021095567
35775,0.223714789804203
35776,0.2681164864743194
35777,0.24509566171462946
35778,0.2371415434341902
35779,0.20648060766110865
35780,0.20926904451351855
35781,0.26487993304872065
35782,0.36461752821874605
35783,0.21030094196884982
35784,0.15596352857284793
35785,0.15386249641176192
35786,0.18593866350243385
35787,0.2531066846802933
35788,0.16889934720807231
35789,0.2664521022142225
35790,0.16847854308211566
35791,0.1658925333463753
35792,0.27270502672271396
35793,0.22385395573901992
35794,0.19813360570668676
35795,0.23313210134248885
35796,0.16798238781120595
35797,0.28343261385923957
35798,0.18491749147597397
35799,0.20739028376357888
35800,0.1684897399756792
35801,0.16853849481240588
35802,0.22953481948306897
35803,0.2213183345233417
35804,0.20155390236553664
35805,0.26288458918533664
35806,0.30935734179255037
35807,0.1610803622638406
35808,0.2608414970436922
35809,0.2947805559262369
35810,0.17386916131402746
35811,0.17528336783454057
35812,0.16674717683089368
35813,0.16683049033185854
35814,0.1924165597325957
35815,0.17936122762346385
35816,0.24731899588420936
35817,0.134812427644566
35818,0.20390532240111459
35819,0.2527834507625976
35820,0.15954126081689016
35821,0.21781891892555363
35822,0.23098872339861817
35823,0.2044696252307003
35824,0.23748054347205144
35825,0.22141689407809373
35826,0.200839525138454
35827,0.30055014886536463
35828,0.2709503909128745
35829,0.20223365184937908
35830,0.282465624582718
35831,0.20198972080261954
35832,0.28226783392485116
35833,0.15410306824149778
35834,0.16555546832177023
35835,0.1728882103358493
35836,0.282332893065432
35837,0.20484431563241057
35838,0.188066779503922
35839,0.24020504040291793
35840,0.1956753458540632
35841,0.17386378136702915
35842,0.26271203452544223
35843,0.25488639441053534
35844,0.1730528122807348
35845,0.1653819840581744
35846,0.1662968874463517
35847,0.18934312458837038
35848,0.24130054447286609
35849,0.22520371368143258
35850,0.2867763864144513
35851,0.17257354643505
35852,0.20408418585434515
35853,0.17545951796092663
35854,0.24815210586016562
35855,0.24737552296437038
35856,0.21524197484319202
35857,0.260002178439609
35858,0.22775154004008674
35859,0.23280448386276187
35860,0.15699811453165755
35861,0.25936536925547804
35862,0.16647362285982736
35863,0.25252825272027246
35864,0.14944559323460646
35865,0.2218489340468546
35866,0.29856817483581066
35867,0.17211736171146497
35868,0.3078565670222231
35869,0.17062298995318112
35870,0.30310879525877343
35871,0.30991280724400844
35872,0.22275977385741183
35873,0.19769919993250618
35874,0.17344107879295212
35875,0.21331804227291967
35876,0.19698339765518202
35877,0.2652862271119887
35878,0.31026388839221
35879,0.2208241012853849
35880,0.20331468011014056
35881,0.3393733664844254
35882,0.25818326706810457
35883,0.22704208056702405
35884,0.2012057571654993
35885,0.19312282062976693
35886,0.24106296621744858
35887,0.18092660481353903
35888,0.2642793413889595
35889,0.1912649954531846
35890,0.17128885499306246
35891,0.1945772401945305
35892,0.17479312157639892
35893,0.2643925527293319
35894,0.2738617654194375
35895,0.2696453815726224
35896,0.19412156153768365
35897,0.2433372302824084
35898,0.18889007328523216
35899,0.2549873576397548
35900,0.2223402038474725
35901,0.35188238547180917
35902,0.18642885604389636
35903,0.2950835181496311
35904,0.15876698427025412
35905,0.23775994126339137
35906,0.2402193503188837
35907,0.2977309838772937
35908,0.17131711866702168
35909,0.2229312180751869
35910,0.21653909241507452
35911,0.1772446657815605
35912,0.19989203666493777
35913,0.2191394414254484
35914,0.14946330492546656
35915,0.24941286489066733
35916,0.18978018529671065
35917,0.2454138344267907
35918,0.23485027724275082
35919,0.29867927670065314
35920,0.20824553745449212
35921,0.20166255631396207
35922,0.24028088712527015
35923,0.2784105945971056
35924,0.20031143191217474
35925,0.2526029931508
35926,0.18527057117734128
35927,0.197449361327533
35928,0.20365427639744355
35929,0.30728277815352034
35930,0.18930873444087304
35931,0.24451797089056077
35932,0.17800896686736956
35933,0.2720253794378633
35934,0.25480280388757554
35935,0.1741392169299944
35936,0.22146380253596679
35937,0.1917993431127635
35938,0.1440217046409066
35939,0.18353496960246155
35940,0.257628806095563
35941,0.16503139241681805
35942,0.21684060955723608
35943,0.18692016349617444
35944,0.16471730344343352
35945,0.15645528939195297
35946,0.19448262783183604
35947,0.2295130351157949
35948,0.19231307525171426
35949,0.17010951345229125
35950,0.23027729346958964
35951,0.2750060237761791
35952,0.19543190308863503
35953,0.2723640010173632
35954,0.28658328337211747
35955,0.26720813772203167
35956,0.24262729452849577
35957,0.21943163470962876
35958,0.18903879129589107
35959,0.20954692236852435
35960,0.31846573719404264
35961,0.17370987764190002
35962,0.26268393452796784
35963,0.17967166046270236
35964,0.263908129898186
35965,0.1876737804441227
35966,0.2864418493006935
35967,0.2883101919395711
35968,0.19186136433360432
35969,0.2618333809870994
35970,0.2030768894867833
35971,0.1504997266495677
35972,0.2546664328687666
35973,0.18891280456459428
35974,0.323727476028229
35975,0.2239463862063639
35976,0.23685022194385222
35977,0.12687719428140726
35978,0.1967114751692377
35979,0.19537143540313132
35980,0.2352669572443123
35981,0.16888184038674603
35982,0.19981947483673992
35983,0.16748892153576223
35984,0.18273721868119666
35985,0.24492085528362817
35986,0.29603924910435686
35987,0.29077496318344204
35988,0.20896738764718178
35989,0.20820824242621291
35990,0.15122212229487977
35991,0.15469547934111938
35992,0.23096494411636756
35993,0.2539090438310598
35994,0.1607870677228175
35995,0.2963652006216363
35996,0.20367205768646376
35997,0.28668577994998845
35998,0.2682636055072697
35999,0.17606354302249577
36000,0.1826742885800579
36001,0.24426634490843455
36002,0.257251328084302
36003,0.17235468769763618
36004,0.17750829916636301
36005,0.275294382164213
36006,0.25977643353390933
36007,0.27699637990723075
36008,0.2049912236597452
36009,0.19130208224954806
36010,0.22535436011277624
36011,0.32140033639128157
36012,0.1923143944072682
36013,0.26447334026421127
36014,0.19527903919950393
36015,0.2305731536815148
36016,0.2568714766390696
36017,0.2878197052800508
36018,0.1865061305572675
36019,0.25253496254912927
36020,0.18780296146267583
36021,0.17571235674337848
36022,0.28906602182433455
36023,0.24366209295245245
36024,0.21510757974314212
36025,0.15660789626292668
36026,0.28466178407101483
36027,0.20254413472608834
36028,0.21745207145692483
36029,0.27934778627883733
36030,0.16989657143738449
36031,0.19556850573424028
36032,0.15419535510852048
36033,0.19613135002696538
36034,0.2349751349575241
36035,0.21199957448955142
36036,0.2077602031891871
36037,0.159769373194745
36038,0.21018776645103301
36039,0.23145730968417128
36040,0.2347275563206666
36041,0.2715858013768591
36042,0.22556712217265595
36043,0.25211308456454284
36044,0.3044938179306552
36045,0.1806993737673724
36046,0.2420037789076762
36047,0.17578708856331204
36048,0.29236781317316934
36049,0.28461234196113816
36050,0.1765527430003209
36051,0.17870049699866075
36052,0.21904543518776654
36053,0.2434775833393386
36054,0.2651274188313637
36055,0.1785339863485979
36056,0.30958139955694386
36057,0.2535513116957933
36058,0.1717703743924551
36059,0.19723359766157053
36060,0.23079845503017474
36061,0.18317172151335576
36062,0.2571035030114395
36063,0.2680448151773421
36064,0.16144229134944216
36065,0.18396165324753797
36066,0.1961863489669739
36067,0.24143772646645306
36068,0.1549246900887439
36069,0.1765330731378858
36070,0.16992137738901777
36071,0.2748616549991168
36072,0.25866357945493323
36073,0.2977894160130926
36074,0.24336972743132634
36075,0.20808133200561837
36076,0.21144379396604474
36077,0.2793331837389394
36078,0.22397323764338495
36079,0.30321746786504533
36080,0.22450304062157106
36081,0.22140869755639925
36082,0.22275987627084362
36083,0.18845753973997476
36084,0.239660396871946
36085,0.27766198731022057
36086,0.14261119003425388
36087,0.2898524869425051
36088,0.22075496954985
36089,0.18217025026646427
36090,0.309781434622109
36091,0.23416388965431734
36092,0.16489077420381118
36093,0.21994263136116868
36094,0.2259920426419389
36095,0.22800614309099218
36096,0.20328956380533103
36097,0.22753876814402285
36098,0.20070794107480555
36099,0.1818810959716129
36100,0.3108303616850055
36101,0.22034991244114263
36102,0.24129118328308444
36103,0.283303486597088
36104,0.25645210111076866
36105,0.17053472426343266
36106,0.21305731382320675
36107,0.18158978948217336
36108,0.2774800713414729
36109,0.18908340832982581
36110,0.22571083466068617
36111,0.23149588333893867
36112,0.29113393905115986
36113,0.23639344953136732
36114,0.22012665233900502
36115,0.20440132561040653
36116,0.2370006792441211
36117,0.24823349758344201
36118,0.21760991243531908
36119,0.1684454700536263
36120,0.2503674716262607
36121,0.213191708408344
36122,0.249236639125447
36123,0.17358176197376282
36124,0.30328329094610784
36125,0.16929808606849395
36126,0.22814253532963716
36127,0.29768638951790183
36128,0.23129440533437545
36129,0.28242421751289354
36130,0.24451433108478415
36131,0.19746915661330164
36132,0.201060610346282
36133,0.19787122274056407
36134,0.21820861852650006
36135,0.2615368841135394
36136,0.18733368508537895
36137,0.33648781409651307
36138,0.24529379674658247
36139,0.15275671631422555
36140,0.2040203670617514
36141,0.23293770748899006
36142,0.1939730574885493
36143,0.3008064026616494
36144,0.2028250631525564
36145,0.18631842112103555
36146,0.23280782565764127
36147,0.2269230141189537
36148,0.1369287071684129
36149,0.2617671306554434
36150,0.20851409139941313
36151,0.1853007536619589
36152,0.2452337052601236
36153,0.15657325162338862
36154,0.2793157973595546
36155,0.29027028762553814
36156,0.25609504965357544
36157,0.21817482213078054
36158,0.16970229271140685
36159,0.1631651261855972
36160,0.24007309755310566
36161,0.19749374191069335
36162,0.24715585728601375
36163,0.16620869247242748
36164,0.18879709566920927
36165,0.2168402044548294
36166,0.2539650350983669
36167,0.19870157598512056
36168,0.24253658168489756
36169,0.1756450470036763
36170,0.2620772305940594
36171,0.21101192516231568
36172,0.1949526192198528
36173,0.1880053604621498
36174,0.21292359337622746
36175,0.19510598901129675
36176,0.1786793613887477
36177,0.15752967932614173
36178,0.19961259486189267
36179,0.20553432641069624
36180,0.13052617168415076
36181,0.19370762827160237
36182,0.2183623035778452
36183,0.1997089411707525
36184,0.23890592446496078
36185,0.23181488817109586
36186,0.18812106830746264
36187,0.20559193213092627
36188,0.2443528713903339
36189,0.27844655275537916
36190,0.244119465305409
36191,0.18386351851908575
36192,0.20076997906072766
36193,0.17662670358413235
36194,0.1778790429019177
36195,0.254407836666691
36196,0.14857956904890737
36197,0.2293229606509067
36198,0.17596166633084007
36199,0.2943204326158472
36200,0.1756923303783257
36201,0.2341702936940358
36202,0.19376594659499846
36203,0.18300469248222687
36204,0.17438243866048922
36205,0.20511364998757384
36206,0.17380301983881308
36207,0.24620822434171202
36208,0.2729283937499341
36209,0.18975560880939252
36210,0.29077006230222213
36211,0.2162593835333548
36212,0.17716718180004154
36213,0.17285813115777351
36214,0.27942353507027734
36215,0.18229881076730117
36216,0.2489042709276563
36217,0.16395450727355398
36218,0.22141660375382202
36219,0.17786334261707432
36220,0.18208294562966398
36221,0.21811514181096744
36222,0.2293787648068499
36223,0.27349362658738896
36224,0.15797801472514378
36225,0.16508480674886603
36226,0.23283465054052768
36227,0.18234906634947218
36228,0.15972917224664204
36229,0.30125118545936475
36230,0.2205851746917341
36231,0.191271813998224
36232,0.28801183669879515
36233,0.19111797415610332
36234,0.21868487266572165
36235,0.18363637922972542
36236,0.21348837784997424
36237,0.18388778803909644
36238,0.23065259083373976
36239,0.24028300601230876
36240,0.19048407759977454
36241,0.3255531248864301
36242,0.1377340445036989
36243,0.1768905664711458
36244,0.26992684723436433
36245,0.26409261131537604
36246,0.237521995763195
36247,0.22386775783711502
36248,0.1776455167212204
36249,0.25354939894098694
36250,0.22867838784236721
36251,0.1736715801946551
36252,0.18252865376477645
36253,0.27267808883704076
36254,0.1811955755891767
36255,0.1444717561114855
36256,0.16723834431544904
36257,0.16459119920580417
36258,0.17609497871065785
36259,0.18011219403324227
36260,0.19719051023002418
36261,0.2683918662752231
36262,0.1478717880135076
36263,0.24123957665244805
36264,0.18688968154961205
36265,0.25401848793900106
36266,0.2242779153591449
36267,0.262798557940168
36268,0.1549530935593449
36269,0.17232986648666893
36270,0.14451729985726863
36271,0.20161094644025568
36272,0.17326836146124053
36273,0.24117051498862263
36274,0.21051307691584412
36275,0.2785450882529621
36276,0.23320007004563942
36277,0.1603739421441943
36278,0.1777590799004209
36279,0.16900389739020763
36280,0.26577005445140367
36281,0.2414043843053883
36282,0.23861650093963063
36283,0.2886928089039367
36284,0.2440512887810866
36285,0.19185134095922254
36286,0.1965669702895503
36287,0.27383619975295037
36288,0.17890594785981004
36289,0.21562872075407705
36290,0.1683851987788664
36291,0.17985504784322145
36292,0.19864638290075057
36293,0.25766252093202613
36294,0.22179116271369215
36295,0.14241013357855706
36296,0.25516113215895236
36297,0.24723508312373504
36298,0.17456452191497246
36299,0.16600164327615827
36300,0.15726449808102724
36301,0.28257265946262894
36302,0.28651482711820936
36303,0.15783087892423991
36304,0.2542316658538168
36305,0.29329518435899554
36306,0.19290505506442282
36307,0.20590543967159694
36308,0.15305188636736702
36309,0.2388186890346721
36310,0.1627082915124169
36311,0.2737958944358048
36312,0.26225721388613205
36313,0.25658059458604987
36314,0.25373278928664933
36315,0.2753645678998724
36316,0.1979678773593501
36317,0.16280458601134243
36318,0.1998163786304197
36319,0.17127301103396075
36320,0.28139377673065935
36321,0.23260761495416662
36322,0.1761130891044703
36323,0.29283901350697084
36324,0.2656460621783754
36325,0.19731293096915492
36326,0.21282788733450936
36327,0.21347728615943587
36328,0.18091337712015979
36329,0.17755845966054412
36330,0.202681958423027
36331,0.21372793185490513
36332,0.29772189445336855
36333,0.2598416805401861
36334,0.1476612193476975
36335,0.1913051198872136
36336,0.1594573318870769
36337,0.26920131483080445
36338,0.2461784343899889
36339,0.2774972582500691
36340,0.2069152588421033
36341,0.19712088855728507
36342,0.19577464790465993
36343,0.2901633949227901
36344,0.1888718874550735
36345,0.23540692762186755
36346,0.22294503605533453
36347,0.23057193660762654
36348,0.19264619308055891
36349,0.18624757434586775
36350,0.19057950550171224
36351,0.19026263477872746
36352,0.15252377600053732
36353,0.2675758206389576
36354,0.1891071110086602
36355,0.18106198751001334
36356,0.17551302276276382
36357,0.21485007653215912
36358,0.2576924250470309
36359,0.18844973452140798
36360,0.18628213069968103
36361,0.1709944319120558
36362,0.17612451486712286
36363,0.18746967608205953
36364,0.19313176633449744
36365,0.23110602007452952
36366,0.2635088519862744
36367,0.19532788168754703
36368,0.20647096987320387
36369,0.24162425517836852
36370,0.2094869772838264
36371,0.2179687614123594
36372,0.26923013674457363
36373,0.275703851687708
36374,0.2938378137470995
36375,0.1839295756517697
36376,0.18720863272431984
36377,0.27237509699662454
36378,0.21566129841442996
36379,0.22704890081342213
36380,0.22056912600308823
36381,0.2635319132354356
36382,0.1803448196367437
36383,0.2809260869556843
36384,0.15642065160108218
36385,0.27350247598907224
36386,0.1592063474515409
36387,0.17698200457957647
36388,0.17442940703127888
36389,0.21837688897388574
36390,0.15836650338665678
36391,0.2835898471202991
36392,0.17693985841104123
36393,0.3049613560225842
36394,0.24698305484907684
36395,0.19096185521101083
36396,0.17697863260946164
36397,0.1554323039715801
36398,0.2320435015948325
36399,0.2289871213879882
36400,0.2071554673823277
36401,0.1810691991629799
36402,0.2744883473823701
36403,0.1646875282183836
36404,0.18166908544909144
36405,0.20970324066618265
36406,0.22132264306352514
36407,0.17916860908328833
36408,0.1729386068638492
36409,0.1675082330534047
36410,0.17101234070611288
36411,0.1929255993608045
36412,0.24181205908302508
36413,0.1787603553162262
36414,0.28630190806291766
36415,0.2896866651711542
36416,0.3129871701357997
36417,0.23236109468857571
36418,0.22177316167886815
36419,0.16826666317479164
36420,0.24608596535605148
36421,0.22677296470679079
36422,0.35520522327975845
36423,0.19332465585089767
36424,0.16923532539594555
36425,0.2880639399091471
36426,0.15331091665836535
36427,0.25748510529384366
36428,0.17352693892905557
36429,0.20119956238569675
36430,0.16635792423433526
36431,0.21552005610649774
36432,0.16285693641131016
36433,0.17670157561664482
36434,0.2692748138987653
36435,0.17481772693737863
36436,0.23682673344970454
36437,0.1550604257960432
36438,0.19578757235306474
36439,0.17495625903146986
36440,0.1903827995300859
36441,0.3384583895923419
36442,0.17484831293536854
36443,0.15762764809383972
36444,0.1805027485438266
36445,0.2404526149878688
36446,0.1836699016454163
36447,0.1915296071298178
36448,0.19599679235723694
36449,0.1513041812000832
36450,0.19055653571733583
36451,0.196378208397932
36452,0.17878850184690498
36453,0.21090844055474012
36454,0.26406438441604063
36455,0.221917973995274
36456,0.1752813769698005
36457,0.29454026457876226
36458,0.2255484242852449
36459,0.22792074364475026
36460,0.2702903060944493
36461,0.2519033766805432
36462,0.15284134431000249
36463,0.20437449309493
36464,0.1721324160804935
36465,0.28175957933796025
36466,0.24837405915034197
36467,0.20291421654912278
36468,0.20856715877066212
36469,0.22613385616646398
36470,0.19322312772899475
36471,0.24821958959442747
36472,0.1776020173776477
36473,0.2206917142635715
36474,0.26596519880249064
36475,0.21178846166874227
36476,0.24434444441546435
36477,0.2165519809860532
36478,0.17695921277806395
36479,0.20492962506714238
36480,0.26389787852724894
36481,0.2724697055821385
36482,0.20075239255596863
36483,0.20591339181157245
36484,0.21374406493276937
36485,0.1937606237518591
36486,0.22126168729401072
36487,0.20902885458974915
36488,0.28883558472174686
36489,0.21040716645874144
36490,0.16957819422209122
36491,0.2578421614028273
36492,0.21159569244211926
36493,0.23408804483593804
36494,0.2738936705707577
36495,0.16782161611889862
36496,0.1491402426850308
36497,0.2672930510576539
36498,0.2378356420599786
36499,0.21981258174333662
36500,0.20695470936675608
36501,0.26720237281464665
36502,0.1625978674334921
36503,0.23442609429495867
36504,0.23175879617019932
36505,0.15925381992113244
36506,0.16981962284322086
36507,0.21403211472799186
36508,0.18868639674946952
36509,0.2416474428142744
36510,0.16642969139803226
36511,0.1681554443972923
36512,0.1656993037714822
36513,0.18226008467168925
36514,0.1906038625364686
36515,0.183940981653845
36516,0.1762909433053968
36517,0.1893527849735521
36518,0.24580944340159547
36519,0.2732038561805086
36520,0.2142865030262059
36521,0.13764974489161164
36522,0.1609587075017453
36523,0.21493456189978388
36524,0.19474013048708638
36525,0.2548341603592725
36526,0.18846385299553958
36527,0.17210445742867655
36528,0.2638361927604053
36529,0.3151260483592528
36530,0.2722108986296017
36531,0.16802487797695762
36532,0.3062316169244645
36533,0.2115149009622555
36534,0.21893739078685723
36535,0.20838962189299332
36536,0.2077325477554943
36537,0.28145339060480007
36538,0.17032296527032098
36539,0.2628381963975763
36540,0.19115798672775053
36541,0.24732249974350254
36542,0.1868881910969286
36543,0.322268834826842
36544,0.17975893989731112
36545,0.19334751350906193
36546,0.2753466369793865
36547,0.18432151680860273
36548,0.238176016294194
36549,0.2180702877562318
36550,0.17159964562732796
36551,0.25294061489891234
36552,0.27116934210654786
36553,0.16710795875383663
36554,0.3269517618580424
36555,0.30945950745353706
36556,0.15787496180758537
36557,0.17987222956216958
36558,0.22359951305145986
36559,0.2066815614476445
36560,0.2704261899299748
36561,0.22660251284860697
36562,0.22606924217141788
36563,0.1649494358056803
36564,0.2564018240160604
36565,0.1875401459379068
36566,0.25932989872250845
36567,0.16206006723557823
36568,0.17194029889191773
36569,0.18760456289749702
36570,0.2873771630638646
36571,0.24725544631595425
36572,0.22032052725174497
36573,0.29384664361172874
36574,0.2661416368739165
36575,0.1886016881622945
36576,0.18026789018639267
36577,0.18796116501162996
36578,0.2459768412855154
36579,0.16875023909749365
36580,0.23659321354008803
36581,0.2122680282431405
36582,0.17735331033368454
36583,0.27886092990014927
36584,0.20383703109079032
36585,0.2584249834683448
36586,0.18800597351576434
36587,0.20036265925519797
36588,0.13587310033648556
36589,0.27555376053539327
36590,0.19689515087984483
36591,0.2750046742171556
36592,0.2708285260202999
36593,0.1845800243897514
36594,0.17780454151740183
36595,0.2133365655211414
36596,0.18946417615811523
36597,0.16624280731945407
36598,0.1763187264820106
36599,0.16323057440797584
36600,0.24143987955385174
36601,0.26976932893588035
36602,0.26466593862382054
36603,0.21761546821325298
36604,0.16941413224115634
36605,0.24336726268875744
36606,0.14686461001218837
36607,0.23491621513501545
36608,0.1550912146543322
36609,0.24235914100067962
36610,0.22074074284299172
36611,0.19006281662658236
36612,0.19750552037005392
36613,0.18831825149482967
36614,0.29171939659899027
36615,0.18725549693261773
36616,0.23681403246472235
36617,0.16138891855125453
36618,0.23317890643477013
36619,0.18637822156498962
36620,0.2738602568915306
36621,0.2221725744309839
36622,0.2097427941917706
36623,0.22753564747278993
36624,0.348496015963109
36625,0.2192442166935179
36626,0.25853142233248505
36627,0.35397287192799737
36628,0.1939271386717726
36629,0.17164289599517482
36630,0.18120127962922092
36631,0.22456864079938732
36632,0.17429556118826947
36633,0.1901754602818256
36634,0.2992330624053723
36635,0.23360622662495353
36636,0.23888529900486627
36637,0.19965542111915352
36638,0.2806038923635086
36639,0.1866865504038477
36640,0.25591425146576885
36641,0.25880142004663503
36642,0.22916021110293813
36643,0.2457335820495626
36644,0.22278633484407367
36645,0.2045790880176038
36646,0.19085349786909783
36647,0.26516060954756443
36648,0.22119257059501085
36649,0.23811370655958733
36650,0.2996991289485234
36651,0.22777057499320857
36652,0.33773076725126105
36653,0.19357281953942584
36654,0.15607484203369634
36655,0.27494331032960806
36656,0.25464742450882993
36657,0.3014856128792711
36658,0.22587168225416476
36659,0.15374296098494078
36660,0.2161110605767431
36661,0.14614022197741539
36662,0.16220012331866504
36663,0.229206884297667
36664,0.1967468441908925
36665,0.1542025025821504
36666,0.23938804786329634
36667,0.22528194696626883
36668,0.17519252348596567
36669,0.16633156813450653
36670,0.18834545379962064
36671,0.1890137931693301
36672,0.22999613827442938
36673,0.21808037863670632
36674,0.24691224284692126
36675,0.16244706936317166
36676,0.2830005178923021
36677,0.2836594744553215
36678,0.29014104652127004
36679,0.20228891987843656
36680,0.1746193001236488
36681,0.19310880188140023
36682,0.23293495038278494
36683,0.14410312172863246
36684,0.19352507159470422
36685,0.2802552447508747
36686,0.23214218071059736
36687,0.20621870160145192
36688,0.1963760445061188
36689,0.24033185076168412
36690,0.24738825647341967
36691,0.2369573007808558
36692,0.18012513964351068
36693,0.2009493959559834
36694,0.1649137603950052
36695,0.17420269178283154
36696,0.2120821976470321
36697,0.17757119406226596
36698,0.23930349930080003
36699,0.2891910677251292
36700,0.22594313842039074
36701,0.1630017699991101
36702,0.23211880168042393
36703,0.19103692892845295
36704,0.22200148853752474
36705,0.1644891778344729
36706,0.28336653264772405
36707,0.16960420185070096
36708,0.28981467795635224
36709,0.18767545532648136
36710,0.3044427531960336
36711,0.18261237054388885
36712,0.1645328457992877
36713,0.21867624334825986
36714,0.17411057733428595
36715,0.18701291848136928
36716,0.18813935446103444
36717,0.1787268812229104
36718,0.23043541708838686
36719,0.18532209155657
36720,0.19251182800620822
36721,0.29933814891433935
36722,0.239146617840358
36723,0.265856433034979
36724,0.24410658283035544
36725,0.22801571359496303
36726,0.284205636487512
36727,0.1916503855133266
36728,0.2849962565484255
36729,0.2938619401644539
36730,0.24395858571018703
36731,0.16984057697762733
36732,0.23309003845649479
36733,0.33585629634100944
36734,0.27567638346230955
36735,0.37045659158015887
36736,0.2844108097929645
36737,0.26708577096418484
36738,0.18860192756974342
36739,0.24082327125835698
36740,0.27463701524216505
36741,0.22207568390444696
36742,0.19527467292921472
36743,0.1358447578316122
36744,0.2362047843031856
36745,0.2295460095660427
36746,0.2117466338448599
36747,0.16785831225363856
36748,0.18519115782266468
36749,0.19530555432966965
36750,0.2150955348790355
36751,0.17233580120708036
36752,0.2480594416692143
36753,0.16624143231828026
36754,0.31897851645255704
36755,0.16208972039369468
36756,0.24565241429379356
36757,0.2949503459078222
36758,0.3176818469249165
36759,0.17286912770744528
36760,0.1795448385446226
36761,0.24557202234278225
36762,0.33768581795727054
36763,0.2515090712340935
36764,0.22773558709036826
36765,0.19426360849761815
36766,0.21380974650486595
36767,0.2568518470576595
36768,0.17973524594355317
36769,0.21327251926003057
36770,0.18512242712513577
36771,0.1913450615290849
36772,0.20608710625772114
36773,0.1798599720551317
36774,0.17093336020579294
36775,0.23415218339933644
36776,0.20194308679332143
36777,0.22371970733579105
36778,0.3032534988363494
36779,0.2868606153964129
36780,0.18128495271201076
36781,0.18595137503011863
36782,0.22912905809027242
36783,0.18733765322124113
36784,0.3118345979589758
36785,0.2395078060398051
36786,0.16906222815807478
36787,0.1931383711011048
36788,0.2468080530064155
36789,0.21100414130059783
36790,0.3212337491709498
36791,0.18700090439419298
36792,0.18922752600678971
36793,0.20712117833802374
36794,0.22038992004440797
36795,0.28504768280999454
36796,0.24608057652470616
36797,0.24567471876038424
36798,0.18043138375526152
36799,0.27475723108007216
36800,0.21320229582960246
36801,0.3505698762896894
36802,0.1692322911568744
36803,0.19028629762007163
36804,0.3099993597533561
36805,0.25188825439673185
36806,0.19016769563294567
36807,0.2621504842873877
36808,0.23748332031496364
36809,0.25034131488048394
36810,0.24828850766749044
36811,0.2595703567063209
36812,0.1645832313514959
36813,0.2609621974616319
36814,0.17509687706693872
36815,0.20145437997937424
36816,0.14878464597679703
36817,0.18948355413863685
36818,0.22274502653050304
36819,0.21423457436121052
36820,0.1936235142799894
36821,0.15116166101287348
36822,0.1908601513158167
36823,0.15568509848693976
36824,0.17488143273266363
36825,0.34982537430072513
36826,0.1955904555045228
36827,0.1924126414249615
36828,0.22454884439665548
36829,0.19310751309349236
36830,0.1680017508639723
36831,0.2893890662795658
36832,0.2477601903022275
36833,0.235403561669496
36834,0.22172055684346176
36835,0.27198080166299826
36836,0.263646866707854
36837,0.20770013387950267
36838,0.20433654621896533
36839,0.28615649448938313
36840,0.20516000639892598
36841,0.29984477664186177
36842,0.23265192671820706
36843,0.18967035350049014
36844,0.1917288556077232
36845,0.2956155691961338
36846,0.21812354792831495
36847,0.1346672912846445
36848,0.1568997955023741
36849,0.28075213098489066
36850,0.20130815755916698
36851,0.2408999883854274
36852,0.24035642814967717
36853,0.2049185641292695
36854,0.24366688151844773
36855,0.18508432571691238
36856,0.23194317498802128
36857,0.2327682213961632
36858,0.28100455350755726
36859,0.22526795691806656
36860,0.26685511138078855
36861,0.21640009479385752
36862,0.14798128390486964
36863,0.20094497605875133
36864,0.219790248468561
36865,0.19479489503368094
36866,0.19814063440344118
36867,0.19525977237962763
36868,0.2685462767215478
36869,0.1991599912959978
36870,0.31180779554778437
36871,0.24202332466666363
36872,0.24973309247382183
36873,0.18431658876089124
36874,0.1724042617145285
36875,0.19925570846260082
36876,0.29193830434036705
36877,0.2337643905607569
36878,0.2204034685745971
36879,0.1876851138875768
36880,0.2546622409916057
36881,0.21948675105262364
36882,0.1930988215599913
36883,0.17082646633122572
36884,0.20263257842949986
36885,0.248344845540857
36886,0.2796471460833388
36887,0.20767083561938388
36888,0.19355891891419413
36889,0.30427364665787
36890,0.17671582412632866
36891,0.1917042073176708
36892,0.27242328995809095
36893,0.20980543202485258
36894,0.2443987835653242
36895,0.195857918219386
36896,0.1828230875334283
36897,0.2335689691845711
36898,0.2988765639041641
36899,0.18824787594882098
36900,0.18167426495657682
36901,0.1746564646083989
36902,0.28169028520968653
36903,0.2625070082472376
36904,0.24468538685450045
36905,0.26266618538870373
36906,0.2157834502955135
36907,0.19615299376702436
36908,0.180080014989676
36909,0.2326186107182503
36910,0.22091881942623676
36911,0.166655892016704
36912,0.18972633372969694
36913,0.24615103691408957
36914,0.1920013278032444
36915,0.17064714873433648
36916,0.27276944791934543
36917,0.2520128951245396
36918,0.24093766820675697
36919,0.1734225827660876
36920,0.21199927831349924
36921,0.1909816934051545
36922,0.1383727789233521
36923,0.18681405048483768
36924,0.23750330617675808
36925,0.16998675327253182
36926,0.24885753226354146
36927,0.19012116611106541
36928,0.2813556676422006
36929,0.24827917773505104
36930,0.24851247524282907
36931,0.2554443977082926
36932,0.18124617189896775
36933,0.25934431753073733
36934,0.24043056441772911
36935,0.1912781172269299
36936,0.18133007452800826
36937,0.2996422234958711
36938,0.22592850988654548
36939,0.18261604084885805
36940,0.17824052066708013
36941,0.2736131506039685
36942,0.1914559331401718
36943,0.1896392448740379
36944,0.261542934958911
36945,0.15942865374650897
36946,0.21516962642480308
36947,0.22279360971493303
36948,0.18229456256211624
36949,0.2602485187559497
36950,0.22101564950957323
36951,0.20074088704998702
36952,0.1735439268876084
36953,0.3017117305618787
36954,0.23020231219304257
36955,0.18589356680680663
36956,0.1864385087549225
36957,0.2284866957372596
36958,0.2301816282591264
36959,0.16536625659407528
36960,0.20331279731753388
36961,0.25371632785577214
36962,0.298325283947299
36963,0.18716214416781138
36964,0.1936174722791426
36965,0.1695486784127546
36966,0.17617262246369758
36967,0.2860900544562752
36968,0.25078423927178867
36969,0.2389756264686855
36970,0.2606920321790179
36971,0.2926935724528295
36972,0.31722481772574435
36973,0.16170335392002042
36974,0.32179683443806895
36975,0.1960674892305752
36976,0.24775220610466334
36977,0.20288126873331044
36978,0.1689185896605517
36979,0.3400468264005269
36980,0.2578712385837436
36981,0.28362951865648184
36982,0.22419398731526385
36983,0.2562716966458633
36984,0.1761041371102916
36985,0.1867642421341001
36986,0.14621174981606208
36987,0.1680437699245892
36988,0.22336219192075213
36989,0.30156674236734327
36990,0.1921487878089861
36991,0.19688852842312596
36992,0.16419336046247182
36993,0.2474143861860357
36994,0.270467971084339
36995,0.2764459830860487
36996,0.2013027873436015
36997,0.17762354088453658
36998,0.2595146152495448
36999,0.16090902931695575
37000,0.17457170714162867
37001,0.24684188117343733
37002,0.2960611249082617
37003,0.16022732701687065
37004,0.31582751493440414
37005,0.21844947208183604
37006,0.23384157986012918
37007,0.22807240954183128
37008,0.18389142451705318
37009,0.18512590374224785
37010,0.1846356075238308
37011,0.17760108493673518
37012,0.20655251713196487
37013,0.22155429752439004
37014,0.19527364276254727
37015,0.23749270088994096
37016,0.19058316822105453
37017,0.3095663938270158
37018,0.23645472983794094
37019,0.16361618246268603
37020,0.25306450893009896
37021,0.2717729342788013
37022,0.2012421870091897
37023,0.21342557745191854
37024,0.18075129225674139
37025,0.18143947558047416
37026,0.26788894329215884
37027,0.17586108301158912
37028,0.21920967333748437
37029,0.28072013558365394
37030,0.26094272640645216
37031,0.28596111137389324
37032,0.23921779354357384
37033,0.15633186097025467
37034,0.19025473196490136
37035,0.2099488818135728
37036,0.19750241151690828
37037,0.1507884075270138
37038,0.16079737357606902
37039,0.23283172603295077
37040,0.180341173212761
37041,0.17478571789475325
37042,0.20538239980541267
37043,0.3276461581432642
37044,0.22658801259236427
37045,0.18465074206639884
37046,0.29415489592513777
37047,0.2980080283452
37048,0.207544372170964
37049,0.1569895226214793
37050,0.2280522407804547
37051,0.18000029814411259
37052,0.18029140296787424
37053,0.26028180132642825
37054,0.1681611588697729
37055,0.21506456174265182
37056,0.22239682368252198
37057,0.17010271416850598
37058,0.19242687605412223
37059,0.17631221785675488
37060,0.23482598162769588
37061,0.2039840540971943
37062,0.17161479758340126
37063,0.15698965580289856
37064,0.18079068909467008
37065,0.2886063634622769
37066,0.3004646920146013
37067,0.2154195339668891
37068,0.23145939481743913
37069,0.21282698259968963
37070,0.22766372323721762
37071,0.18009857779863087
37072,0.18725928903997197
37073,0.16533310786425368
37074,0.20812848182625854
37075,0.27776394919509456
37076,0.24946455122348227
37077,0.22886703158208946
37078,0.21037383728297449
37079,0.24352231862044088
37080,0.18147850861542555
37081,0.19619616545572416
37082,0.19854436075532772
37083,0.24274528458325548
37084,0.18298067622256983
37085,0.18465798622403606
37086,0.21408964834922528
37087,0.19852254014067694
37088,0.21348800830196699
37089,0.2098637602735482
37090,0.27748570315794957
37091,0.1684885006118247
37092,0.1714511845379048
37093,0.15784388531822297
37094,0.2748357032715034
37095,0.23195547612561068
37096,0.24286177385944993
37097,0.13915916308415544
37098,0.19602075591045798
37099,0.2666069691641793
37100,0.23203336628080276
37101,0.2553677422794506
37102,0.20390646689480532
37103,0.17606804232760712
37104,0.2100863784462123
37105,0.18666082917033935
37106,0.24250428937387494
37107,0.19019221814355888
37108,0.20928154669624977
37109,0.280435982569738
37110,0.1675138096183505
37111,0.2115992568307104
37112,0.23766202263025643
37113,0.1628399625291903
37114,0.17353357330812003
37115,0.2723923459251103
37116,0.2821834177467409
37117,0.26817148781755346
37118,0.22783979564152976
37119,0.17816292261475028
37120,0.1934015068177305
37121,0.24823623863053038
37122,0.18169596581461409
37123,0.26053821530144927
37124,0.16313265907792068
37125,0.272994257827299
37126,0.17217672027636421
37127,0.2256584194095926
37128,0.16185556000787835
37129,0.28375403620079115
37130,0.1868082623155271
37131,0.24085342956567962
37132,0.18537383942952296
37133,0.18976250884508503
37134,0.23673267476858062
37135,0.20674291788669863
37136,0.1584549085979179
37137,0.19228874179221211
37138,0.21792529295220273
37139,0.22951392950029745
37140,0.18751480391527545
37141,0.1654819532714478
37142,0.2608686851375499
37143,0.23355353353630676
37144,0.17520176102464544
37145,0.23107997986116335
37146,0.19915863831031594
37147,0.25501132884807126
37148,0.17956144292829243
37149,0.23116267810874652
37150,0.2130651419639477
37151,0.1900971451779726
37152,0.3212022346165243
37153,0.14449604301655197
37154,0.266938115033825
37155,0.21093520037655025
37156,0.21722622988180088
37157,0.16175029667646235
37158,0.2723816663953893
37159,0.14995082759032402
37160,0.24424567010553733
37161,0.2169250533716581
37162,0.29027324413689887
37163,0.22600961613539966
37164,0.19298709710926942
37165,0.20740530538847024
37166,0.1584979447580677
37167,0.18914536989922298
37168,0.18813180795860227
37169,0.2230917746273383
37170,0.2315398437011526
37171,0.17712333243830242
37172,0.16851181266441947
37173,0.3328826951324795
37174,0.18380347363170074
37175,0.1533087857347182
37176,0.2212266204404988
37177,0.24930104592155294
37178,0.16034930090685764
37179,0.2541439170228531
37180,0.17116424244975692
37181,0.22005394388410707
37182,0.22232918178590488
37183,0.18166334788375826
37184,0.28109958048534806
37185,0.19988839983425197
37186,0.17881288297058462
37187,0.19603978266415667
37188,0.18187724746200692
37189,0.1594266810354179
37190,0.2587242024882773
37191,0.1886661199007758
37192,0.2755722283551774
37193,0.3247760899186787
37194,0.2638172240270362
37195,0.2075055440161114
37196,0.2880323048549509
37197,0.23650360207913457
37198,0.18638051427782595
37199,0.2039539211394256
37200,0.29443932191121
37201,0.2542164257145387
37202,0.24245944701426259
37203,0.1759204272001932
37204,0.18201114791892117
37205,0.26100587358785426
37206,0.182297680191163
37207,0.13966788751332046
37208,0.1709365598242405
37209,0.2829798816118794
37210,0.17473784823100025
37211,0.1755513420579805
37212,0.2511059644622063
37213,0.15658723375437644
37214,0.16230055747230093
37215,0.16932920716540228
37216,0.2611629681013786
37217,0.22727529233928329
37218,0.3033228499444112
37219,0.2207367728731213
37220,0.14983549870382903
37221,0.1607121354297059
37222,0.23329475486758028
37223,0.20335886006778206
37224,0.1700477617663139
37225,0.2785235737697127
37226,0.19126995329881435
37227,0.15189751078951166
37228,0.1748200819053135
37229,0.2531985950676097
37230,0.2011540987291618
37231,0.23479329164205193
37232,0.29688973472838165
37233,0.28184219902413415
37234,0.19127123224575038
37235,0.17724464255450986
37236,0.1703126981510472
37237,0.2218825396265462
37238,0.2536549337852743
37239,0.26692114513947773
37240,0.184333194834296
37241,0.23343220036875806
37242,0.17579701323956062
37243,0.2719125725639982
37244,0.19660455036215005
37245,0.1615326254318768
37246,0.18140939016758825
37247,0.2648793527294326
37248,0.189921892438472
37249,0.17315167608892973
37250,0.24173411564335928
37251,0.18537219559528822
37252,0.17019136845945884
37253,0.19020631773663962
37254,0.23188634167624528
37255,0.16718808640682767
37256,0.21755204994266833
37257,0.3269390826069637
37258,0.27306592466828195
37259,0.1858308643849439
37260,0.19430251246028693
37261,0.20453252500424476
37262,0.188657742653024
37263,0.17305195396683548
37264,0.21490669465261594
37265,0.2266840698775071
37266,0.20246104306949303
37267,0.15610533358714743
37268,0.17987859559767852
37269,0.23822557598142086
37270,0.22611632080464247
37271,0.28827796451409604
37272,0.24468124461496227
37273,0.27572454514837735
37274,0.21599824319310357
37275,0.19761772577939116
37276,0.17959585219400026
37277,0.1662520765499789
37278,0.25379570098890253
37279,0.21362561988380965
37280,0.1675794215398152
37281,0.19600302134622027
37282,0.2597968932345849
37283,0.2678871189053092
37284,0.18236880645485037
37285,0.17150191718031568
37286,0.19749627291195826
37287,0.18532607387567304
37288,0.21630926118453825
37289,0.21539233648478753
37290,0.31416452560326863
37291,0.23467327044963224
37292,0.19868454139714295
37293,0.28325237663696146
37294,0.19462026131293908
37295,0.23048836200281117
37296,0.19115345781147777
37297,0.1848568248695572
37298,0.16966376002326825
37299,0.27527194305828134
37300,0.18948466453129056
37301,0.20156228115494113
37302,0.2009329117604637
37303,0.18085521623787135
37304,0.2902438037280561
37305,0.1641702008056709
37306,0.2468245504002775
37307,0.17466442491558765
37308,0.20222195762284526
37309,0.29850141983914613
37310,0.20723534986321968
37311,0.1970777483416716
37312,0.18064059341141564
37313,0.2976923450463688
37314,0.19469197388474754
37315,0.16967851956540358
37316,0.26391933924147465
37317,0.18644872453439784
37318,0.2069926618468351
37319,0.16176128707665985
37320,0.20381817114347778
37321,0.25680741329877377
37322,0.21152864427305654
37323,0.1918216352328177
37324,0.2721568911856715
37325,0.18753144069852465
37326,0.23340979811492069
37327,0.17014670538708251
37328,0.2590036216684773
37329,0.18444397248735822
37330,0.21431207839326583
37331,0.2379459924482678
37332,0.24268643348726687
37333,0.2383905679074795
37334,0.17245181202894164
37335,0.16070327372334592
37336,0.19600890520347203
37337,0.23416689259376824
37338,0.18586585749329937
37339,0.16369282815125571
37340,0.20999904102956715
37341,0.28013389661364113
37342,0.23086251007788358
37343,0.14309395039277478
37344,0.15922262150190053
37345,0.2244124760053735
37346,0.2575760905495676
37347,0.19652189087854158
37348,0.14521196020834304
37349,0.2674045702468082
37350,0.2078068714434592
37351,0.18819886232423663
37352,0.20788445634760946
37353,0.2082979229699825
37354,0.19007951922760774
37355,0.21217585857566212
37356,0.16352445750103567
37357,0.16685445738092725
37358,0.24428329376305213
37359,0.17158454543886173
37360,0.22349733359394605
37361,0.15546433503558751
37362,0.2908164399987337
37363,0.2786440176551798
37364,0.19582111669096464
37365,0.18543820332517516
37366,0.16703622978616256
37367,0.18663698731885045
37368,0.22551732505796046
37369,0.24458258507788141
37370,0.29588249728139376
37371,0.18375396641167072
37372,0.30515649558470337
37373,0.20353695889957124
37374,0.17619636717193465
37375,0.2651530489296051
37376,0.19317997134860593
37377,0.2784776444788121
37378,0.2771014512392069
37379,0.13879317751603826
37380,0.13719500281859748
37381,0.162229581252917
37382,0.20387154989136408
37383,0.176867282918782
37384,0.23369885034867327
37385,0.27254700513521823
37386,0.2557279156967987
37387,0.25357815348166945
37388,0.16921883652827938
37389,0.28554721355366003
37390,0.16016832942918516
37391,0.25442716663174586
37392,0.2492399501310043
37393,0.2432006089251329
37394,0.19544258900950942
37395,0.20568784367469245
37396,0.13330679394900996
37397,0.2767215866312438
37398,0.26548564361771
37399,0.21527450707300722
37400,0.24280783591141433
37401,0.26659639792678086
37402,0.15484201602602984
37403,0.29561028797210054
37404,0.20165539727280968
37405,0.2221157892682976
37406,0.2383501771136649
37407,0.19328292739910946
37408,0.17284106257962822
37409,0.22367236766814247
37410,0.18821151368396472
37411,0.22588798045152786
37412,0.1726448871328543
37413,0.3321514775991287
37414,0.254295634405251
37415,0.16672335259666898
37416,0.22134622000971838
37417,0.27771663385183293
37418,0.24724199111226727
37419,0.2671183393231807
37420,0.22718933020715823
37421,0.28085348574242164
37422,0.19519670622926452
37423,0.22848937453548437
37424,0.15606029675391805
37425,0.1890403423133006
37426,0.2712826378000142
37427,0.2586938673499549
37428,0.2627427010948164
37429,0.2054017245993689
37430,0.2531623157646128
37431,0.28957158945936845
37432,0.16114637140244623
37433,0.27168738279125954
37434,0.2896161789182359
37435,0.2848031599674611
37436,0.16814842740172364
37437,0.18164789020316327
37438,0.21845806225274653
37439,0.23641219203427877
37440,0.27684288339302054
37441,0.2687763029321404
37442,0.268080083405996
37443,0.200987100196905
37444,0.24169804676292853
37445,0.2150909986346047
37446,0.2147807239363263
37447,0.21908438519889406
37448,0.325679123183877
37449,0.182270448110095
37450,0.18137345942563257
37451,0.17155924897238453
37452,0.14469815522281804
37453,0.19725904663189284
37454,0.1964690217279748
37455,0.17907521416414057
37456,0.185734196085299
37457,0.2503657531288019
37458,0.28010688066559913
37459,0.18358667588126973
37460,0.14795175923121204
37461,0.15859124309788827
37462,0.2113213591404375
37463,0.1595968978342712
37464,0.1598742170899479
37465,0.17581858482923124
37466,0.19544630609810498
37467,0.19481284701120896
37468,0.13211284731740666
37469,0.2639205231258705
37470,0.25248158456709346
37471,0.21301675035240536
37472,0.20727793497467942
37473,0.19485544326286766
37474,0.17164747849637307
37475,0.24526912179733934
37476,0.26483933431471474
37477,0.18574580639703211
37478,0.2675010298924614
37479,0.307552369102575
37480,0.16322853820226155
37481,0.16534538774018276
37482,0.30615828462606187
37483,0.27256014333727674
37484,0.17944724403186924
37485,0.18260709508114364
37486,0.17388706858416747
37487,0.20820760306721364
37488,0.22948505469971592
37489,0.17028261515001566
37490,0.15741689868636927
37491,0.16501891718517914
37492,0.1536798573276744
37493,0.17633685440839972
37494,0.1544908627257444
37495,0.22964943719669242
37496,0.15013258013203323
37497,0.3220800742418543
37498,0.16205649595120467
37499,0.18569301942721173
37500,0.2013356354083053
37501,0.25599459258507573
37502,0.21076290484686905
37503,0.2666583328433108
37504,0.25102562793298566
37505,0.19115395819492473
37506,0.19226251816877837
37507,0.312201314126148
37508,0.2526195501099413
37509,0.1795320133088507
37510,0.21716123594782563
37511,0.14255859983663677
37512,0.24305331916249157
37513,0.17145667399906614
37514,0.16796720694239822
37515,0.19599081196617407
37516,0.200802220974986
37517,0.21328957701198561
37518,0.14833784700721178
37519,0.2633604448633508
37520,0.1866920517547911
37521,0.18199485084923667
37522,0.20737528523104046
37523,0.2034814690818087
37524,0.28381654131326545
37525,0.2723186066889592
37526,0.20263786887897572
37527,0.16593700855197582
37528,0.19182607460919215
37529,0.27341188100305963
37530,0.2942595973397612
37531,0.3167559759828516
37532,0.2391872300260123
37533,0.22701121189340678
37534,0.24789425020226685
37535,0.15911962487863382
37536,0.27151609041849606
37537,0.18735578189907165
37538,0.17735071633895536
37539,0.299084331216184
37540,0.17718451353926046
37541,0.22033327081546955
37542,0.2857406321412162
37543,0.25089845583560755
37544,0.16646921404858567
37545,0.271253768041306
37546,0.257110101070704
37547,0.26202947752034306
37548,0.17895917029372804
37549,0.1665994377337758
37550,0.1952827112741065
37551,0.2288280512610837
37552,0.15560893568947265
37553,0.15755770626648527
37554,0.17166910848967012
37555,0.18250962771129395
37556,0.1666081219763506
37557,0.22625137252204294
37558,0.2198628829536476
37559,0.20422837881813663
37560,0.1835154345871759
37561,0.18885595789261067
37562,0.1641326185577271
37563,0.1619441263598462
37564,0.1971324645516878
37565,0.15897566714814956
37566,0.18765797699666398
37567,0.20585007756395904
37568,0.2715615786061415
37569,0.17772586690551137
37570,0.2356361222669755
37571,0.19221060628582343
37572,0.28425115062711226
37573,0.17329386879307676
37574,0.19182472078308607
37575,0.2881814846583671
37576,0.20675419628866148
37577,0.21222284046880063
37578,0.21592200740171502
37579,0.19478044050032836
37580,0.18003316069122527
37581,0.17711025739794764
37582,0.2635756664952831
37583,0.19084128976565132
37584,0.20681636690477148
37585,0.1813126958329001
37586,0.2901029274863649
37587,0.18079954723690275
37588,0.18410237676257524
37589,0.28184124891910595
37590,0.28940529292480655
37591,0.16160880329320423
37592,0.25066220599867434
37593,0.14710198928822207
37594,0.17264326219693796
37595,0.19435982809449842
37596,0.21479324176075568
37597,0.1926377633431958
37598,0.16918054006331743
37599,0.19872176848404127
37600,0.17113195744079765
37601,0.23652936352533868
37602,0.22921292332631638
37603,0.166483248015665
37604,0.27780271485659974
37605,0.24023331715475943
37606,0.2128250634273986
37607,0.1643821313449634
37608,0.20969350499700848
37609,0.2672787120541735
37610,0.28315522497322343
37611,0.17066175759055036
37612,0.13649828733647873
37613,0.20698455686412787
37614,0.21206684494978764
37615,0.17488850746297951
37616,0.18141642294612773
37617,0.19169000767413613
37618,0.17550392406715368
37619,0.19268716570598507
37620,0.2313732046148509
37621,0.22436556116930695
37622,0.2519275427277146
37623,0.15552061155070582
37624,0.19813612916127274
37625,0.22812207164542705
37626,0.1704511636727927
37627,0.161867820616242
37628,0.19419567209833205
37629,0.18643381369304712
37630,0.24817005664667063
37631,0.2229751962527956
37632,0.20973920245628297
37633,0.1711111717131623
37634,0.30102444446404064
37635,0.13234346704236308
37636,0.19041231920330748
37637,0.2077442835452219
37638,0.19646018106712415
37639,0.24391985224497467
37640,0.1565001294559802
37641,0.14699656981275763
37642,0.1886042729597558
37643,0.20367496075121377
37644,0.3383645892194265
37645,0.17724548446863042
37646,0.1778315863887595
37647,0.28490254263257675
37648,0.20838793590401397
37649,0.17638905539108055
37650,0.2966957193309903
37651,0.21214451732714867
37652,0.24345573522118324
37653,0.17893759291747777
37654,0.18742619417279333
37655,0.1589836399995452
37656,0.31475691028016206
37657,0.18037191366930969
37658,0.2653772713705907
37659,0.2101491412869817
37660,0.2576265110279054
37661,0.17211434344558485
37662,0.2631537947948277
37663,0.18197255386231392
37664,0.1925121629744325
37665,0.28808032329369715
37666,0.27763608246774363
37667,0.2737796410892235
37668,0.21338085839011353
37669,0.26905973933293476
37670,0.18708790634856404
37671,0.19605403050515535
37672,0.15526240889710036
37673,0.18723443577688506
37674,0.142886765057403
37675,0.30125219680283233
37676,0.1673929897813149
37677,0.15922239811420874
37678,0.1523742768298675
37679,0.15846628314406752
37680,0.18462129900864596
37681,0.14910534395415892
37682,0.17326325741618945
37683,0.19719610223109346
37684,0.2666202279040757
37685,0.23571919369637467
37686,0.15267612686074827
37687,0.24636004651225563
37688,0.21695083826295578
37689,0.2132803337382377
37690,0.2860166774168366
37691,0.22858884830117338
37692,0.2256853577280266
37693,0.16878408989895252
37694,0.25345311438961055
37695,0.13960662513147923
37696,0.19274858067641923
37697,0.1870955366152877
37698,0.25135855090847764
37699,0.25577265913766883
37700,0.2819752373314748
37701,0.29687346927447783
37702,0.2740061629891264
37703,0.2025985213206676
37704,0.2625409969334347
37705,0.16119693009721828
37706,0.19787324681965818
37707,0.2150604003878204
37708,0.1914417845397899
37709,0.2090718860845212
37710,0.22725239443459708
37711,0.2253893569889981
37712,0.18648295042052884
37713,0.19609508074361606
37714,0.1944746413402168
37715,0.18454814710280312
37716,0.19422598754820314
37717,0.1553381773471057
37718,0.2377892744852853
37719,0.16162592544642482
37720,0.25913186475636185
37721,0.3301471562472503
37722,0.1996080329024056
37723,0.17872361239577841
37724,0.24322440834526543
37725,0.24673643597287864
37726,0.16617553048449873
37727,0.16855656144261602
37728,0.23459437246415715
37729,0.20335795587394473
37730,0.1976971564803169
37731,0.25623002470168654
37732,0.16070023166193978
37733,0.19944209549967776
37734,0.19393234980685634
37735,0.19152119965696834
37736,0.18930636519349758
37737,0.182452649005633
37738,0.16600682117252638
37739,0.28105894481275906
37740,0.19469334526432722
37741,0.17813870181593064
37742,0.28887246231045394
37743,0.23062910217547014
37744,0.20294084071737545
37745,0.16141838003505865
37746,0.1886744033201647
37747,0.2637609123841607
37748,0.23277541937460827
37749,0.20336167079962675
37750,0.193939959683643
37751,0.21010757379719738
37752,0.15724489317866078
37753,0.17430888659250499
37754,0.15245730568910731
37755,0.28460440701646567
37756,0.27524483206166905
37757,0.20253593800887376
37758,0.2292797649332651
37759,0.22115338931464262
37760,0.1618243964961999
37761,0.3032131154472379
37762,0.18369807958447817
37763,0.30566118039633305
37764,0.15161894271317372
37765,0.1697595834896342
37766,0.19275746813367278
37767,0.22631168464536117
37768,0.26260617718343476
37769,0.18250032727728357
37770,0.18193851936352629
37771,0.289255811866598
37772,0.1958680440617741
37773,0.30447993352119507
37774,0.3124181241070715
37775,0.17999647143586855
37776,0.17884764307168394
37777,0.1748971562737678
37778,0.14459768459125605
37779,0.288901369604174
37780,0.16931458492622242
37781,0.18361738982206507
37782,0.20805752416351575
37783,0.2773372028453837
37784,0.17794639362679238
37785,0.15545926507750232
37786,0.1884250456450782
37787,0.19812089928258622
37788,0.14966280841281607
37789,0.24830636981024884
37790,0.20125567387406013
37791,0.20745494701034187
37792,0.2749322507010283
37793,0.1860791282501038
37794,0.21497427589387566
37795,0.2438394362196892
37796,0.19466287649030137
37797,0.2908846740170071
37798,0.16544864977844528
37799,0.20173775836931884
37800,0.2611137914230201
37801,0.1964672875425418
37802,0.16386843783081464
37803,0.20814028913376104
37804,0.2026755613739928
37805,0.280781086741839
37806,0.254348048977109
37807,0.1519810667739458
37808,0.21389679811398146
37809,0.17240389576854262
37810,0.16025222480312473
37811,0.20497317278255747
37812,0.27707106661406794
37813,0.17301913031487332
37814,0.1589914876809195
37815,0.22299662383755028
37816,0.30699683760665797
37817,0.16535633647728662
37818,0.19597216255248995
37819,0.2773338665953374
37820,0.21961088786323915
37821,0.2531781140170504
37822,0.22475921733878934
37823,0.23103145933194155
37824,0.27184960973022076
37825,0.30724910346703277
37826,0.2418802781766908
37827,0.17627341923330647
37828,0.28338655198547497
37829,0.15284564100321377
37830,0.22849051271466206
37831,0.15995598975525652
37832,0.1703883332999795
37833,0.1683867856434597
37834,0.2118140185089855
37835,0.21539503227267326
37836,0.16813895339341392
37837,0.1670846869670718
37838,0.28180132174652284
37839,0.17504998173336664
37840,0.21997214444180688
37841,0.1777195900364796
37842,0.147249089198069
37843,0.2754541808476486
37844,0.18551158868728304
37845,0.15585711953331727
37846,0.19002865304029462
37847,0.2730610206012019
37848,0.1791214402466642
37849,0.23055007529963692
37850,0.2654784372360322
37851,0.257101670518179
37852,0.25528008848202555
37853,0.17776455967655863
37854,0.2082387324173566
37855,0.1477601177795238
37856,0.2275504624278829
37857,0.15232431853493003
37858,0.24725517542758357
37859,0.2654560740175104
37860,0.1821136836462241
37861,0.2706625021701017
37862,0.3130291376840746
37863,0.27284499245168375
37864,0.21827836137023623
37865,0.3073221826721102
37866,0.14280162716574515
37867,0.17455434641498208
37868,0.232030053082601
37869,0.19114689366470458
37870,0.2136872644508821
37871,0.17380315364701104
37872,0.25744305034294707
37873,0.16027648882537845
37874,0.23592846213701013
37875,0.2843165070485394
37876,0.27430106690150774
37877,0.17991607917017766
37878,0.1984003578954797
37879,0.27502102444264925
37880,0.223684456820875
37881,0.2563253047019704
37882,0.1494302876167675
37883,0.2313995573338105
37884,0.29229253434620067
37885,0.1756327818550983
37886,0.13637775333363325
37887,0.19697557128189414
37888,0.17649414252839066
37889,0.18864236796729994
37890,0.2129347683464012
37891,0.19248682785121485
37892,0.19492344302423226
37893,0.25523177207267755
37894,0.19705171792755888
37895,0.1680344899153405
37896,0.1742199414731451
37897,0.24861725855729577
37898,0.20548173526357963
37899,0.2117125027982124
37900,0.18549487286332206
37901,0.21941657606232798
37902,0.2518676417311169
37903,0.21514802319689316
37904,0.2374479009903366
37905,0.16961824335648643
37906,0.1570147433087699
37907,0.21085497220596325
37908,0.1768736135824647
37909,0.17575197829765885
37910,0.1912999180577145
37911,0.1451002432287426
37912,0.23680818540047052
37913,0.15057461013048476
37914,0.23434611591729745
37915,0.23742088317620233
37916,0.2751868668424677
37917,0.16985991911897613
37918,0.18190360392509622
37919,0.2675179818441969
37920,0.16111894081776096
37921,0.23870108768923884
37922,0.16811248570247894
37923,0.2709871647925739
37924,0.3061653457759315
37925,0.2719492176948732
37926,0.24562252304525672
37927,0.23417082760548216
37928,0.18961311586124896
37929,0.25687565469652335
37930,0.1959119575974194
37931,0.1996502371044187
37932,0.26199908260712484
37933,0.14968612961227634
37934,0.25653164299489184
37935,0.16952515638322496
37936,0.1479797543664446
37937,0.21359032215522067
37938,0.13875780368110013
37939,0.24825099002867027
37940,0.2743899397493764
37941,0.2508564601322847
37942,0.14304042494383462
37943,0.18264053884663173
37944,0.18636889786437064
37945,0.18493381160013428
37946,0.17683003210519782
37947,0.1859844655362204
37948,0.19640569312432302
37949,0.26420395332718566
37950,0.17477355039544798
37951,0.22850658678241254
37952,0.22046268476266803
37953,0.18994073227740338
37954,0.226271036264383
37955,0.2355449083067146
37956,0.22531693598019864
37957,0.1857385655335704
37958,0.22360838630295465
37959,0.21939846193109155
37960,0.17537529319019873
37961,0.1557976965022059
37962,0.1554908891835901
37963,0.20971399156041795
37964,0.16070277044953685
37965,0.2571275995420024
37966,0.19121094549333928
37967,0.20580304175534722
37968,0.1783659737868042
37969,0.150947800288726
37970,0.20631661026094744
37971,0.1881212728373548
37972,0.19914931951235967
37973,0.19279562136154582
37974,0.18806693491782067
37975,0.14411503708030132
37976,0.17880912060866916
37977,0.2633108199616305
37978,0.2586848638836069
37979,0.17252004892486716
37980,0.22160559133203936
37981,0.20212601435745825
37982,0.17784853741501436
37983,0.3184429142924842
37984,0.1747320430520739
37985,0.20232942159210016
37986,0.20404650012553213
37987,0.1975571943800941
37988,0.18851809479978915
37989,0.29703356323245944
37990,0.27633459108427827
37991,0.19185428782032204
37992,0.17719337821415507
37993,0.1629415199536452
37994,0.19793358137906392
37995,0.26437324487257347
37996,0.1723988357101613
37997,0.25608481905770253
37998,0.24720704939489985
37999,0.24546421452917333
38000,0.19079487382644672
38001,0.17127984195033352
38002,0.2513188487287028
38003,0.24462994036037178
38004,0.18267525131910894
38005,0.21078170011573522
38006,0.20381796139406558
38007,0.15777713526763934
38008,0.2808370933041158
38009,0.18950397300859267
38010,0.2929864482642279
38011,0.2378457624540644
38012,0.15847116685594298
38013,0.26270525455335964
38014,0.1663566452343918
38015,0.1984395030407271
38016,0.18373369601211434
38017,0.27637923545077947
38018,0.2372239962270656
38019,0.28985694145422
38020,0.1496814883965609
38021,0.2914564634436012
38022,0.17845496557795484
38023,0.23074289116817556
38024,0.1971684148226723
38025,0.20687285062566318
38026,0.20134210294069252
38027,0.1690170810470433
38028,0.16029761212483107
38029,0.3092317925894804
38030,0.1936019430239886
38031,0.1876411019474643
38032,0.17894554457260603
38033,0.1979635609600108
38034,0.18637644284006175
38035,0.1716619555533492
38036,0.3235144574976625
38037,0.1623819229697542
38038,0.14187927011366205
38039,0.21419043104767435
38040,0.2294855938669335
38041,0.2485938116859554
38042,0.21910968863662572
38043,0.25416934112011874
38044,0.21835334944489784
38045,0.26946009707541047
38046,0.22991948510573013
38047,0.18227951463835126
38048,0.14142263759588392
38049,0.2690947228313984
38050,0.28964064400644873
38051,0.2095636026876207
38052,0.19054629942761436
38053,0.1513409374278373
38054,0.20683513111420637
38055,0.1817770212149522
38056,0.14254273390512803
38057,0.16675442333024854
38058,0.1865787040007409
38059,0.170265454120328
38060,0.19438175592330575
38061,0.1703189935097117
38062,0.17488955214902113
38063,0.1803329098317718
38064,0.22927955236396383
38065,0.2665689358021613
38066,0.25350634308974124
38067,0.1882188327196945
38068,0.20155046842652496
38069,0.17848753586529195
38070,0.22615378189744187
38071,0.15015255143529907
38072,0.25369354498371
38073,0.19002752170831755
38074,0.17166743822795671
38075,0.23587984762159986
38076,0.21633527581611187
38077,0.1862180720601356
38078,0.17085168314943178
38079,0.20940818864236443
38080,0.2544279764563716
38081,0.36803776736528654
38082,0.17304047617251103
38083,0.259698544336481
38084,0.2166172462053505
38085,0.1941994119314272
38086,0.2859920247098591
38087,0.2003231920945545
38088,0.2623081681875382
38089,0.24839820578073218
38090,0.1681021251548521
38091,0.20088540696933938
38092,0.18043227085432828
38093,0.18873130766357904
38094,0.21507901922439532
38095,0.1830530277656408
38096,0.2823383487000638
38097,0.17400734841004342
38098,0.2825382716300443
38099,0.20970243831768265
38100,0.19019812366513725
38101,0.21600828414101883
38102,0.17986065116713706
38103,0.21465924608584974
38104,0.17106340661276426
38105,0.1550800551711632
38106,0.19138829666187485
38107,0.23550990676306685
38108,0.21760062323589838
38109,0.20700497575764296
38110,0.175894073562075
38111,0.19147975875006243
38112,0.26289001491172115
38113,0.22864573522271683
38114,0.1962481936076796
38115,0.2691634806773669
38116,0.16916285968792494
38117,0.1913276456913958
38118,0.1842502456365963
38119,0.15901369333776064
38120,0.1671084285156281
38121,0.16441612550645054
38122,0.1599522611889664
38123,0.1373169880065495
38124,0.19891951206123884
38125,0.18585651628937985
38126,0.21072541818541068
38127,0.23994731892320953
38128,0.2833076698565553
38129,0.2190621390479626
38130,0.25894493210794345
38131,0.20251720079497848
38132,0.18256720275728128
38133,0.1896935897642907
38134,0.17562781908981623
38135,0.18357288303174005
38136,0.21315923394234587
38137,0.1370128930616708
38138,0.2320713204562703
38139,0.1864701648650101
38140,0.24397180395525328
38141,0.2229452317376605
38142,0.28253472517731637
38143,0.19643690371125722
38144,0.15321441599359767
38145,0.21530186794206646
38146,0.2245297932342144
38147,0.18600427941879155
38148,0.17783224885286258
38149,0.25798665014123884
38150,0.1641324743156349
38151,0.26780594299879895
38152,0.25644060076554076
38153,0.17066286510129633
38154,0.16315304900056524
38155,0.2305568344909736
38156,0.16253180651610752
38157,0.26594939605289514
38158,0.245328962171469
38159,0.2891123611957147
38160,0.17864027601440152
38161,0.2773891995163631
38162,0.15074077196087415
38163,0.14906145209712882
38164,0.2574006701243483
38165,0.30507012287993795
38166,0.2253796195364635
38167,0.26367730484829616
38168,0.18485154778425264
38169,0.251198821030238
38170,0.2013719853356427
38171,0.1556695891787964
38172,0.16249217153339782
38173,0.20049822211163598
38174,0.1796898428075505
38175,0.1672484571746005
38176,0.15958935546809122
38177,0.22339777165408678
38178,0.26479015164841796
38179,0.16900982554199787
38180,0.15756690314250213
38181,0.1716720106340209
38182,0.17095838090681995
38183,0.23466715384448233
38184,0.19500267232697854
38185,0.2297355555136827
38186,0.1635146703139578
38187,0.1923117105604774
38188,0.18725115931876565
38189,0.24780154302511248
38190,0.35039415207937835
38191,0.1816766475629725
38192,0.2497619433961641
38193,0.19014546129133142
38194,0.15784422606428916
38195,0.23331217778725674
38196,0.20582693135680355
38197,0.19072182177337482
38198,0.24546090584512584
38199,0.16598808730765469
38200,0.15784903017323754
38201,0.21864578847954858
38202,0.1972817003062897
38203,0.15266983372829698
38204,0.20791548562199869
38205,0.3384144159022145
38206,0.17907755049359436
38207,0.1881990978600495
38208,0.18627959876904243
38209,0.17301172290416034
38210,0.22402910606644577
38211,0.2101291559510524
38212,0.2090864306061388
38213,0.22850979823414047
38214,0.1662233313043919
38215,0.18828516694567035
38216,0.20171583983246918
38217,0.18937698066306308
38218,0.24317323476292407
38219,0.26539982942627005
38220,0.16088422081685894
38221,0.13394298345811
38222,0.17576014929039283
38223,0.20130350180377532
38224,0.23685493070802846
38225,0.17880032933479004
38226,0.22898608070156215
38227,0.2901998497011889
38228,0.2306684746420156
38229,0.14093290277754686
38230,0.23893504965348838
38231,0.27652987042528204
38232,0.1551316992123656
38233,0.16435728543558525
38234,0.25463350379400984
38235,0.18024354824384525
38236,0.18437315317733585
38237,0.1784628897708796
38238,0.2610114035128519
38239,0.19165464145241348
38240,0.27331414580531704
38241,0.1580516944034296
38242,0.16209811985643616
38243,0.15829346168876518
38244,0.20572296564014717
38245,0.24031371640709756
38246,0.2897692338364829
38247,0.22482141684675383
38248,0.27140791744914833
38249,0.21883800041232326
38250,0.19008098644612897
38251,0.16135747302013112
38252,0.28344167887527905
38253,0.20327563072984478
38254,0.19679225084047974
38255,0.22418561264079823
38256,0.21606221974997036
38257,0.15875829494881843
38258,0.178308201347951
38259,0.25870181402302367
38260,0.18657734648653815
38261,0.20533120698232638
38262,0.239231644447789
38263,0.14681027035996755
38264,0.15598088917400782
38265,0.19277382166534324
38266,0.16493952823140867
38267,0.20737864766110226
38268,0.2201057064616434
38269,0.30130586674269666
38270,0.19312085625331146
38271,0.19783906479603305
38272,0.16293200968930976
38273,0.19755658493971232
38274,0.2895487129840195
38275,0.1848999936571102
38276,0.19303588460839186
38277,0.24832318779625734
38278,0.20666328341864276
38279,0.21292783539028126
38280,0.2776944956175499
38281,0.23103912256803852
38282,0.15594054852180042
38283,0.20168659028098104
38284,0.27829895880793937
38285,0.1617856585435266
38286,0.1678134449988009
38287,0.2162644023843368
38288,0.20346485797489064
38289,0.26978973129835354
38290,0.2324499966113214
38291,0.19877610972384685
38292,0.1674181010051408
38293,0.145468675057595
38294,0.21430671276303215
38295,0.24642574656332247
38296,0.20625212827268644
38297,0.16076427668943105
38298,0.19692178231446103
38299,0.1743717635371881
38300,0.2178299800774698
38301,0.26506874738592867
38302,0.20005825434878577
38303,0.19031820827937057
38304,0.18096819744946976
38305,0.2028108353561449
38306,0.19841007722692353
38307,0.2699127393199604
38308,0.26441314912186015
38309,0.18749104754797252
38310,0.19484240161310346
38311,0.22209701075705127
38312,0.13758015868353807
38313,0.21434360878522402
38314,0.20164484399550267
38315,0.19861925700510266
38316,0.2608233699400676
38317,0.25439436812080163
38318,0.21175628173414082
38319,0.2200026057038253
38320,0.18277534333750103
38321,0.1571221303438524
38322,0.22444042268355258
38323,0.16438902094005584
38324,0.18252790613429895
38325,0.3151148106458235
38326,0.16090336437409555
38327,0.1896920424905696
38328,0.23697939417995603
38329,0.23874353698384276
38330,0.15087659725664837
38331,0.3172959066368036
38332,0.171303130573855
38333,0.2087435928086183
38334,0.13626294763075975
38335,0.17190083031272124
38336,0.2895562248429433
38337,0.2471231657120304
38338,0.17488822774348006
38339,0.19479533211641697
38340,0.2150660070701786
38341,0.16012287913365586
38342,0.20678650001586768
38343,0.17831914956132805
38344,0.1923727899347831
38345,0.25147913074342787
38346,0.17007586493435556
38347,0.16791722650430516
38348,0.21119763038626183
38349,0.21473106673433398
38350,0.2168448367750948
38351,0.2723445179117475
38352,0.2568180774146305
38353,0.24393191468743944
38354,0.18670864874645315
38355,0.2663540730837589
38356,0.16949125862157136
38357,0.2546832073440065
38358,0.17159452502411138
38359,0.15479329873302888
38360,0.2559482836707461
38361,0.16213616779338577
38362,0.16807190137527123
38363,0.2086826228541629
38364,0.22739245657282792
38365,0.2524589505424833
38366,0.17629327588067523
38367,0.2316012484779271
38368,0.22975411185651343
38369,0.2624658317697617
38370,0.21025751622160904
38371,0.19277715494418765
38372,0.15813447279799112
38373,0.1795745494785519
38374,0.1588255465882344
38375,0.2884003008794807
38376,0.15359470650858814
38377,0.195199420663846
38378,0.18015954308796714
38379,0.1617597359762214
38380,0.24565052169539472
38381,0.2113361397477097
38382,0.22643364221239357
38383,0.22501196906145626
38384,0.1681152265777902
38385,0.2755486498535183
38386,0.24472360577577554
38387,0.1815362512526772
38388,0.24364793049210323
38389,0.29490836533888665
38390,0.29121704196980475
38391,0.14987272017512918
38392,0.18392833428218144
38393,0.18985798548046662
38394,0.18708601188928423
38395,0.15936373967114215
38396,0.19418658088544077
38397,0.19742599471173694
38398,0.28675251815613395
38399,0.1729631206897766
38400,0.29609113326610925
38401,0.2515919372358412
38402,0.12964908354077342
38403,0.18002236647753694
38404,0.1858303943871362
38405,0.24074585965577738
38406,0.22462766426711894
38407,0.17396377121821974
38408,0.18490536599902985
38409,0.176834485748913
38410,0.20247050811275163
38411,0.15012926102639018
38412,0.2928322882339774
38413,0.22094789611253304
38414,0.19916805314086258
38415,0.1621726678165926
38416,0.16680892690884547
38417,0.25467333597431213
38418,0.19010309216099233
38419,0.20474401069286505
38420,0.1998869774816866
38421,0.2678454451588386
38422,0.1991264743050091
38423,0.19462278990206403
38424,0.15828633916779705
38425,0.19024200098114988
38426,0.16943952333237206
38427,0.25075971884935516
38428,0.203594289304688
38429,0.18616609038853432
38430,0.23515850426568072
38431,0.1784118088609365
38432,0.1505790512478585
38433,0.18368786434672074
38434,0.1882588633264224
38435,0.2714117003827722
38436,0.19120451703007457
38437,0.3167085035156912
38438,0.288094555507346
38439,0.1983633364145726
38440,0.19079590898735035
38441,0.2389316144481117
38442,0.17897538625122744
38443,0.21027102805793482
38444,0.30939987656440626
38445,0.18593287015409463
38446,0.2424258136614074
38447,0.233055173001193
38448,0.21155072177245987
38449,0.19039398772677468
38450,0.14319929380683344
38451,0.15483204801379466
38452,0.19985209671047827
38453,0.2490136742839017
38454,0.2917427230958383
38455,0.2379069390400834
38456,0.24771336466116348
38457,0.2554118265055587
38458,0.2809614932438928
38459,0.24883186044935818
38460,0.26303316607591226
38461,0.20191538272501636
38462,0.1818253436785798
38463,0.19812622989451395
38464,0.19744102780216177
38465,0.18173988131087784
38466,0.2689137202315257
38467,0.19215719805633572
38468,0.2012954932011112
38469,0.2018770896744969
38470,0.1550575605866722
38471,0.20392634000620202
38472,0.17569361150514637
38473,0.1791873207316584
38474,0.26724791236578305
38475,0.2809705565877351
38476,0.19903502930879738
38477,0.17110898619959294
38478,0.2506878197373106
38479,0.17688078843982136
38480,0.25598764339562186
38481,0.18561894269921975
38482,0.31405759103566594
38483,0.20525498216200608
38484,0.25860333905791505
38485,0.175727460173746
38486,0.24238088745009137
38487,0.16619124135808142
38488,0.17328924051974945
38489,0.1993605986850602
38490,0.2760867910632934
38491,0.3472747019456585
38492,0.29075907613188207
38493,0.16392352267625662
38494,0.26236239945053824
38495,0.2679118071981243
38496,0.17518891113574844
38497,0.1829754960296878
38498,0.18994984074385354
38499,0.18377277145580628
38500,0.2608034940084256
38501,0.16306242865694792
38502,0.2262568863715754
38503,0.19713063527112382
38504,0.15919678980811178
38505,0.16445312664816206
38506,0.2655108490044073
38507,0.17593690683393542
38508,0.20125896918924951
38509,0.20121973555409978
38510,0.18177608523675326
38511,0.19924370963661306
38512,0.25832577642904575
38513,0.2055859090053219
38514,0.24584719918257977
38515,0.16231938121159253
38516,0.1896221510540406
38517,0.2665574530719838
38518,0.2689523843236082
38519,0.226919443052112
38520,0.20598152079954904
38521,0.20922432104756428
38522,0.17640910539829366
38523,0.245550399716363
38524,0.2009792085759519
38525,0.27412497115495216
38526,0.36294570174404633
38527,0.17997260414662503
38528,0.15295908701597333
38529,0.2517324553097772
38530,0.21268494629127976
38531,0.17823963863496606
38532,0.17129441227216408
38533,0.19580195856415308
38534,0.17626495799221129
38535,0.17769170813944984
38536,0.2576178417152664
38537,0.1949007582261375
38538,0.16592930093804004
38539,0.31202994117727273
38540,0.1839600464106422
38541,0.17616994512426204
38542,0.18928604622630962
38543,0.1598326999713415
38544,0.1769994651895988
38545,0.1811211364480093
38546,0.2452236648788367
38547,0.16315162315933499
38548,0.16442142750942806
38549,0.18411050187902744
38550,0.20622113231465175
38551,0.23262506485140172
38552,0.1677669755762362
38553,0.18866904736135154
38554,0.17974806639057056
38555,0.19450916151100928
38556,0.24941916864930339
38557,0.1497455892881373
38558,0.18919896490154942
38559,0.2853510993580772
38560,0.30574323614581567
38561,0.23010320693281802
38562,0.2749734219537764
38563,0.14618475981897225
38564,0.290982807852048
38565,0.16426525071472026
38566,0.17966156747507664
38567,0.17991453316537986
38568,0.17209345313825197
38569,0.2908818242093404
38570,0.2550495398106165
38571,0.21697890646273052
38572,0.21319324903119416
38573,0.17334206594660023
38574,0.18548392106885722
38575,0.22590880959638668
38576,0.1774835026862311
38577,0.1751934839785392
38578,0.22290999974232245
38579,0.14956852187083053
38580,0.2417811091816175
38581,0.19970681279289643
38582,0.1644993875106588
38583,0.18286671633211993
38584,0.25204790793943926
38585,0.19808559426120248
38586,0.18849947079025062
38587,0.16848182481307616
38588,0.24262887078327494
38589,0.24715129367918187
38590,0.18010538486974956
38591,0.15267995649280675
38592,0.17603711094714758
38593,0.26990618696179863
38594,0.2714125461878639
38595,0.1749310586054401
38596,0.22706651504500172
38597,0.1697909331577601
38598,0.23992579254902105
38599,0.24941277219516084
38600,0.17875697053074763
38601,0.23430779311842456
38602,0.1561121337332535
38603,0.158592234722481
38604,0.16874356631595044
38605,0.16127463883214027
38606,0.19262958599105173
38607,0.22956087193684538
38608,0.1655114093641936
38609,0.17284510530796962
38610,0.20802303107694972
38611,0.2640185119268794
38612,0.27496128362244887
38613,0.1734915346741366
38614,0.22378222307796009
38615,0.16455944654430524
38616,0.16929749255985946
38617,0.24676239782721582
38618,0.15128792403335353
38619,0.19866210821475822
38620,0.2559735712871912
38621,0.21833598350862615
38622,0.18931699091108561
38623,0.2739044111965256
38624,0.21465387715666176
38625,0.15699080873243487
38626,0.22495062401263652
38627,0.17497134392044092
38628,0.19502665103832714
38629,0.2887474263750873
38630,0.16815723718206477
38631,0.21146630062934546
38632,0.17009730345777663
38633,0.18425951230557294
38634,0.29432030682017013
38635,0.17754243541470782
38636,0.19961024784408998
38637,0.2423921623658093
38638,0.1824371931929177
38639,0.22336171714428407
38640,0.20197113262840888
38641,0.18950520807167895
38642,0.20864456493107972
38643,0.23372903784828275
38644,0.2453755729204145
38645,0.16682142084046625
38646,0.176674330830701
38647,0.2444503232591554
38648,0.17867652738388495
38649,0.20137366992523792
38650,0.16471676053999007
38651,0.26396158185307983
38652,0.21671223098577294
38653,0.15742598336192964
38654,0.2221397286994309
38655,0.2306002950664064
38656,0.22588484211286075
38657,0.22270540106012413
38658,0.17413289017734684
38659,0.1935158071439624
38660,0.22807685790232335
38661,0.1999607161129101
38662,0.1942070891697477
38663,0.24123355461519616
38664,0.18395326131468884
38665,0.2468755698846084
38666,0.2564986573291837
38667,0.1956960520621106
38668,0.16618199175190587
38669,0.1694079953913348
38670,0.2989712628526657
38671,0.24288675995565967
38672,0.18295270888316137
38673,0.19590482343380408
38674,0.266697738148348
38675,0.23520692672936336
38676,0.17158789797284485
38677,0.2683599764700142
38678,0.2200723528716729
38679,0.19895762221842372
38680,0.25905007316302114
38681,0.26214455204865017
38682,0.24477763876406222
38683,0.16978994233816597
38684,0.1774757565091033
38685,0.17417862209203197
38686,0.24195872539242022
38687,0.2788830383342155
38688,0.24098461051462355
38689,0.23620282497571804
38690,0.18327110617977074
38691,0.19060752578480664
38692,0.17626803601012878
38693,0.18603352024608044
38694,0.19854653016265061
38695,0.22161045008588
38696,0.17212281989767678
38697,0.22825665203744872
38698,0.169089295463966
38699,0.16883060551402532
38700,0.15554961201373324
38701,0.190825681393151
38702,0.2420989780294386
38703,0.2540800750814843
38704,0.168408347550779
38705,0.17914349739894728
38706,0.1922930020434884
38707,0.2201311987770883
38708,0.17590355910689337
38709,0.20174117341573475
38710,0.17681023989017158
38711,0.19247347702619041
38712,0.17571776655474275
38713,0.25356116339607115
38714,0.20445171106097956
38715,0.16561321398210627
38716,0.17554557438591073
38717,0.16396568706018422
38718,0.2740088639869222
38719,0.17787827204766862
38720,0.2679028751762135
38721,0.2069215689906282
38722,0.3068788592765349
38723,0.213654702568136
38724,0.22344124434317272
38725,0.15064637555373311
38726,0.17413143905334433
38727,0.28794320117235217
38728,0.17960634906217834
38729,0.19184103313701897
38730,0.195674915912753
38731,0.14277508878270775
38732,0.2620663412388209
38733,0.28225187523049666
38734,0.15395919794122054
38735,0.1818815020583926
38736,0.21017564143894063
38737,0.1649703242082662
38738,0.20270768897415134
38739,0.18849889843098616
38740,0.18685003408798115
38741,0.19409517206181334
38742,0.2039822795060581
38743,0.22183817564250347
38744,0.1463194486418993
38745,0.21070024293839612
38746,0.17464167034436923
38747,0.2116888393994169
38748,0.1847804432588001
38749,0.17584210447522025
38750,0.1796163413226348
38751,0.17996315177472963
38752,0.2744239993725677
38753,0.24356657397113302
38754,0.2532090308378978
38755,0.16514907904702
38756,0.2766623525396871
38757,0.18216210258871565
38758,0.18950656500226304
38759,0.1738459889377321
38760,0.21816022232902924
38761,0.19412385128604015
38762,0.17632764314467056
38763,0.2549092184144545
38764,0.31499379426500157
38765,0.24404918307687282
38766,0.2026053326883352
38767,0.19453322637405354
38768,0.24887681716119148
38769,0.2519438163422457
38770,0.18403323306805708
38771,0.16703244949599697
38772,0.16927460471779443
38773,0.28523942563395466
38774,0.23162154025836623
38775,0.20831626606043355
38776,0.16944103557002207
38777,0.1803063098306651
38778,0.19870020530464175
38779,0.2509208963663469
38780,0.29484765256283246
38781,0.18748374215923394
38782,0.2398231381859891
38783,0.2689856645861981
38784,0.16475823545950274
38785,0.19675571580854664
38786,0.16298996125772722
38787,0.18326586036307632
38788,0.22404187113077953
38789,0.2869909146571335
38790,0.18144341616392487
38791,0.25556668533630467
38792,0.23229784847196527
38793,0.18078637771151534
38794,0.2291711454294128
38795,0.16206172522138623
38796,0.16154544457249542
38797,0.21467092925625117
38798,0.24639049436747182
38799,0.2851059561385583
38800,0.19194496277615417
38801,0.25030389427274746
38802,0.19425310399181575
38803,0.1940655960220038
38804,0.19652481849490408
38805,0.2296732644492501
38806,0.25757185843117386
38807,0.2342859647444905
38808,0.25518629783326113
38809,0.17791932232714355
38810,0.21394247244371403
38811,0.19843228392900567
38812,0.17338833068775292
38813,0.13578901301250834
38814,0.19312790492292234
38815,0.20703800409863743
38816,0.31335145480093646
38817,0.17452523112642246
38818,0.20749890927733797
38819,0.21161782394296805
38820,0.22281367767087137
38821,0.16443959385036994
38822,0.26565297863540865
38823,0.16093538638667096
38824,0.2153350785905688
38825,0.2188891438002475
38826,0.2081325042284427
38827,0.26923597381537695
38828,0.27071433530272876
38829,0.17926092991165649
38830,0.26841629829168134
38831,0.21403599901245282
38832,0.19682444803411145
38833,0.16688382897888843
38834,0.15000896896815416
38835,0.18136051635661946
38836,0.25168965512874153
38837,0.16745683502685385
38838,0.24618837223839216
38839,0.269392103397552
38840,0.19784004643292608
38841,0.240115467727205
38842,0.2732749570521579
38843,0.26160109616258126
38844,0.19300001882671297
38845,0.27245658342335416
38846,0.2890114079291255
38847,0.14454346898064288
38848,0.20496205284559965
38849,0.22796688116324174
38850,0.20084168681816114
38851,0.24331073561144045
38852,0.18413820444875748
38853,0.27092051879661444
38854,0.22743408445232563
38855,0.20058028116069618
38856,0.1650799351283995
38857,0.2314659895489209
38858,0.18045233662579857
38859,0.1544897213554317
38860,0.2641118392574737
38861,0.2098397748499473
38862,0.19192083416424183
38863,0.24739039622058645
38864,0.15598085527078295
38865,0.24814074293574834
38866,0.2351646137804032
38867,0.3081273491020684
38868,0.22129008879495726
38869,0.29409963689014823
38870,0.14415400988460875
38871,0.23083519557433416
38872,0.20300956132685782
38873,0.17670399164311992
38874,0.16416532542166068
38875,0.21239417545673867
38876,0.16573690936994392
38877,0.2001088810777436
38878,0.18107292209570325
38879,0.20397892632226639
38880,0.2435468042214935
38881,0.20727050826772872
38882,0.18687305798064585
38883,0.24161281773056653
38884,0.16002443567289615
38885,0.22258387681650557
38886,0.18522452262050698
38887,0.18247369589662274
38888,0.28016653568465893
38889,0.1819626825552637
38890,0.32277021890839686
38891,0.19750014078983813
38892,0.21037301379433349
38893,0.21943465207460647
38894,0.2160530774424023
38895,0.25638983423983513
38896,0.28515170229907777
38897,0.1718430564504274
38898,0.1837265722493353
38899,0.19376731150195595
38900,0.21648585086694477
38901,0.23786332755486955
38902,0.22146781725481954
38903,0.17378156908986106
38904,0.17059841562720987
38905,0.19119307982442724
38906,0.17575976532201718
38907,0.2529868283834024
38908,0.1950685014652467
38909,0.19614833822874694
38910,0.27647890165891087
38911,0.1782749993293745
38912,0.2683476026669732
38913,0.21034222592279078
38914,0.17241088200397425
38915,0.19463836626548406
38916,0.28539693799976723
38917,0.15810659238448083
38918,0.15892036623645656
38919,0.13505027361100866
38920,0.2117938739033176
38921,0.25947112086498936
38922,0.1711296112918247
38923,0.22406339433802594
38924,0.2030883946775511
38925,0.19382803073340948
38926,0.20153333062219786
38927,0.21893680068842658
38928,0.23803805202247208
38929,0.24221319654273737
38930,0.18188641466626668
38931,0.3192859977110507
38932,0.2629747576108664
38933,0.2852817229254857
38934,0.1610501825040857
38935,0.28357922324762536
38936,0.20831922378406617
38937,0.23258155499193603
38938,0.18817283999501122
38939,0.21705253296080748
38940,0.23876180876046782
38941,0.2150673074438536
38942,0.18704032064373902
38943,0.21948165911755652
38944,0.19592889037521743
38945,0.1876956754628676
38946,0.2247221971783819
38947,0.18860835200032933
38948,0.1911199441643613
38949,0.1968557832744649
38950,0.19024543248525722
38951,0.18400424324466286
38952,0.1930024434861919
38953,0.17488065213261272
38954,0.27542571398928745
38955,0.15878402488829124
38956,0.16073746419084944
38957,0.22416876506509362
38958,0.2139046370423295
38959,0.24106286220984569
38960,0.182921142148293
38961,0.2352358126502829
38962,0.19018132916983113
38963,0.19527065732615534
38964,0.16039299583870567
38965,0.1874213652270857
38966,0.27616864147511083
38967,0.23405143786403657
38968,0.28332093346303155
38969,0.2909098282875878
38970,0.1961579711673818
38971,0.2650978989103427
38972,0.17511388731622998
38973,0.1682144547250623
38974,0.18824630244128182
38975,0.16909126809724603
38976,0.2128732558104296
38977,0.18108563796473437
38978,0.24071624511206044
38979,0.18859612188020403
38980,0.22538466809733074
38981,0.25206713018185706
38982,0.1786195463509662
38983,0.2321446723120863
38984,0.279715735005354
38985,0.21902661197953216
38986,0.22372319332045706
38987,0.23206050620351704
38988,0.23463017051385301
38989,0.198130145193453
38990,0.2156779237124612
38991,0.19160455249676558
38992,0.23927987944530943
38993,0.20349612149796692
38994,0.24413814973716538
38995,0.164452446448509
38996,0.17398381090229748
38997,0.17354779361445072
38998,0.25581869317409717
38999,0.230305184217612
39000,0.2532363657295195
39001,0.18851398339689637
39002,0.25567409984203626
39003,0.1857563440083095
39004,0.18118517686953228
39005,0.29362256154563693
39006,0.2659737518119155
39007,0.29158277960224244
39008,0.17940276108677178
39009,0.18448768618120762
39010,0.15799388177208665
39011,0.18871504776214706
39012,0.24709620657896492
39013,0.16933592425405813
39014,0.2960880148812897
39015,0.1533385505028096
39016,0.24373359806436684
39017,0.2771447873591779
39018,0.2775857521337275
39019,0.18452502185150696
39020,0.2550592847561278
39021,0.18935600574096464
39022,0.17688417776024654
39023,0.20030316413653299
39024,0.25375237535652906
39025,0.1691335697224323
39026,0.2086364794110645
39027,0.2366154325728595
39028,0.2318054689894168
39029,0.19969426878238367
39030,0.1916199617424455
39031,0.2542890431786205
39032,0.24437960819760576
39033,0.1768753456031243
39034,0.1336146791666221
39035,0.21391054745144086
39036,0.16871772872857235
39037,0.21001740892533682
39038,0.17129962684051844
39039,0.2108654438809556
39040,0.23484494642322584
39041,0.2356416931190941
39042,0.20235265597454785
39043,0.23783613271802814
39044,0.16584305959161527
39045,0.15762055339080297
39046,0.21693748906519258
39047,0.3235298386194939
39048,0.18217533610282124
39049,0.18431616021161804
39050,0.1880224740327356
39051,0.1729330634547177
39052,0.1685764543188399
39053,0.2486861082550147
39054,0.25071320681275855
39055,0.22460440103796675
39056,0.258614191040572
39057,0.2860943214523579
39058,0.20745226700606645
39059,0.17935063954507235
39060,0.192745901034355
39061,0.15746365293271747
39062,0.22634017772525644
39063,0.1799915425557787
39064,0.2166409305199353
39065,0.24172125430257763
39066,0.2658981942593511
39067,0.16583079264086387
39068,0.19397998743103156
39069,0.15049519505793044
39070,0.2544228284691788
39071,0.18848105494014725
39072,0.2967815867321468
39073,0.20306918277954636
39074,0.26582696849266535
39075,0.17549380855404892
39076,0.23851320007312712
39077,0.18166092689084148
39078,0.21025518023146142
39079,0.2729494740155273
39080,0.23324632692065392
39081,0.18498340871035485
39082,0.26637121241418654
39083,0.19627848203944423
39084,0.19841393867714877
39085,0.2916209531407342
39086,0.2662170429302233
39087,0.2963945199480072
39088,0.262137898749246
39089,0.1842772496769708
39090,0.32825385686845165
39091,0.1837817441101209
39092,0.2842636094046496
39093,0.25639257063040566
39094,0.19888543821447593
39095,0.17587232209450415
39096,0.19146779111444892
39097,0.1516856785039607
39098,0.2604260433279668
39099,0.25586638371996473
39100,0.17289430359156877
39101,0.26339619052635516
39102,0.23909217721966794
39103,0.18924631498089053
39104,0.22809471800359254
39105,0.22108594115705243
39106,0.23728519140496343
39107,0.3553621600733791
39108,0.19794777167807784
39109,0.17738484909629462
39110,0.18055543363843884
39111,0.25480552865366907
39112,0.2517686909065908
39113,0.1593222057906777
39114,0.26409850596910095
39115,0.18400437508727802
39116,0.2414932378671491
39117,0.2283374172926377
39118,0.21155255864685774
39119,0.1936809592885954
39120,0.15173466096898827
39121,0.1864266978777774
39122,0.21602778695576558
39123,0.19342576649941115
39124,0.20035723661130295
39125,0.24052618312801943
39126,0.2521126036138066
39127,0.16753329426140412
39128,0.24234426346140484
39129,0.2370746929949766
39130,0.18665542320804263
39131,0.22882415183365015
39132,0.21689012233811575
39133,0.1983820494411056
39134,0.15442349004126044
39135,0.18247207717527494
39136,0.18543371172358009
39137,0.26114795627093895
39138,0.17946194289365905
39139,0.17006856141666837
39140,0.26329674566930966
39141,0.17868476439670672
39142,0.20045478305756087
39143,0.2079880153502932
39144,0.17293413313553807
39145,0.1872590034060833
39146,0.18199429168689893
39147,0.18873437918131913
39148,0.2600394511664363
39149,0.2429746053436001
39150,0.15271227661330852
39151,0.19335576479293926
39152,0.28296786312552713
39153,0.22409543502450602
39154,0.19159235413438672
39155,0.1465693758274376
39156,0.17759051567018255
39157,0.23140041395965827
39158,0.2317712587569225
39159,0.21608045277858803
39160,0.1583978075136045
39161,0.23443026360022234
39162,0.2248834420442462
39163,0.24938204246705212
39164,0.23606422708522767
39165,0.17991496572507604
39166,0.16629280652467887
39167,0.2054613550068202
39168,0.23742310532661687
39169,0.20916484158555373
39170,0.16292109794037318
39171,0.2538382770584004
39172,0.20452867663619823
39173,0.19674713989659287
39174,0.17782752096185958
39175,0.24302723591209033
39176,0.16573309301362113
39177,0.17599564772937126
39178,0.24027246033354552
39179,0.18049329635691294
39180,0.16390809075052246
39181,0.19705279499255682
39182,0.27075929577345176
39183,0.1443128504622134
39184,0.2536194230156966
39185,0.17179734852720507
39186,0.1792880810473643
39187,0.266269991784285
39188,0.25272506672528544
39189,0.18052070464920392
39190,0.1494707768568242
39191,0.19656862135640535
39192,0.27434148678785053
39193,0.2818184604102905
39194,0.1558859116017893
39195,0.15769667056304887
39196,0.2579543868256763
39197,0.28204594176537456
39198,0.17583716440506678
39199,0.19631390495762283
39200,0.19091874048610297
39201,0.25155883743638147
39202,0.2743806220776468
39203,0.2355764160358792
39204,0.23853934549351197
39205,0.21018601758480546
39206,0.17677517034010204
39207,0.2592434176175117
39208,0.3236693110245077
39209,0.17006646263101888
39210,0.2270755494670139
39211,0.19973506401112634
39212,0.2635950367887751
39213,0.23061862022856844
39214,0.18200779468783881
39215,0.2526119771292269
39216,0.25569296149855353
39217,0.15711058334217223
39218,0.16198816772945182
39219,0.1938012630211348
39220,0.20359883568663142
39221,0.2684165153481223
39222,0.19762507193714005
39223,0.20666148682558286
39224,0.1628883368542717
39225,0.29431493042532375
39226,0.15448444559517213
39227,0.23033801367928322
39228,0.14851824504599415
39229,0.2222880960673099
39230,0.27348147913587306
39231,0.26100447812828553
39232,0.15735958289190327
39233,0.23502358376868415
39234,0.2921424581226686
39235,0.17771008125613844
39236,0.14897862079448793
39237,0.2882385975067677
39238,0.19088290207966582
39239,0.217755327702886
39240,0.26796808608185574
39241,0.15894657150922492
39242,0.254790489551959
39243,0.2244004249573786
39244,0.22175366555680348
39245,0.23518823471863656
39246,0.17871331145900068
39247,0.18890972373151793
39248,0.16568227261232696
39249,0.26323225941896716
39250,0.1468851316544773
39251,0.23629755799647462
39252,0.20076721283701032
39253,0.24836882249509887
39254,0.22291109718596977
39255,0.2842408957217711
39256,0.18924748071190461
39257,0.17972235618810303
39258,0.23353906838055527
39259,0.15065175843986262
39260,0.24856828297234415
39261,0.20382360977885855
39262,0.214589919533905
39263,0.22349425833545727
39264,0.21098569405601889
39265,0.18539808053425744
39266,0.15897243620137985
39267,0.26915041985171945
39268,0.23329595204768697
39269,0.23345579632354904
39270,0.20618090764614636
39271,0.18233593258553327
39272,0.29023472199103756
39273,0.20527364150743982
39274,0.264003614821613
39275,0.19091756685577102
39276,0.2719626959974099
39277,0.22097382903199736
39278,0.2788316690482863
39279,0.1745775850592651
39280,0.1614571502140269
39281,0.21661565828321863
39282,0.15902265152933795
39283,0.16356791691257438
39284,0.22034650902096012
39285,0.24990061884318243
39286,0.18672951735138527
39287,0.18792582981161232
39288,0.27563533416040015
39289,0.20003830693101105
39290,0.26463975120575134
39291,0.30246477308469616
39292,0.1824602028251452
39293,0.27190497962266735
39294,0.24716878188898753
39295,0.2136848308376587
39296,0.22317320473968308
39297,0.20206529291277903
39298,0.28788574398209643
39299,0.18445737389565692
39300,0.19851211284802253
39301,0.26306606206207567
39302,0.22327726209965454
39303,0.19251451812963022
39304,0.2278613955937386
39305,0.16578166653126633
39306,0.23725688297147937
39307,0.13812380652933068
39308,0.2253661797201098
39309,0.1557835882851718
39310,0.2257598563973363
39311,0.17555550369910405
39312,0.17295534361302664
39313,0.28568548740752553
39314,0.25841456590168965
39315,0.15877212027056892
39316,0.2197561632969567
39317,0.21855686547238612
39318,0.2112572044567072
39319,0.19053329001900526
39320,0.20199308182695538
39321,0.276425097419502
39322,0.24105252885338088
39323,0.24026040113377978
39324,0.20440283683357857
39325,0.1734532458313157
39326,0.17346542841263649
39327,0.16253489062741497
39328,0.17236697516833732
39329,0.23452857813752165
39330,0.23508583802834362
39331,0.21739166916404012
39332,0.19329119464406663
39333,0.30632041131348814
39334,0.19713993670509022
39335,0.19876769860144303
39336,0.20018210499190647
39337,0.23468895576199508
39338,0.2088779776877098
39339,0.1687988467960475
39340,0.19477282268766152
39341,0.26663861678773865
39342,0.23742861310974486
39343,0.26294113077615067
39344,0.220542384280955
39345,0.18721124403022105
39346,0.23277594567978685
39347,0.18222045495351125
39348,0.19156947349576203
39349,0.20791993909647688
39350,0.19380089553240126
39351,0.2925383572665499
39352,0.17498933038803127
39353,0.19014272773831345
39354,0.19033474973075581
39355,0.2206397783805482
39356,0.1537337165133031
39357,0.231011962994225
39358,0.1885432855127828
39359,0.14042740998461145
39360,0.17223099311183077
39361,0.17205864990753472
39362,0.17496227547083607
39363,0.2501435143855046
39364,0.16963594684666994
39365,0.22303676200049855
39366,0.2800819884649806
39367,0.15867467810883537
39368,0.1623830783321327
39369,0.23523892170712968
39370,0.17221832480666976
39371,0.1565429177726603
39372,0.278585284098198
39373,0.20936897605933105
39374,0.25695611393347795
39375,0.16150257552694494
39376,0.24523873430566057
39377,0.29602069920743584
39378,0.17493826722192587
39379,0.26950855680473046
39380,0.17127158497902456
39381,0.1770743957675077
39382,0.18693966428024678
39383,0.19296462164977723
39384,0.1821647046998914
39385,0.22448729742536713
39386,0.26746862807321
39387,0.24618137115865676
39388,0.19194149012695733
39389,0.2000091908203177
39390,0.18912079538846155
39391,0.1872231355486022
39392,0.3642884104636038
39393,0.19707064757855974
39394,0.23490276176366445
39395,0.26645276414101277
39396,0.26971523348901305
39397,0.25726681907325033
39398,0.15540885489131875
39399,0.152969145298662
39400,0.19019947756088176
39401,0.1994615798912541
39402,0.18847997802045405
39403,0.15429688944771822
39404,0.22124999758895023
39405,0.2623628124529118
39406,0.17361212345438495
39407,0.24054948606637538
39408,0.27867546645548974
39409,0.24818040622701912
39410,0.21685035777498055
39411,0.181949169089176
39412,0.17676818753169943
39413,0.2753162591644916
39414,0.245866535841065
39415,0.1743696378872079
39416,0.2865612879792504
39417,0.2045739245984325
39418,0.18026462262473258
39419,0.1819738876039519
39420,0.16549545472148364
39421,0.20638312742030213
39422,0.16652676052819282
39423,0.263642100072874
39424,0.18219188047585788
39425,0.18587159331961217
39426,0.16573907191918397
39427,0.2642758144808891
39428,0.21100326876006498
39429,0.19215821531945515
39430,0.15402650269841525
39431,0.18440595109409524
39432,0.19681405684695036
39433,0.2537084795597717
39434,0.16399000513378031
39435,0.27375074206992034
39436,0.25330791991347207
39437,0.16499291835264643
39438,0.19203273248131
39439,0.15490148782994118
39440,0.1438124169699657
39441,0.170856062973319
39442,0.1647701084138858
39443,0.26902265240545203
39444,0.2823802179966459
39445,0.22126665527761408
39446,0.15720682004217193
39447,0.2971414893918716
39448,0.20493293335098728
39449,0.15690959369784355
39450,0.2671079378163578
39451,0.2725813493452055
39452,0.19909686444487412
39453,0.24238483685787254
39454,0.26165312370669924
39455,0.1864759571597762
39456,0.19261632474560386
39457,0.19964413998718564
39458,0.16691033354544071
39459,0.23402846433158012
39460,0.19093210553444273
39461,0.1843104292855635
39462,0.17888997116666572
39463,0.276796116918645
39464,0.1618765658640848
39465,0.2852488002167022
39466,0.23502218073992676
39467,0.15686834026033272
39468,0.2574488474397681
39469,0.23421339213084294
39470,0.18317683812758023
39471,0.269223365381278
39472,0.1933928384873183
39473,0.20105248640528234
39474,0.17237706830166416
39475,0.15655712471707373
39476,0.2421912134195959
39477,0.20663265220083382
39478,0.344500756357993
39479,0.31349998078820623
39480,0.26502301161112124
39481,0.23233428186444136
39482,0.19489023758261237
39483,0.1983690779317483
39484,0.16338468978924428
39485,0.2464441634083568
39486,0.17524251199078567
39487,0.2109520792237796
39488,0.22443484506095907
39489,0.23361750639418669
39490,0.1745755497009743
39491,0.2555296082928875
39492,0.2459289086658638
39493,0.2410229212434811
39494,0.3370490361818718
39495,0.16670898012926247
39496,0.16013114651715898
39497,0.16639264248801683
39498,0.18049279395274773
39499,0.1966817419704719
39500,0.15659896614944885
39501,0.2402808046540085
39502,0.17886912878836722
39503,0.24942748257171424
39504,0.15273052288040684
39505,0.2591748603556181
39506,0.26310098671834686
39507,0.17444424572005032
39508,0.2445749732090872
39509,0.16560135081341987
39510,0.1912115950269466
39511,0.2085251558967044
39512,0.2606649559313815
39513,0.2301682492016486
39514,0.25781139626556504
39515,0.2005032953579601
39516,0.22699017563016127
39517,0.22148043525223
39518,0.2104764894772712
39519,0.19423753924936174
39520,0.2700254731774195
39521,0.1722744973557823
39522,0.23079077391738825
39523,0.196201863016523
39524,0.22739100005292034
39525,0.3045828579429362
39526,0.17234021397108504
39527,0.18494814888102729
39528,0.20832828269591652
39529,0.1592171543154329
39530,0.25169088102834547
39531,0.20353125173844946
39532,0.15954505461045318
39533,0.21931189513456315
39534,0.22194180712203482
39535,0.19344792766340876
39536,0.22449037225908353
39537,0.17281532893039273
39538,0.2094296023121714
39539,0.19955245711627193
39540,0.15096946588803198
39541,0.13973707174918357
39542,0.25704824308797625
39543,0.26319410448257236
39544,0.28713309950375276
39545,0.1654325496736605
39546,0.2594448492630252
39547,0.25978370475149787
39548,0.16978160287359603
39549,0.2675211603404538
39550,0.27590025924594747
39551,0.17384530868309692
39552,0.15390822659994624
39553,0.2224366735288983
39554,0.16789943108326047
39555,0.2560969908991396
39556,0.21327917975096672
39557,0.18573942490501946
39558,0.1945837797101132
39559,0.18487809380484727
39560,0.2880184301409407
39561,0.218508585208243
39562,0.21404530052337623
39563,0.15899890613501422
39564,0.25815176763286746
39565,0.24118764197243736
39566,0.15117650054034562
39567,0.22421478250393523
39568,0.21219745564783307
39569,0.1583284845079217
39570,0.14636900292921384
39571,0.2535686688526365
39572,0.255818915107265
39573,0.24607289789420603
39574,0.30172634022827954
39575,0.24048141880767385
39576,0.27448092181402156
39577,0.15619791455972223
39578,0.25675116793768016
39579,0.22351758502228097
39580,0.1823178634323339
39581,0.2679012206140406
39582,0.1863736012727359
39583,0.1944547026142054
39584,0.19702084616282614
39585,0.18131789961506786
39586,0.15689535014798592
39587,0.24748245240635378
39588,0.29707599949653135
39589,0.18113011238265952
39590,0.16078533456971258
39591,0.26309165013854346
39592,0.17434761394287443
39593,0.19321782448971916
39594,0.24893183971872368
39595,0.19965266729072392
39596,0.2655251003834266
39597,0.23440339121970058
39598,0.25775855750399235
39599,0.22309346585904366
39600,0.19978038693404226
39601,0.1538599606638951
39602,0.3097550137923874
39603,0.22211307743703276
39604,0.27564933741468534
39605,0.23484322512096562
39606,0.2880640350146908
39607,0.26502266442482025
39608,0.23460770337837822
39609,0.1839021984695716
39610,0.2685529050491373
39611,0.18206215912618323
39612,0.20657800872056942
39613,0.19373844494375728
39614,0.24743205424176068
39615,0.2155778114020773
39616,0.16131938671312415
39617,0.23477649889176821
39618,0.1569594411425894
39619,0.18661855101141345
39620,0.18311045079770671
39621,0.17928359795836307
39622,0.1797626444071417
39623,0.23040569695892266
39624,0.2517875942466166
39625,0.18576647467960128
39626,0.2537131708233332
39627,0.2445400579950415
39628,0.1796369848513867
39629,0.2827656136296191
39630,0.3061589304983702
39631,0.23782759269926243
39632,0.1512330230284538
39633,0.22196813442209445
39634,0.1914999065201978
39635,0.253691203345735
39636,0.20378336354882634
39637,0.19358064327550029
39638,0.22119705274401474
39639,0.2718917684069021
39640,0.17150207474943058
39641,0.17374473177828592
39642,0.1935565293792212
39643,0.16783104420995268
39644,0.1769083461915098
39645,0.1581969878140835
39646,0.1936578987063822
39647,0.2670397396038836
39648,0.2411644785299627
39649,0.26363533869083666
39650,0.297406578340366
39651,0.3779833087653019
39652,0.16216778017028613
39653,0.25253392778833333
39654,0.16435281570023266
39655,0.2686959121196634
39656,0.19362652991709
39657,0.18819488519162056
39658,0.2005241129658921
39659,0.22244428459459153
39660,0.15315784925589188
39661,0.2670456530883333
39662,0.22389858276699726
39663,0.18622740014401354
39664,0.25561825687957884
39665,0.23710067909104648
39666,0.2566152103414622
39667,0.2528597093911384
39668,0.24635336762055451
39669,0.15975992360374017
39670,0.22268422521617853
39671,0.2688124758728511
39672,0.2316597622352365
39673,0.26705282145970627
39674,0.16254609198969214
39675,0.24324872178607426
39676,0.20646694419750053
39677,0.30817113372064425
39678,0.2712446933274051
39679,0.2800658697962055
39680,0.1460197604530144
39681,0.16326977724960037
39682,0.24456122390370819
39683,0.2143076707188785
39684,0.2991256294285517
39685,0.16190910658792151
39686,0.257961898161859
39687,0.31463239484061883
39688,0.32017843705459176
39689,0.2857801052892016
39690,0.183961845736697
39691,0.15880903003750174
39692,0.27972406320911203
39693,0.150391786710264
39694,0.25741301174530773
39695,0.24743266567015382
39696,0.17030519726971524
39697,0.15909793477376247
39698,0.254104897474122
39699,0.1982847180699533
39700,0.28664244932592114
39701,0.14861070559812098
39702,0.25724014540484297
39703,0.23697276916184895
39704,0.2083068920937907
39705,0.2836525656912108
39706,0.2144877741836275
39707,0.20110264457845797
39708,0.1970465367682506
39709,0.18503420060463505
39710,0.27721118678969986
39711,0.18047217219835598
39712,0.2701024500908218
39713,0.220385673660704
39714,0.19127440166207405
39715,0.15394136119304488
39716,0.14083069188878294
39717,0.1910567152189707
39718,0.1969903097879203
39719,0.21552133629471182
39720,0.21385145739869316
39721,0.2921038721746585
39722,0.17321058866611938
39723,0.2861047792398357
39724,0.1725254717047785
39725,0.24746102150416135
39726,0.19777191804912703
39727,0.25199992539056715
39728,0.20268762093469053
39729,0.21653241228171027
39730,0.18618511951965275
39731,0.19058995555269415
39732,0.18165735651080703
39733,0.1758794537295329
39734,0.17740002781833322
39735,0.14457102440356528
39736,0.25277009680817
39737,0.2813552276779905
39738,0.15039282637146775
39739,0.26206808080077054
39740,0.301415307173553
39741,0.27353269249745915
39742,0.16474058790012652
39743,0.24724777025030564
39744,0.20059188236221728
39745,0.2507528519737822
39746,0.1873616819469123
39747,0.18959085815610066
39748,0.20852379758562847
39749,0.26755265227682185
39750,0.2719037032702393
39751,0.2697571127891944
39752,0.2546152293640714
39753,0.18010560998490507
39754,0.20663197983819476
39755,0.30260534340976636
39756,0.19776806296866947
39757,0.15299631246287146
39758,0.179812110845311
39759,0.28170589181911276
39760,0.2558646453971831
39761,0.20438082789327866
39762,0.1613782281242959
39763,0.23963310739917962
39764,0.1794846209717363
39765,0.22714808491197008
39766,0.2921898367784372
39767,0.21312418954406326
39768,0.15675363863361763
39769,0.22783837975851629
39770,0.18591013543786755
39771,0.20011103156805776
39772,0.16211911233612888
39773,0.2514485387477112
39774,0.24034491455351134
39775,0.19290105843453081
39776,0.14296638479797547
39777,0.15538652767559896
39778,0.17989388415984717
39779,0.23690098626944142
39780,0.1702634981943201
39781,0.1727587203576019
39782,0.17453068030085206
39783,0.1719108850549887
39784,0.2065346689361727
39785,0.27309340233440277
39786,0.21506891796376654
39787,0.25932629668414026
39788,0.2951229309396042
39789,0.26645654416964126
39790,0.23776756965467638
39791,0.16744548790816513
39792,0.14759469967894398
39793,0.2531304038925098
39794,0.2725380467568937
39795,0.2799199672250263
39796,0.21217825811704988
39797,0.2547062636391665
39798,0.18114352975995132
39799,0.29449504992659337
39800,0.2046263185351151
39801,0.23846393619702178
39802,0.17285363068157156
39803,0.17657529617411025
39804,0.2595516748823088
39805,0.177820876840651
39806,0.23814309091650937
39807,0.266483921524006
39808,0.17362051038274173
39809,0.2552487985754447
39810,0.2946987614882291
39811,0.2779532413709236
39812,0.27856879832228676
39813,0.2426106889593387
39814,0.21717242178652932
39815,0.16866323413284875
39816,0.2054092955713518
39817,0.18271798483532922
39818,0.2456515168939557
39819,0.18822459179643147
39820,0.21269384483438966
39821,0.294759123403516
39822,0.2814721763280569
39823,0.22281721158387435
39824,0.2164965184370143
39825,0.16536881008319487
39826,0.2771492915481599
39827,0.21602102178478616
39828,0.2576896637505077
39829,0.21687798115193085
39830,0.21611773622653263
39831,0.20067055331578104
39832,0.29494008153385787
39833,0.1615377052389162
39834,0.16195415081509917
39835,0.20803468980360124
39836,0.2674861568139954
39837,0.15568144412547066
39838,0.25293259538727425
39839,0.18598732697042675
39840,0.21395584188581018
39841,0.15619799241217552
39842,0.2554760091929042
39843,0.19239338454429802
39844,0.20634733654932536
39845,0.2307904336133435
39846,0.18675979260411488
39847,0.18515695878214608
39848,0.25296288811779044
39849,0.19043457721838952
39850,0.2025208822043809
39851,0.18909909528007574
39852,0.3518915985835448
39853,0.2539297674616107
39854,0.2291888896785954
39855,0.25854676535697135
39856,0.22387292506872747
39857,0.29193849751048456
39858,0.1990993864279699
39859,0.21997562097342369
39860,0.1817031821258472
39861,0.21085082128601512
39862,0.17579766927393256
39863,0.22675045109112119
39864,0.27019082572578285
39865,0.25015119077486336
39866,0.21773719103332959
39867,0.22287037508713317
39868,0.1802419445592777
39869,0.22281971193751798
39870,0.20395367274238788
39871,0.24731783955071535
39872,0.16170007184553062
39873,0.17248115100303882
39874,0.2087060019031696
39875,0.16591682359732893
39876,0.23554890479976795
39877,0.29953177309646345
39878,0.2637973081817626
39879,0.17267933297777208
39880,0.23467948148544562
39881,0.21161874732383498
39882,0.1926848226221931
39883,0.19299396040760247
39884,0.2261147111291731
39885,0.13935789974034465
39886,0.14910692008559603
39887,0.19240526905731203
39888,0.16127853199512676
39889,0.17571075937217137
39890,0.22445733790328035
39891,0.20999761936216088
39892,0.15401470796814498
39893,0.187492840647543
39894,0.3027398278015142
39895,0.21828838414441645
39896,0.1560666204911968
39897,0.20098917080877965
39898,0.1638833614499893
39899,0.193136359801632
39900,0.18609906988894956
39901,0.14053183156512594
39902,0.24382439618834448
39903,0.21633369300440544
39904,0.19618670104715924
39905,0.2878990826968243
39906,0.2928949671185573
39907,0.19144004840369092
39908,0.15926374891159642
39909,0.16848113579395085
39910,0.1470996099841658
39911,0.16287566392416938
39912,0.18886456530257859
39913,0.1819800189877852
39914,0.17676549578873324
39915,0.15660009439511954
39916,0.2166917767021674
39917,0.1487841621571619
39918,0.3331728515078576
39919,0.20852333241154636
39920,0.16961700939621585
39921,0.27682373097142815
39922,0.28366114433507933
39923,0.17607612881255733
39924,0.3095817921945279
39925,0.17553981361386392
39926,0.26720544808354135
39927,0.24255841071879758
39928,0.18500237125863367
39929,0.19954876054180018
39930,0.20018886941540084
39931,0.1756088311534939
39932,0.2187320445024968
39933,0.18817425822359085
39934,0.19968346759123107
39935,0.17277262773983573
39936,0.22045858564109955
39937,0.20415425038135662
39938,0.1922558847255181
39939,0.22393089926889032
39940,0.18194422798967463
39941,0.19099083252913743
39942,0.2495488314041061
39943,0.19430821160725487
39944,0.30267216586003953
39945,0.24601088226422566
39946,0.23251616807017228
39947,0.263299567269605
39948,0.18166005904600835
39949,0.24428442028264674
39950,0.22594826013274644
39951,0.1944153768979853
39952,0.19453722955183586
39953,0.2108629275299377
39954,0.1566387424776487
39955,0.28830526846543836
39956,0.2562966789177934
39957,0.22695320120110565
39958,0.19378813887061563
39959,0.18667309334036428
39960,0.24169943452136539
39961,0.2789446000383537
39962,0.26036494313390857
39963,0.2820097509197705
39964,0.22384235108197129
39965,0.20978077315648636
39966,0.23716598250431578
39967,0.25405078246858376
39968,0.14597460268803833
39969,0.2513159489540623
39970,0.17724393243869457
39971,0.2148739583148062
39972,0.18259308655802978
39973,0.1878431880089197
39974,0.21074492351099092
39975,0.21072737224831556
39976,0.20125287341342687
39977,0.24742273003607793
39978,0.19796231858216712
39979,0.2792653456235897
39980,0.1993553002638175
39981,0.24241342513667744
39982,0.18508112065340387
39983,0.18946586980051933
39984,0.2513904938728055
39985,0.19316183901556594
39986,0.18708205956772264
39987,0.23623578581467694
39988,0.17747913053812683
39989,0.1961926281689313
39990,0.16254702476675933
39991,0.2537203435529955
39992,0.18045791467600814
39993,0.1924141281858438
39994,0.27378831059266245
39995,0.19425217240751802
39996,0.18157635779079406
39997,0.19910075340212446
39998,0.18834390196511497
39999,0.34257445470594705
40000,0.18379367999245225
40001,0.163178298670592
40002,0.15983055082997807
40003,0.16372612843993045
40004,0.29505351977480426
40005,0.29908390249138983
40006,0.15981895941082835
40007,0.25421728935874216
40008,0.2701107683686457
40009,0.22893091125765483
40010,0.1592789673537471
40011,0.17438918867900363
40012,0.21191900015541562
40013,0.16538237734382846
40014,0.24008299941303243
40015,0.2694855771755735
40016,0.2756135133825916
40017,0.14745785234926528
40018,0.15708368102856526
40019,0.25127305347125406
40020,0.29909616576538434
40021,0.20114928536822224
40022,0.28893186478752414
40023,0.251578866623384
40024,0.2505737121267103
40025,0.3094392685680384
40026,0.2626421827280442
40027,0.19626997542053137
40028,0.15237262556221648
40029,0.24411682940566043
40030,0.18454878101176334
40031,0.24233692233765589
40032,0.1952152511174466
40033,0.14411800732748511
40034,0.19918206589599874
40035,0.16012517080114808
40036,0.2463082257313301
40037,0.24223092701838567
40038,0.17894474419090314
40039,0.19318291896878304
40040,0.18278622086489965
40041,0.19852456702972612
40042,0.21810835923669944
40043,0.1797007824635444
40044,0.21670756712821035
40045,0.1952619933596777
40046,0.20016267663470536
40047,0.15546522398527182
40048,0.20397887876858714
40049,0.2295206970932072
40050,0.29636066750722806
40051,0.30230419452522345
40052,0.21059323993820467
40053,0.22320215255007786
40054,0.21636206574802627
40055,0.27780056850999074
40056,0.1788794819690215
40057,0.2138014400828634
40058,0.26273074990761847
40059,0.15161630768076578
40060,0.18618886089580527
40061,0.2308856228208761
40062,0.15418074177161017
40063,0.23439432442571184
40064,0.17372717549342684
40065,0.19292776043094398
40066,0.20171556682156805
40067,0.18132542367340002
40068,0.23637641440189994
40069,0.31464539244432865
40070,0.17305088177548705
40071,0.22323497231959732
40072,0.23530282817656908
40073,0.1969531450977918
40074,0.2647515204543168
40075,0.23696994202429725
40076,0.2008327556445457
40077,0.2148625512882566
40078,0.22709658571237779
40079,0.19168009756963858
40080,0.15696751522466634
40081,0.16014135062789173
40082,0.2429812660536419
40083,0.18071365028982697
40084,0.24713319273131962
40085,0.186818620489178
40086,0.1885611208236239
40087,0.17808648239492533
40088,0.23583406401660023
40089,0.1893308575098036
40090,0.27640414301278915
40091,0.29667740228110057
40092,0.1621708142933574
40093,0.24446074189436984
40094,0.22397466338469477
40095,0.2851453713405439
40096,0.14669832038301478
40097,0.27222213320739663
40098,0.1985086071670166
40099,0.1742559785079478
40100,0.16534304494051835
40101,0.3365649136443208
40102,0.2787187100721285
40103,0.3174016985254384
40104,0.2401994846639455
40105,0.18943815659311714
40106,0.27279437506859533
40107,0.14539485123298884
40108,0.16819511546997554
40109,0.17667505721811314
40110,0.15422940292437187
40111,0.1788627841561609
40112,0.2830531158183984
40113,0.31427013014330124
40114,0.1448901850735557
40115,0.16505798348672485
40116,0.16604803200659063
40117,0.1796760536936562
40118,0.1708141535713838
40119,0.18437482656659201
40120,0.1800307542601367
40121,0.21312334384958181
40122,0.307912409476959
40123,0.22520809740164907
40124,0.18053080676630023
40125,0.1984819174150344
40126,0.14735103202540872
40127,0.18654778318960116
40128,0.17823893096443708
40129,0.25744383777137864
40130,0.3051428921095326
40131,0.31499318634321233
40132,0.28092243665378047
40133,0.2853317046854654
40134,0.18242333596379115
40135,0.23424344577281864
40136,0.21047542273477327
40137,0.15784622634822182
40138,0.21904121490277995
40139,0.2344596411245744
40140,0.2089386870442046
40141,0.2517680796905072
40142,0.27598593292057944
40143,0.16928213544915896
40144,0.17532013879442904
40145,0.2590210667910027
40146,0.2135286040781737
40147,0.18013274764396048
40148,0.15961410362673825
40149,0.22713634206406624
40150,0.1752185167918162
40151,0.1540761482099269
40152,0.2533498542944205
40153,0.14755357638135475
40154,0.20276720155377578
40155,0.27608754706101557
40156,0.18886178818752566
40157,0.2579189240217042
40158,0.18967528591621757
40159,0.21593896890699021
40160,0.1819921132014578
40161,0.16611414718513864
40162,0.2867688737589616
40163,0.2778927552459638
40164,0.20824747077163028
40165,0.1968499652246916
40166,0.1797004954858394
40167,0.17640233537889585
40168,0.15239637539722356
40169,0.1679606453574792
40170,0.184486517360174
40171,0.21312792942118
40172,0.1717344514810185
40173,0.3161674465929651
40174,0.2215851844197525
40175,0.22114296439833872
40176,0.2477657097358928
40177,0.20331878709301318
40178,0.17794997343735164
40179,0.14076430694608574
40180,0.22098984689067866
40181,0.19471610586812582
40182,0.2765300925438448
40183,0.2605888196669215
40184,0.2977759768734404
40185,0.20628536445292928
40186,0.24989106349441365
40187,0.33382541644742536
40188,0.1871594816959666
40189,0.23711592619233599
40190,0.19885974971212683
40191,0.2677747645004219
40192,0.28172780351342025
40193,0.18257289933374626
40194,0.1778869857825093
40195,0.2813029251647294
40196,0.17721626329879153
40197,0.2026864730048907
40198,0.26139095838576965
40199,0.2528200407206582
40200,0.2545879941457466
40201,0.2638583595503301
40202,0.2408390565194546
40203,0.1634520940386293
40204,0.19087366209112613
40205,0.15393433721436506
40206,0.230346382137685
40207,0.17782579670534954
40208,0.21100054592588646
40209,0.1901071774808794
40210,0.19669579852640534
40211,0.2103991079384774
40212,0.2013777779309297
40213,0.16438296243475414
40214,0.1982305740201374
40215,0.18898190366107792
40216,0.24565740033154196
40217,0.27950380972104205
40218,0.1919003785425874
40219,0.18494185990722503
40220,0.27198990205003076
40221,0.19438848114414548
40222,0.16770254122629613
40223,0.16657174198900468
40224,0.29481854727779383
40225,0.14167740885601243
40226,0.19620196167660686
40227,0.15107589135331786
40228,0.15129523277451398
40229,0.17929255222687207
40230,0.21372489861599142
40231,0.23423473326021732
40232,0.23903069841795574
40233,0.22408182207501526
40234,0.15691086633567491
40235,0.2677662570264711
40236,0.2161981623713059
40237,0.2047987836808363
40238,0.20166581913240905
40239,0.17651492332292062
40240,0.15418088791194648
40241,0.24248260887147502
40242,0.240165299574322
40243,0.3110142213030089
40244,0.21352564184169098
40245,0.20791245847804063
40246,0.2639911426071166
40247,0.19356630577692222
40248,0.16791784950273547
40249,0.2639898550829006
40250,0.17359109079210955
40251,0.1711340500086893
40252,0.16123307393438802
40253,0.17989138895582737
40254,0.20572630316446794
40255,0.18624234377633336
40256,0.2293634654935413
40257,0.20324077152000475
40258,0.2800452186387249
40259,0.18929761363251393
40260,0.179815353051114
40261,0.28758525771576365
40262,0.17722822906162242
40263,0.151944772144448
40264,0.16580320858636885
40265,0.2369402382074423
40266,0.18742175525890764
40267,0.2954162060275806
40268,0.16138462472603848
40269,0.2978035315768609
40270,0.25901740562826836
40271,0.14297938691117737
40272,0.17287004416621155
40273,0.28519851281434955
40274,0.19412169171556265
40275,0.16066392169116436
40276,0.3026297295910548
40277,0.15556072383294878
40278,0.251530098098818
40279,0.1520396802885026
40280,0.1903479557494541
40281,0.17472269377517538
40282,0.19404341810654546
40283,0.3364403723555888
40284,0.1838641453895616
40285,0.1688702174230169
40286,0.2240981420747745
40287,0.1636391199380685
40288,0.23632502141626627
40289,0.16921630579176003
40290,0.23524498557058354
40291,0.2276429736873896
40292,0.20226358080967632
40293,0.2084621671657609
40294,0.3077362364501456
40295,0.21535537037632532
40296,0.1443479689841258
40297,0.15814340262816354
40298,0.172732179780622
40299,0.17312717132859767
40300,0.20091856892916635
40301,0.22410153483519146
40302,0.22463498380913385
40303,0.20938962139251174
40304,0.18661598328680803
40305,0.25696107338135066
40306,0.22837328408420543
40307,0.16024333154091294
40308,0.1928249713461644
40309,0.23487155876034904
40310,0.15780057382642604
40311,0.19393675710763422
40312,0.17525374629747006
40313,0.22519640891728362
40314,0.295993999211878
40315,0.2511058597002781
40316,0.1891309724682183
40317,0.19317059468656858
40318,0.15533805873246948
40319,0.23883685146940803
40320,0.21885618502407836
40321,0.18262498617287615
40322,0.1678225853215572
40323,0.3359193371908971
40324,0.18003451309215637
40325,0.19541175317998963
40326,0.20106986599166116
40327,0.22106578774437893
40328,0.1876137466292915
40329,0.292579734604954
40330,0.2554228595407349
40331,0.23402055205350955
40332,0.2559358007143285
40333,0.2637107540267831
40334,0.2293611258635914
40335,0.28230856773402146
40336,0.2334849559738307
40337,0.2546170207551832
40338,0.261925867718933
40339,0.16409525253573246
40340,0.1576196604643205
40341,0.22626093645099715
40342,0.27371129955692336
40343,0.2561245588723341
40344,0.19707816477245166
40345,0.25688069697473304
40346,0.2842173608443663
40347,0.1747130757480615
40348,0.1902989374558363
40349,0.28674051142435425
40350,0.2574616714596034
40351,0.17565924881848194
40352,0.1801820086848709
40353,0.27057303845627745
40354,0.1376456593841976
40355,0.1980648927185274
40356,0.20438384767551468
40357,0.1463622993372286
40358,0.12468440538091206
40359,0.2889716880767198
40360,0.20589630008582221
40361,0.18756175020210808
40362,0.21535412203683152
40363,0.1435300999779894
40364,0.1628087886878175
40365,0.1910323956999453
40366,0.18147840845765242
40367,0.15986155204510188
40368,0.16271848803031894
40369,0.19449397286953576
40370,0.2213467662357076
40371,0.18636635394775145
40372,0.25268941028292097
40373,0.23497236085456039
40374,0.15675111256583896
40375,0.24945757940690413
40376,0.15114366174017058
40377,0.23779685084125216
40378,0.18521945451583072
40379,0.19257229300855594
40380,0.174671048884366
40381,0.194661912948413
40382,0.22589691869537057
40383,0.15915523465523887
40384,0.29967023587081004
40385,0.2374432668170903
40386,0.24085899468391322
40387,0.30946823870265194
40388,0.18569422091765997
40389,0.28973813620035915
40390,0.1693388542771787
40391,0.1884040126731906
40392,0.31309893359231145
40393,0.17246704326603676
40394,0.19370897073227947
40395,0.16582785130672753
40396,0.19936957698538327
40397,0.26469023351730875
40398,0.20408558622253328
40399,0.18099738810652213
40400,0.20172299957350381
40401,0.18972524583616793
40402,0.25390223267320794
40403,0.1453623687394331
40404,0.1701418163980439
40405,0.20094993663685234
40406,0.25229604051885257
40407,0.1850911749232626
40408,0.21283946054693292
40409,0.23310074054936503
40410,0.22299144980314659
40411,0.18347583311854126
40412,0.24358172606920786
40413,0.2796746663904203
40414,0.21263226912692357
40415,0.17702136513374767
40416,0.2511517641993838
40417,0.1933823276756254
40418,0.22621987570286792
40419,0.23201153866537555
40420,0.259480589518707
40421,0.1967351962165635
40422,0.15775954465508638
40423,0.15711042716712595
40424,0.24233566571707088
40425,0.23321850977604164
40426,0.18729746284034665
40427,0.12529244143433194
40428,0.17887201376694786
40429,0.1900587326042774
40430,0.1672887752891667
40431,0.1799028953699403
40432,0.1852385041882824
40433,0.25063893529769576
40434,0.2653386305373755
40435,0.1626034023878048
40436,0.1411350240342732
40437,0.17998861273086192
40438,0.16086292206288277
40439,0.16169108196322202
40440,0.19637327259077864
40441,0.19780181639126712
40442,0.20969966001741785
40443,0.2827417084390681
40444,0.2783623361325446
40445,0.24297125482053641
40446,0.2325162456306334
40447,0.15772105784852308
40448,0.24292232410223394
40449,0.17195339055065623
40450,0.1599141867442791
40451,0.2882560790207787
40452,0.1743865329510499
40453,0.25379253670695484
40454,0.26698309175672635
40455,0.20284514255069133
40456,0.19929450216115288
40457,0.2088244263125774
40458,0.18107551363046767
40459,0.21176379408579712
40460,0.22851006750582872
40461,0.20661578941609182
40462,0.16715804798132702
40463,0.22834094381457234
40464,0.18859288015179967
40465,0.15306973926433803
40466,0.2488181577353533
40467,0.30561701094809357
40468,0.2758661150660688
40469,0.20685869967721615
40470,0.23825053099883203
40471,0.1561256828808676
40472,0.29157679282211524
40473,0.1739866428045601
40474,0.18353324069095728
40475,0.17504223725706666
40476,0.21622961227660017
40477,0.2615238882323987
40478,0.20477062908920496
40479,0.28681425345841377
40480,0.17470405710035705
40481,0.22307428830444956
40482,0.1956071712423954
40483,0.2021375021550181
40484,0.20162812111652922
40485,0.17206682162798612
40486,0.23462598534161005
40487,0.17960700614543068
40488,0.16263152612531734
40489,0.17671827535629828
40490,0.22273317391376937
40491,0.23209406544488168
40492,0.2358253415110283
40493,0.2721777356698642
40494,0.17480574729649612
40495,0.20271228462800714
40496,0.20735716658629552
40497,0.18687731600057428
40498,0.16628064242502968
40499,0.19183932002440812
40500,0.2836133648041767
40501,0.16556119897770022
40502,0.1583860450600492
40503,0.17656911196058359
40504,0.29567163920719636
40505,0.2466056287850424
40506,0.29596311345352144
40507,0.231338275306976
40508,0.18869471632502458
40509,0.2277632910682556
40510,0.19355067976025658
40511,0.198066812452891
40512,0.19328675287060965
40513,0.21187314780689237
40514,0.22834930159662675
40515,0.2074692053889953
40516,0.3115729898042354
40517,0.25959392556557326
40518,0.21693644194268444
40519,0.263027050761944
40520,0.17810882619126386
40521,0.19300519348238304
40522,0.17749917412390645
40523,0.27815232340713963
40524,0.23812781957205065
40525,0.2350318426388175
40526,0.1980147347716083
40527,0.1719887318654152
40528,0.2269744952186111
40529,0.2807024332104907
40530,0.17704205545843466
40531,0.2757293562775074
40532,0.1731457386245638
40533,0.2745297489021307
40534,0.2323377329641669
40535,0.2279001249205049
40536,0.1495650514063325
40537,0.17078205481764588
40538,0.24504389454196293
40539,0.15682252860543297
40540,0.2800008545592964
40541,0.17479855285531173
40542,0.14751511225077776
40543,0.16514132178095203
40544,0.1937541210420034
40545,0.2577279057345096
40546,0.20528157687464538
40547,0.19141792550785847
40548,0.25427797339260655
40549,0.2505835710874148
40550,0.16923128161815196
40551,0.15137631472688323
40552,0.262498767519003
40553,0.21896736983851572
40554,0.2332738284695197
40555,0.22430750831666443
40556,0.21183843409274922
40557,0.2430039725772057
40558,0.2488267148611379
40559,0.2345109595248444
40560,0.2749719461825107
40561,0.2370586975378307
40562,0.1910339728172841
40563,0.2463473761181327
40564,0.3110362862326804
40565,0.24570882868745958
40566,0.20303211858838308
40567,0.16809673026971045
40568,0.20463254370215858
40569,0.23390571339993044
40570,0.16244527075404355
40571,0.15943201439531177
40572,0.2086955414063198
40573,0.20399772504755512
40574,0.21021118064970745
40575,0.20403263579374417
40576,0.1475492630475652
40577,0.18532842016099596
40578,0.1847776339381625
40579,0.1604093557865712
40580,0.18648345269981356
40581,0.23939466089327155
40582,0.26708964892434056
40583,0.22907627598161936
40584,0.2297501092292155
40585,0.2582630398383037
40586,0.1723565447150623
40587,0.24086340564785755
40588,0.18062609578822797
40589,0.28815694470795916
40590,0.21623494963181158
40591,0.1933531320301738
40592,0.24749966851887722
40593,0.13660572132954552
40594,0.18889638107242898
40595,0.2615155098071875
40596,0.1843843873591593
40597,0.25049573443767
40598,0.19508476588885518
40599,0.19165329285798433
40600,0.21088802045671098
40601,0.2874376836097017
40602,0.26436976344728186
40603,0.1612614047144159
40604,0.19765431504374284
40605,0.29687403031946746
40606,0.15633350938298624
40607,0.16189955119909802
40608,0.1795311823430288
40609,0.1882490463674449
40610,0.25590783937070105
40611,0.19016726717266125
40612,0.18581233700102312
40613,0.18435782434474057
40614,0.18889590360566916
40615,0.20139626128890328
40616,0.24414269943835876
40617,0.19000413655072304
40618,0.1367885374862955
40619,0.26622231655785983
40620,0.23139374085145195
40621,0.23704901809383208
40622,0.2631845425655924
40623,0.18769220142483742
40624,0.19770079967270704
40625,0.2772152499131295
40626,0.23870395496988928
40627,0.2264051292875291
40628,0.19624093766385592
40629,0.22231645813741477
40630,0.20863687068533163
40631,0.17489109244917547
40632,0.16337688570821762
40633,0.20276560348284225
40634,0.19346185286898276
40635,0.15830217837718924
40636,0.15466021899856386
40637,0.2556479666733842
40638,0.2008736731060808
40639,0.2332425801747824
40640,0.23275235664639632
40641,0.1728544898023702
40642,0.18532621146134556
40643,0.2575808958382557
40644,0.14667735154332803
40645,0.18746910701017602
40646,0.2772534582638815
40647,0.29078940968450123
40648,0.26284993101053755
40649,0.1665202495367042
40650,0.29796709399543947
40651,0.24267181830597231
40652,0.19998706440728128
40653,0.2001766782513436
40654,0.1844551291384224
40655,0.16902120777152685
40656,0.23895870889694015
40657,0.2296477141437579
40658,0.21591174030201027
40659,0.2615961114142444
40660,0.16084479184105066
40661,0.18362989289223053
40662,0.18599443020802067
40663,0.3256758259702432
40664,0.2524060988526304
40665,0.17249454827965585
40666,0.18261184787415974
40667,0.1668252808456214
40668,0.1683072089173684
40669,0.17730644181155905
40670,0.1592637719512634
40671,0.16320207265891884
40672,0.20205492638080222
40673,0.15837665014523875
40674,0.17893173735473067
40675,0.1775109132044059
40676,0.24795307967876948
40677,0.15045204859508282
40678,0.23477366986367498
40679,0.2742927365355717
40680,0.28286091051161505
40681,0.15947951806229851
40682,0.18372745301454138
40683,0.18101819347266157
40684,0.2823809858226881
40685,0.21170225728511455
40686,0.18548630374950753
40687,0.229214534910049
40688,0.16662746675880086
40689,0.2492851811834127
40690,0.2056610893663789
40691,0.18571465176263457
40692,0.18796262286470955
40693,0.20553623164119653
40694,0.19416765279614517
40695,0.2828895878640806
40696,0.18709255596981286
40697,0.29209025530941146
40698,0.20333320539867944
40699,0.22465764870943544
40700,0.1464792023339242
40701,0.2032044090821369
40702,0.21721320028316515
40703,0.19772081120196336
40704,0.2978877810179089
40705,0.2565906256374591
40706,0.1847024664459704
40707,0.20487216892275673
40708,0.18990465211453028
40709,0.21484567634068064
40710,0.25204950894464473
40711,0.3352850838148704
40712,0.23414265116263933
40713,0.19586178024033762
40714,0.22598189589625955
40715,0.22411972983784423
40716,0.21735520558947766
40717,0.185324126336361
40718,0.1886104319035805
40719,0.18886937759524755
40720,0.16215300003205235
40721,0.16264919123182767
40722,0.19807844894242632
40723,0.20284646507679438
40724,0.14899520506064634
40725,0.30985990801568947
40726,0.19839527844551025
40727,0.17063160371893207
40728,0.22335535033314285
40729,0.17857045592831222
40730,0.22680044391992854
40731,0.18287584421746694
40732,0.162505053630965
40733,0.26868404188767164
40734,0.1775152060405874
40735,0.1814956008446442
40736,0.2794888457657808
40737,0.2498837994026877
40738,0.14394101517314734
40739,0.19833776356530286
40740,0.19953417174167698
40741,0.2813786157920072
40742,0.3067950957424515
40743,0.17309099987666152
40744,0.17116878305573052
40745,0.2098142768135904
40746,0.26256119255614285
40747,0.18696718755164032
40748,0.328526618956544
40749,0.23465301241448017
40750,0.17590940557162313
40751,0.16309114382620643
40752,0.1748202968235198
40753,0.18332519230549732
40754,0.19613287078728997
40755,0.1875516723859105
40756,0.20838826293347934
40757,0.22440689564684926
40758,0.277521340176597
40759,0.23379900811960827
40760,0.31429263856451756
40761,0.20070001665300463
40762,0.15737897023963676
40763,0.15968808441731785
40764,0.17639521721227255
40765,0.23973239673729835
40766,0.2200486385322108
40767,0.19356638272834065
40768,0.20209476535856127
40769,0.17110624422010068
40770,0.27452083215817447
40771,0.28616460292639934
40772,0.19387253606586788
40773,0.25886963398876695
40774,0.18995281714432682
40775,0.20852442506594887
40776,0.1613265058403679
40777,0.1677153807879088
40778,0.14298514001015433
40779,0.16647364886010746
40780,0.17807580175865623
40781,0.28219075922696824
40782,0.18079003587179013
40783,0.251336639124698
40784,0.16428395289726422
40785,0.1633242022647779
40786,0.285900314015293
40787,0.17192310027854657
40788,0.23265648365096195
40789,0.21788999337517886
40790,0.19787201326163043
40791,0.19591298192726458
40792,0.30620318723596346
40793,0.24582996952283598
40794,0.17500256319213212
40795,0.18933682770543667
40796,0.16456541901887778
40797,0.1819483716834983
40798,0.23520656798258396
40799,0.1720425068840645
40800,0.1738189427600778
40801,0.1968842807272511
40802,0.2338836558679094
40803,0.2793904080436812
40804,0.1708725200863039
40805,0.20483205392958603
40806,0.17145630874656945
40807,0.18336297275850044
40808,0.18133949346457848
40809,0.19157347221656046
40810,0.17794188342432019
40811,0.14177938892958747
40812,0.1793704532261297
40813,0.1943050912368958
40814,0.19544416838297463
40815,0.1723670231131333
40816,0.20057542851872268
40817,0.13335561178802136
40818,0.2187382943081553
40819,0.1730298577409135
40820,0.212324955554352
40821,0.23898662694981038
40822,0.21520612852459414
40823,0.15094498278954224
40824,0.18379406570445922
40825,0.23634666561179465
40826,0.27039158680814634
40827,0.1952261629334893
40828,0.17254116176191975
40829,0.18596623352458536
40830,0.1913039796939907
40831,0.20420628483580686
40832,0.2972925230706894
40833,0.22842860268443155
40834,0.26227820072743424
40835,0.23606511707146602
40836,0.2548184915371595
40837,0.25250521470121723
40838,0.16801943508294184
40839,0.25493889819852805
40840,0.19495449665118966
40841,0.28624035348454807
40842,0.23682061357839035
40843,0.18206668532508363
40844,0.22293767198411005
40845,0.18600142793147975
40846,0.22456708509670617
40847,0.2138411370999102
40848,0.1708010880759884
40849,0.168807763215698
40850,0.17096947657626205
40851,0.18281914575387806
40852,0.2020578784861974
40853,0.21623814542894798
40854,0.18860088937038583
40855,0.17529693769196084
40856,0.27159337078890955
40857,0.1843762643764849
40858,0.20984945804561714
40859,0.25375814368396676
40860,0.22984183750703593
40861,0.19594516055541691
40862,0.19950098632545216
40863,0.19552094269674528
40864,0.18205222751212832
40865,0.1749069972945752
40866,0.14316317115963406
40867,0.20973627013210272
40868,0.16886414496705165
40869,0.21331013603956742
40870,0.1613303088197227
40871,0.15674582188114428
40872,0.18716768713469942
40873,0.2523468271115323
40874,0.17711272577697326
40875,0.16531142298732418
40876,0.16615133604749505
40877,0.21191611036843838
40878,0.19023884026179114
40879,0.1748560727365466
40880,0.15861030224560208
40881,0.20117079637534352
40882,0.2173639278345276
40883,0.17305194612651345
40884,0.31221750139710425
40885,0.24580137920313605
40886,0.22774937528487949
40887,0.17974182288893675
40888,0.19368206930438564
40889,0.1744338517346795
40890,0.17109299020909918
40891,0.13569028034892822
40892,0.2542121866952307
40893,0.18371548417818867
40894,0.17760881339145193
40895,0.23380096353379975
40896,0.2677527717713163
40897,0.23995961196207255
40898,0.2886100357092074
40899,0.19181647967601861
40900,0.15688725538478004
40901,0.18793975996999712
40902,0.16435286013000183
40903,0.23065201738914293
40904,0.19031323839644934
40905,0.17587833563114924
40906,0.15640684325870902
40907,0.2732531819126733
40908,0.1743898447972564
40909,0.22056338137805856
40910,0.26592545419223657
40911,0.19908591262580752
40912,0.17415623534491767
40913,0.22727007444085287
40914,0.20857089986157842
40915,0.17452125951935063
40916,0.172411107912266
40917,0.20982794103764185
40918,0.1838266742269436
40919,0.21011674623936713
40920,0.23002483509997407
40921,0.19742643892808062
40922,0.20342892629355955
40923,0.20845754881263534
40924,0.3068869647146328
40925,0.19802876399069053
40926,0.3230369887803041
40927,0.14920766733237292
40928,0.23006840746263482
40929,0.1871302778666471
40930,0.18827184548896375
40931,0.27248862041029315
40932,0.2037786221550865
40933,0.1856049687341304
40934,0.2590231640589862
40935,0.21868662858788376
40936,0.2597144195850203
40937,0.16432829274369257
40938,0.24339406122932739
40939,0.292135578080343
40940,0.16033076463630508
40941,0.2498987362415576
40942,0.1516011614531624
40943,0.2487960495271176
40944,0.24316728197919266
40945,0.22543880895303295
40946,0.19404163962371446
40947,0.2017166301840836
40948,0.1984600625088008
40949,0.18757692407473572
40950,0.19078830916884842
40951,0.21361233617956163
40952,0.20904970113348
40953,0.25065900623556425
40954,0.2790461443629155
40955,0.21290930102076364
40956,0.2936335883191741
40957,0.2896889874228989
40958,0.1722046028827883
40959,0.16215321830914292
40960,0.1389457488771776
40961,0.1991853553612403
40962,0.16172794417119532
40963,0.2521617247665587
40964,0.20129908297804916
40965,0.19051874908181143
40966,0.18129955817920268
40967,0.22751657825342084
40968,0.2554407457824337
40969,0.18756304213578884
40970,0.23335722571936446
40971,0.265486994026807
40972,0.20101543016639425
40973,0.18664019155164152
40974,0.14148630764233092
40975,0.18431913464380692
40976,0.18585638135436539
40977,0.1793035699538458
40978,0.19254792476319854
40979,0.2889821692797437
40980,0.15489773194837622
40981,0.23025259733999667
40982,0.21381573041982396
40983,0.2070201242713251
40984,0.18882040999368133
40985,0.1417321429417983
40986,0.26852372073130537
40987,0.17499542675022817
40988,0.19044712419054657
40989,0.1969620300563385
40990,0.2612148608080942
40991,0.16162672596402833
40992,0.1561329985519698
40993,0.18940837333120691
40994,0.18005197571449558
40995,0.2255063336345351
40996,0.16606980796848575
40997,0.19640304883285165
40998,0.1647788333205563
40999,0.290022462825756
41000,0.21229400093397355
41001,0.21959486810181894
41002,0.2318071125076408
41003,0.1970171813224984
41004,0.23380363906320234
41005,0.23461225607913824
41006,0.19071330034848863
41007,0.16706361431963393
41008,0.17889197605968582
41009,0.16492805580742675
41010,0.168057827546836
41011,0.22032294085997073
41012,0.19719982651165424
41013,0.18505613682575192
41014,0.18098488936621598
41015,0.15003578954493954
41016,0.17093458782841967
41017,0.1953647148431768
41018,0.259336593301115
41019,0.25610873236313736
41020,0.22262407569536355
41021,0.24041885692953
41022,0.21385283727195517
41023,0.20029204881646195
41024,0.23324526599403472
41025,0.2159143511471187
41026,0.25945611965716237
41027,0.27576496326525496
41028,0.2776657818130429
41029,0.29558168677845814
41030,0.241065668766615
41031,0.23679470543321185
41032,0.16730276109782924
41033,0.1602856048641929
41034,0.2666878145190813
41035,0.19122817770280343
41036,0.23700351950184206
41037,0.2640497635203502
41038,0.23454252008365334
41039,0.24569606243662404
41040,0.16066331239005316
41041,0.17780213011682058
41042,0.18037382172297714
41043,0.15897883509007224
41044,0.17904238251376264
41045,0.21312883150594197
41046,0.18576277645638523
41047,0.2826622747738411
41048,0.18107077793869034
41049,0.24420368677832777
41050,0.14145179986552248
41051,0.17696500831797757
41052,0.1777160662378758
41053,0.386248078501409
41054,0.2357093089000145
41055,0.31030122767985774
41056,0.17457089982128374
41057,0.1654347564687793
41058,0.2728917386699328
41059,0.2336149395785883
41060,0.21937225057870602
41061,0.2274043751560948
41062,0.23581342371506506
41063,0.18427700043651676
41064,0.20126976589995402
41065,0.16560670312729478
41066,0.17823326135212522
41067,0.21380757173740617
41068,0.1920350983018507
41069,0.24320167631069045
41070,0.13674092284834408
41071,0.1708343792445433
41072,0.1938045107011498
41073,0.1927844218014888
41074,0.22770223607747944
41075,0.3064856710588663
41076,0.19876301356666398
41077,0.1851996912565872
41078,0.21914480221353183
41079,0.16220535356492602
41080,0.2866854796670416
41081,0.27276439247260986
41082,0.20558729408487672
41083,0.2151955850731767
41084,0.16797605423271691
41085,0.25692087396580393
41086,0.2164586624982395
41087,0.1759280528433461
41088,0.20034527021657994
41089,0.22782990628428837
41090,0.20703078091486254
41091,0.23498396498915447
41092,0.2532021576338854
41093,0.2344931519502297
41094,0.27374269300137305
41095,0.25463756958627726
41096,0.23584815198887552
41097,0.3755451703519172
41098,0.1777012504824096
41099,0.21733764457372737
41100,0.2275174499703529
41101,0.22968967616389085
41102,0.14985572138270434
41103,0.23755511969555673
41104,0.17850822692351856
41105,0.23531122045251887
41106,0.31209423718979146
41107,0.2867879013924699
41108,0.17679726785405273
41109,0.24489547021260644
41110,0.17362110737075512
41111,0.14617819860960868
41112,0.248175441293207
41113,0.20312321605946249
41114,0.2374737016717539
41115,0.18831559566792755
41116,0.20572231301209232
41117,0.17343900814211166
41118,0.18046242281784275
41119,0.15023501020814603
41120,0.1743870803724739
41121,0.21541997677999838
41122,0.16127539779919453
41123,0.2332520222162828
41124,0.22524341415466242
41125,0.14096364230942462
41126,0.20216462897854154
41127,0.25894268262195475
41128,0.23769230403321118
41129,0.25753814222200444
41130,0.154137632383028
41131,0.2647140142297866
41132,0.23973663833051304
41133,0.21497668549208968
41134,0.30929839602253073
41135,0.1856048470079446
41136,0.21529031098520368
41137,0.2777442058732403
41138,0.1739253384294148
41139,0.24312068130805142
41140,0.23972857001022674
41141,0.21925129619660944
41142,0.2647305493850811
41143,0.18108966655285216
41144,0.1814359818126369
41145,0.19214317048331434
41146,0.19059249551849267
41147,0.17033160075822665
41148,0.17331567549612828
41149,0.20058547346953287
41150,0.20694748093831714
41151,0.2704549025743987
41152,0.15117798941012714
41153,0.19346696428472399
41154,0.21890857576138753
41155,0.2378325348916917
41156,0.24752228013029115
41157,0.30073222254420506
41158,0.16280042034929226
41159,0.20866113213433624
41160,0.3708337254697468
41161,0.27223460105031755
41162,0.2517030208427383
41163,0.24268847596849494
41164,0.20423497419138212
41165,0.21446003184634008
41166,0.2136064034817343
41167,0.27731720718268177
41168,0.22547920832493573
41169,0.16359833888842557
41170,0.18994352847571253
41171,0.16297242398065453
41172,0.23305582583095827
41173,0.2536634574911227
41174,0.20649947359813495
41175,0.272096584343942
41176,0.14906775348903759
41177,0.21591531091357058
41178,0.1678338921392161
41179,0.17555550493961194
41180,0.15766920409555557
41181,0.2130550598698861
41182,0.21906831528826534
41183,0.22926727110331468
41184,0.16353440972196018
41185,0.1985806266580872
41186,0.29352836199607196
41187,0.2632635082586775
41188,0.17711625814850643
41189,0.20860438842750167
41190,0.21109809671109414
41191,0.2217006860431956
41192,0.22832411290469729
41193,0.23383498338788825
41194,0.22773569272172176
41195,0.18973518452964516
41196,0.18324064470362686
41197,0.17781882102196725
41198,0.2714852278939771
41199,0.1789929895391541
41200,0.2157641863993223
41201,0.23505943792222295
41202,0.13478992305995618
41203,0.2641093712279243
41204,0.19789993344132525
41205,0.2196141619600015
41206,0.33386239528580847
41207,0.2157542243389744
41208,0.2989168607718104
41209,0.18369596538561125
41210,0.22203955779263942
41211,0.23544523655324023
41212,0.24998494131498414
41213,0.25077439021421294
41214,0.2846453380587045
41215,0.2359232437891974
41216,0.254548927659287
41217,0.14412568616478316
41218,0.17592341099435824
41219,0.1735816495582909
41220,0.20114890920058073
41221,0.3035408960830557
41222,0.18060726476837952
41223,0.153605738914903
41224,0.166169279961492
41225,0.23936139448981314
41226,0.2132064713044557
41227,0.24859410585626812
41228,0.23391106365882203
41229,0.20829895774004253
41230,0.24406514237278748
41231,0.24416238572686677
41232,0.30820801528246305
41233,0.16661021960428044
41234,0.15994021747388146
41235,0.31619572986449446
41236,0.18784134410366027
41237,0.1945544920225008
41238,0.29380080796715774
41239,0.26922920991429494
41240,0.23575917432402987
41241,0.2065672015945526
41242,0.2003470543468512
41243,0.17091996761174355
41244,0.15318203951132736
41245,0.17789397977942922
41246,0.1721425396503925
41247,0.2898108168085342
41248,0.20034313896041145
41249,0.18842654205869672
41250,0.1695044128769365
41251,0.15829897726170908
41252,0.27016987859696767
41253,0.19816396594169267
41254,0.13742845900504969
41255,0.17065212237767244
41256,0.22500526117247865
41257,0.23389140736350164
41258,0.20837863378052235
41259,0.21067791912799536
41260,0.1838108816789703
41261,0.14030881415526003
41262,0.1780892864985089
41263,0.21918148140423985
41264,0.23632212054046015
41265,0.21990945494675643
41266,0.18938713138928598
41267,0.1399867350517681
41268,0.2498730852422421
41269,0.1714023039340528
41270,0.21906348401384818
41271,0.19070878644751588
41272,0.18709422213813945
41273,0.17300616506355604
41274,0.20808670033926063
41275,0.21224499732903085
41276,0.29502767759335125
41277,0.16692507050929783
41278,0.15856920608400896
41279,0.2292652076289918
41280,0.18490257815135408
41281,0.23380021527958217
41282,0.19626919398485673
41283,0.2937016599640039
41284,0.3335633624877531
41285,0.2228853488943302
41286,0.19370339871382092
41287,0.3183198586563532
41288,0.23488648821401184
41289,0.22684562558519122
41290,0.21096148015185673
41291,0.3349461516163026
41292,0.23815749321140392
41293,0.19604894446985255
41294,0.22760474190000554
41295,0.36081285595487583
41296,0.20259264036921432
41297,0.19762241171555786
41298,0.25849420509852983
41299,0.19983345428581326
41300,0.22404437789966555
41301,0.19583965855669563
41302,0.15579344329195136
41303,0.16716821633278756
41304,0.1725107719208501
41305,0.24373855721849813
41306,0.2496651444099315
41307,0.2578544808298287
41308,0.1877618328779726
41309,0.15764709371617644
41310,0.18417605975118193
41311,0.2912568744646448
41312,0.2020468715503318
41313,0.29039740496922906
41314,0.21974255458424924
41315,0.25981046935000546
41316,0.2027157446072267
41317,0.202623789762612
41318,0.2012692580294129
41319,0.28461387892126067
41320,0.18628838369495226
41321,0.19811736740090072
41322,0.3224606718010303
41323,0.19282399559245442
41324,0.15186306156815976
41325,0.22133638490499738
41326,0.25489045074577366
41327,0.16892091613253116
41328,0.279668215886039
41329,0.1699058500749359
41330,0.15906516098969825
41331,0.2477337568146193
41332,0.24010560789994964
41333,0.2274908620909019
41334,0.18004256159655146
41335,0.1716108674734661
41336,0.25781978478370965
41337,0.21106069013854925
41338,0.26206181178963217
41339,0.21066978914244078
41340,0.32361992570013426
41341,0.19567430063631455
41342,0.18505504285065397
41343,0.18056636443481086
41344,0.24563981881027355
41345,0.25056650269424613
41346,0.18141189115791978
41347,0.13858498505742647
41348,0.18659469734500378
41349,0.2270059833434142
41350,0.23534434908201912
41351,0.2535839447654365
41352,0.15634413787137602
41353,0.22917372213514237
41354,0.2349834445623662
41355,0.23003263546567118
41356,0.2817019173445648
41357,0.20145366747108526
41358,0.17798310738585207
41359,0.26678864847749656
41360,0.2577327951368879
41361,0.2232094008215945
41362,0.2280251737480173
41363,0.26164159995387093
41364,0.16789624573303366
41365,0.2396160833278139
41366,0.2069877674988129
41367,0.187305957730387
41368,0.21074262332569355
41369,0.22369508848245495
41370,0.29412486491315226
41371,0.2956551362859876
41372,0.1694671469696603
41373,0.2570078618364956
41374,0.16771134870214977
41375,0.19782475148964754
41376,0.18361201953753753
41377,0.2212818529681445
41378,0.2566766948250163
41379,0.17952696737573146
41380,0.20717942795652056
41381,0.24378705991610178
41382,0.1725054615250999
41383,0.1584533706603259
41384,0.18740908791687655
41385,0.17555697414792334
41386,0.2295585751247797
41387,0.22539898773973488
41388,0.18095091947646513
41389,0.23972584691570084
41390,0.2188208024417338
41391,0.18600161834966936
41392,0.18942862453685702
41393,0.21150914586035635
41394,0.24585956766698616
41395,0.19126383597298385
41396,0.19973137085798956
41397,0.22823069993663433
41398,0.2198682775754689
41399,0.22558770132383432
41400,0.23669806674751906
41401,0.2114053458293161
41402,0.2165416858289034
41403,0.25124592357452824
41404,0.17757939437513823
41405,0.2449553601845651
41406,0.21823644454815166
41407,0.18091338708451243
41408,0.18799103311757118
41409,0.15854564378592756
41410,0.2097888364788271
41411,0.2396748193480552
41412,0.19484882381293858
41413,0.1762476266054827
41414,0.24623681715154927
41415,0.22769643392216987
41416,0.19597952853327388
41417,0.25370177389370335
41418,0.17641785266177873
41419,0.19502473877732196
41420,0.30924353406118366
41421,0.1721571558941648
41422,0.24764262161197245
41423,0.22073279402236373
41424,0.25130091428949036
41425,0.16743488929800485
41426,0.2014033626345654
41427,0.17118763293686234
41428,0.21410347262701002
41429,0.27787698312856596
41430,0.21860108885678006
41431,0.17010091992344642
41432,0.2742728463165847
41433,0.2576845049863462
41434,0.26005126891592156
41435,0.2091527371760874
41436,0.1861989594455349
41437,0.2069816431432004
41438,0.21654160437283468
41439,0.15022517913928332
41440,0.17941168150070566
41441,0.19572247621749037
41442,0.18790552407716413
41443,0.15770617478571883
41444,0.2582134912910609
41445,0.19020698189188523
41446,0.1715060081348918
41447,0.17383571102555037
41448,0.222379667439079
41449,0.15771626563095092
41450,0.21113234625567437
41451,0.18906345580813405
41452,0.21125539638185534
41453,0.2593422532039331
41454,0.2727706868935854
41455,0.3361673832118839
41456,0.1837458851098365
41457,0.22678569968225523
41458,0.29204491127792326
41459,0.18130418104629592
41460,0.19464419084225695
41461,0.16534151890862514
41462,0.27445036329215183
41463,0.23423779320998292
41464,0.19428049868766636
41465,0.29624566868623836
41466,0.15449878191917718
41467,0.2009695499013289
41468,0.27233036941401506
41469,0.20932750658564944
41470,0.2431632627953709
41471,0.17629893672502803
41472,0.26695281198865095
41473,0.25381377548843237
41474,0.20329748028173017
41475,0.23753662973208317
41476,0.21453275952524062
41477,0.264597934489046
41478,0.19587171764162675
41479,0.26741901015572417
41480,0.16462221018118892
41481,0.2933853569995345
41482,0.22438602241998395
41483,0.23712218337169255
41484,0.18484510258772335
41485,0.1646254492237999
41486,0.23412082979891838
41487,0.13250827234485574
41488,0.27394811441071404
41489,0.1724738426881876
41490,0.19317668686875186
41491,0.2701401322926645
41492,0.14155087703942854
41493,0.19625549873102904
41494,0.23384240668003717
41495,0.277099330647552
41496,0.2634216424707044
41497,0.24957753981437458
41498,0.17095413162605225
41499,0.38377805586235875
41500,0.19325158031023082
41501,0.21043596279908316
41502,0.2801321218925685
41503,0.20879073255988273
41504,0.19807179695221921
41505,0.1269170473205959
41506,0.19083088508986457
41507,0.18560206200013712
41508,0.230433064899808
41509,0.20501436840741807
41510,0.2887970873158951
41511,0.18472910268673778
41512,0.25260067852678597
41513,0.16910829998404836
41514,0.25187986879540586
41515,0.2939812539734778
41516,0.24263930238493622
41517,0.16072935769141294
41518,0.15867749230608943
41519,0.18765882618963528
41520,0.15939833689356597
41521,0.1747339778855986
41522,0.28845593793751795
41523,0.2611971084223495
41524,0.17243555411815265
41525,0.17403415358955876
41526,0.16677952552368897
41527,0.2603923734496214
41528,0.1938445337834598
41529,0.28534603248138724
41530,0.2421410201698368
41531,0.1714361519525531
41532,0.18696459433070867
41533,0.191005832270474
41534,0.2207360013009032
41535,0.1622438902697266
41536,0.2744332343810597
41537,0.17786790610606404
41538,0.17968304230575993
41539,0.28074741406565856
41540,0.1817395133187221
41541,0.15719952013331873
41542,0.16421932376266407
41543,0.2507513093953229
41544,0.15834224314854783
41545,0.262981997376072
41546,0.24865112017405328
41547,0.28012829787601434
41548,0.20347324619707738
41549,0.19899727701082132
41550,0.2502547351563356
41551,0.2929925319559834
41552,0.18395069376283643
41553,0.19956926688532622
41554,0.14634402471601937
41555,0.27989768589376623
41556,0.27832607685078053
41557,0.20955936733875402
41558,0.17940408054829166
41559,0.16748643420209183
41560,0.24986641589535266
41561,0.2546742863020455
41562,0.15387216799137504
41563,0.18699697824163203
41564,0.2932113612308185
41565,0.2367903287341145
41566,0.16650253849642443
41567,0.19814240723455526
41568,0.1667263333936986
41569,0.2612762645554081
41570,0.18667454367499892
41571,0.23637495970561237
41572,0.27676969482559227
41573,0.2621029993730488
41574,0.16548203788789448
41575,0.2205330758083576
41576,0.23265363378004886
41577,0.2112483907024875
41578,0.2727963445729536
41579,0.17342851600036024
41580,0.25045200323775135
41581,0.25047684822910105
41582,0.19356327225294842
41583,0.260727659446842
41584,0.18388942065834626
41585,0.1791988957251461
41586,0.26298665024437967
41587,0.2808518160630173
41588,0.17512274426534152
41589,0.18627296519934575
41590,0.24327016545959426
41591,0.2782355828525176
41592,0.2116637710127898
41593,0.2191951873865794
41594,0.2507807274354479
41595,0.17124404192925866
41596,0.17749034989751383
41597,0.22621555885073313
41598,0.28316750678389363
41599,0.2113100136623421
41600,0.1920081788968249
41601,0.30619006456347964
41602,0.1886029125705957
41603,0.18587809381615097
41604,0.16168681821168004
41605,0.1890365473917803
41606,0.16998824972101143
41607,0.16163486141912448
41608,0.24110494614486522
41609,0.22828124758246215
41610,0.19588986413505205
41611,0.25748428950017027
41612,0.2337165167277712
41613,0.202153981085259
41614,0.23981301406813416
41615,0.23983330808623685
41616,0.2452013808321332
41617,0.17676751441267072
41618,0.23875569459122253
41619,0.2462185379236729
41620,0.23370490995385518
41621,0.27267120651617754
41622,0.20739506141458428
41623,0.1575480548926105
41624,0.1880155877129311
41625,0.26457000981069434
41626,0.1724700277091714
41627,0.2598838947594815
41628,0.2622460589728856
41629,0.25415127748853966
41630,0.2240900955813716
41631,0.1581792902945099
41632,0.17411282607606673
41633,0.1592049713830593
41634,0.1777889512359151
41635,0.1891613212801663
41636,0.2423901209805567
41637,0.19547495653148916
41638,0.20042085449646763
41639,0.20598784500989212
41640,0.16843119832638606
41641,0.20448918716399445
41642,0.1607000247814772
41643,0.2606381807650512
41644,0.2928758304790215
41645,0.1947900315935707
41646,0.2640684807638491
41647,0.18678862671775398
41648,0.2528890258466661
41649,0.3042515313044967
41650,0.19234947331682842
41651,0.28638474278498655
41652,0.167939051861005
41653,0.2510363234496811
41654,0.17415742567882564
41655,0.27585370824428074
41656,0.25115078915132605
41657,0.24081127138888658
41658,0.17614270760366998
41659,0.14960858146871683
41660,0.1836641586687989
41661,0.2913122203330417
41662,0.1957541060491198
41663,0.24289723570795885
41664,0.20873537714105928
41665,0.2594369973303842
41666,0.17949899722471052
41667,0.16631470331971307
41668,0.2679961631897356
41669,0.1825879237403942
41670,0.18507761790132513
41671,0.20215508820617548
41672,0.15304632992373135
41673,0.2332612570150618
41674,0.22844825307997818
41675,0.16409527658704967
41676,0.24118197154366514
41677,0.274078757186034
41678,0.1716291892805557
41679,0.17222717205383667
41680,0.22319797931094154
41681,0.1636761964418093
41682,0.17210928324406857
41683,0.23104367377035234
41684,0.18199773009312675
41685,0.18136584410015077
41686,0.19187577582749182
41687,0.20517911598552405
41688,0.2631853506488298
41689,0.2468914215175001
41690,0.18336888006462196
41691,0.17281649672329089
41692,0.18949770574931374
41693,0.2197355157680581
41694,0.17335131146622104
41695,0.1954280958834533
41696,0.2601583189096713
41697,0.2804074018438658
41698,0.15096685803397455
41699,0.13118394511733944
41700,0.18878529552556916
41701,0.21714986100600012
41702,0.181541190367917
41703,0.16310050266007292
41704,0.2791118558469557
41705,0.17771092369164335
41706,0.26408661026643854
41707,0.28071993575445764
41708,0.2305669430972731
41709,0.1778240090988815
41710,0.21647823630581148
41711,0.170584147662919
41712,0.2094049673631639
41713,0.2096238180823136
41714,0.2832244883943353
41715,0.2127313522076287
41716,0.1814132589205656
41717,0.12255832218046868
41718,0.1732558147295272
41719,0.3349328743755743
41720,0.16940331632945488
41721,0.17963310991153864
41722,0.27135680865788897
41723,0.25372361873625526
41724,0.18657702001319632
41725,0.27446092708107217
41726,0.22308898692768392
41727,0.16187094131406654
41728,0.19166851958800799
41729,0.1842406702732305
41730,0.21711823742453876
41731,0.19822968988710227
41732,0.19654537784989773
41733,0.2845265743034262
41734,0.16903122089277783
41735,0.3050711995673382
41736,0.18065576293952187
41737,0.28849379283468535
41738,0.18257046397366994
41739,0.29293501109695375
41740,0.24863035114869367
41741,0.2755481334107033
41742,0.20657592273141073
41743,0.199604797339318
41744,0.25090260813900644
41745,0.18541753060556168
41746,0.21296336944452957
41747,0.24429964233044554
41748,0.20838868829311344
41749,0.23285675681496276
41750,0.15147741902643463
41751,0.18098845498197672
41752,0.21424625135460615
41753,0.2289455902382616
41754,0.20301993759361137
41755,0.22995190762671847
41756,0.15051189676710378
41757,0.23340940075703093
41758,0.15297217843678396
41759,0.1864678603267796
41760,0.16052434457370668
41761,0.267550327326061
41762,0.16630590600048753
41763,0.16192698318484766
41764,0.23545711393717325
41765,0.2698475701539089
41766,0.2493623881811122
41767,0.2142439201684924
41768,0.2582851713474621
41769,0.24447729593980255
41770,0.2773161121028735
41771,0.27998832397333717
41772,0.261787450936172
41773,0.21276373233899182
41774,0.17572950227452744
41775,0.17045656657019165
41776,0.21306820323091402
41777,0.1913764338775475
41778,0.30798535967369844
41779,0.19637288722417398
41780,0.1562990880405458
41781,0.19044754287835783
41782,0.2948805717123164
41783,0.2081185445189763
41784,0.26446160303615296
41785,0.22422653390506944
41786,0.18245885173549012
41787,0.20494376647764828
41788,0.16377164237416625
41789,0.2018023452767962
41790,0.21304517162217515
41791,0.1858233154349399
41792,0.16694856630295518
41793,0.2384667246135685
41794,0.19807486016697307
41795,0.1897943726877038
41796,0.1979057047546056
41797,0.25244406841057765
41798,0.20504743764049368
41799,0.17185043962479601
41800,0.16265397445239324
41801,0.19943359187235024
41802,0.22777013283330003
41803,0.16844177416064526
41804,0.20863475061495607
41805,0.22606927185530157
41806,0.2482530639738198
41807,0.2518015802702614
41808,0.1852843268286677
41809,0.2181709592735166
41810,0.17285278489329883
41811,0.19628585529817638
41812,0.18379015767563614
41813,0.17033570266276044
41814,0.25029309622460905
41815,0.15135323605088158
41816,0.21181853932583494
41817,0.24415987357487487
41818,0.279938922868889
41819,0.2013080023647226
41820,0.19474370657813975
41821,0.1862408682299547
41822,0.19605885960331762
41823,0.13898350590191222
41824,0.271756005702246
41825,0.1593738251389346
41826,0.29421560414284853
41827,0.2292324903382068
41828,0.19934718329758525
41829,0.18095431166149312
41830,0.28250379638743583
41831,0.1871773389173642
41832,0.17810282134905056
41833,0.20122626062728888
41834,0.17772641106344192
41835,0.18227432877173913
41836,0.1701359708841311
41837,0.28043874691158527
41838,0.2924149722384843
41839,0.18812269179787044
41840,0.221084401062428
41841,0.2258804009482958
41842,0.16101747542427536
41843,0.19390946301588183
41844,0.24408790366692476
41845,0.2762032268453904
41846,0.14934088833197218
41847,0.23744469374285987
41848,0.2468511857720055
41849,0.26472321159903733
41850,0.18848898596396726
41851,0.18564910236709353
41852,0.17720317267544894
41853,0.16492253206779897
41854,0.18412877975976813
41855,0.24666896114576534
41856,0.19306753724154266
41857,0.206137386514521
41858,0.18385576182478314
41859,0.21955866082410253
41860,0.22807027695907728
41861,0.18287435097833066
41862,0.32629081211255
41863,0.18458103389865688
41864,0.24421439286029034
41865,0.2757631996369141
41866,0.18439056957080197
41867,0.1564313786482556
41868,0.2499113211289412
41869,0.26369632908779794
41870,0.2349701001549399
41871,0.1765397158297451
41872,0.19761929394444963
41873,0.1712016694586534
41874,0.1880324155417783
41875,0.2653042203580805
41876,0.27635297566594424
41877,0.318194086303837
41878,0.15212145557369725
41879,0.2125908039482136
41880,0.1807547641749453
41881,0.23367688537094847
41882,0.289041614386523
41883,0.15578803047341053
41884,0.21008861215503535
41885,0.1743878634476012
41886,0.2423522895655351
41887,0.26370985385442397
41888,0.15032221639237714
41889,0.22018488802597766
41890,0.18333458686029755
41891,0.18782855716202357
41892,0.27954032577617216
41893,0.22905228892788332
41894,0.2238829326262099
41895,0.19457262120639215
41896,0.19367025398335233
41897,0.2023383106709495
41898,0.2601868132962572
41899,0.27102906836143015
41900,0.1715330558240631
41901,0.2224278495961832
41902,0.31413514207512655
41903,0.20236784742013125
41904,0.2897066937277309
41905,0.2032435367257492
41906,0.22941676087963558
41907,0.211670310492419
41908,0.28985490106035827
41909,0.1528483955527197
41910,0.195507845431378
41911,0.2574699025395483
41912,0.23089476654355715
41913,0.2400974648278777
41914,0.23725926316075416
41915,0.2640583814880578
41916,0.2280095955045284
41917,0.16957804719882838
41918,0.1655104791840347
41919,0.20303242469788924
41920,0.19066310258593955
41921,0.19201081827613856
41922,0.16693285828079754
41923,0.160254173522827
41924,0.2853937851044185
41925,0.2053524161081482
41926,0.27267887723750306
41927,0.24570444506845399
41928,0.19034781677047946
41929,0.26038822758163604
41930,0.28920112395655334
41931,0.16893964571805298
41932,0.1830644530836383
41933,0.2919136432415838
41934,0.16875401833471304
41935,0.27403960558680684
41936,0.2087688387837936
41937,0.27307346861594944
41938,0.22834059499414297
41939,0.1690350272070316
41940,0.2265086462536608
41941,0.18934356793351476
41942,0.19407616847853718
41943,0.1892385863732101
41944,0.22162016832925377
41945,0.17380241412371739
41946,0.20067292352815014
41947,0.2803121479302418
41948,0.2833018309736061
41949,0.15830949973732408
41950,0.2722579753691129
41951,0.16611219823647855
41952,0.1765368311111672
41953,0.19803436312924874
41954,0.15485587410960422
41955,0.21746652936199176
41956,0.18178909846667815
41957,0.18627334956252647
41958,0.17871189558139483
41959,0.1863102658795075
41960,0.19999239755450313
41961,0.1523079172101411
41962,0.16410750019905554
41963,0.15034568338870444
41964,0.2367321327794891
41965,0.3225025042356214
41966,0.2514480343790551
41967,0.1902219466482036
41968,0.15440729144543736
41969,0.2818793570678959
41970,0.19888014587136993
41971,0.21160777529061137
41972,0.18477776769176205
41973,0.15712665138541287
41974,0.20207078114006718
41975,0.17463679988307412
41976,0.18918268832753016
41977,0.2326410163722992
41978,0.18252714318358104
41979,0.2267741917638735
41980,0.2590539829414723
41981,0.23668431020606773
41982,0.23717432398079807
41983,0.1667004232155735
41984,0.2004740309004552
41985,0.1472656215199585
41986,0.17847667746107423
41987,0.32519702841196974
41988,0.2640863906087418
41989,0.18471728796577824
41990,0.2955946297473089
41991,0.16244796181489274
41992,0.1855342395394889
41993,0.20385981599067088
41994,0.20136938452098288
41995,0.28962313689484115
41996,0.21265131234886103
41997,0.22394943850713162
41998,0.21415531436818946
41999,0.20827921726326792
42000,0.18045444173222425
42001,0.1982925618725471
42002,0.19164809375995248
42003,0.24398400394886952
42004,0.19096438020063577
42005,0.18242494436276604
42006,0.20455286630442426
42007,0.23290655718278339
42008,0.1615886591746825
42009,0.17945359455441132
42010,0.25614844449493995
42011,0.29504691188203996
42012,0.18155583298261313
42013,0.24666342370612976
42014,0.26234409481611176
42015,0.18808462451966043
42016,0.18244109336519324
42017,0.18443589789733328
42018,0.16830869294981196
42019,0.3074438573751352
42020,0.3108917021015194
42021,0.27766458762351237
42022,0.25657143247311903
42023,0.23605195952761412
42024,0.17626918585684212
42025,0.23711082142144912
42026,0.22723864193234541
42027,0.2506650928933612
42028,0.2841672447458874
42029,0.19119559645189135
42030,0.30977313638323933
42031,0.18038339537054415
42032,0.16304048305914132
42033,0.21514058385419385
42034,0.22566223475291536
42035,0.29753906950589754
42036,0.17943696609067364
42037,0.20807535158524104
42038,0.2095821795261115
42039,0.31793529976161206
42040,0.15089333941208383
42041,0.2753752072548256
42042,0.17802440839006686
42043,0.2933864451217071
42044,0.17904233680943707
42045,0.3040110198566595
42046,0.1753014693483347
42047,0.21062651398344123
42048,0.27063945201040335
42049,0.1896215035085209
42050,0.3331366292333216
42051,0.19302244093016577
42052,0.27688865677030045
42053,0.23529205530204295
42054,0.2930183262417344
42055,0.2798850039444673
42056,0.1673244953594635
42057,0.17954876324775984
42058,0.1645477016592124
42059,0.2253871345249249
42060,0.14964962574456434
42061,0.22149560058134157
42062,0.22340299819821055
42063,0.24155613371476137
42064,0.20955868896801744
42065,0.32530821241670643
42066,0.20235311927971522
42067,0.29500554378821575
42068,0.2663933931976354
42069,0.3043624090165584
42070,0.2609682703790629
42071,0.2655142588162194
42072,0.16546855555984874
42073,0.2502905982489983
42074,0.21727041959960786
42075,0.2524194628280617
42076,0.1872544970412093
42077,0.27152966709006643
42078,0.21625154860869478
42079,0.24036234796709796
42080,0.1624578019063536
42081,0.22160239010735203
42082,0.18990157855593812
42083,0.21389634813220243
42084,0.29494424300281225
42085,0.18356122016827292
42086,0.19432450977355983
42087,0.19449876344350464
42088,0.18973143005338877
42089,0.2571072265198175
42090,0.22091013871262663
42091,0.24622834696331286
42092,0.19281066525742827
42093,0.1838828630874627
42094,0.2338339198238804
42095,0.2546928504993247
42096,0.16292182993416982
42097,0.25936207356622254
42098,0.29206505870317095
42099,0.16455895503804302
42100,0.17982419427896
42101,0.2023318571819637
42102,0.1731950578569343
42103,0.19815652158865757
42104,0.1858557895978454
42105,0.255753067961747
42106,0.19744182628013257
42107,0.15079336974974394
42108,0.17581969021261623
42109,0.15081650252190637
42110,0.18251958241898042
42111,0.1918658075369659
42112,0.19901731930280164
42113,0.18409023345744882
42114,0.23747557731614577
42115,0.15029634043114345
42116,0.18787752294488066
42117,0.15988727678461165
42118,0.24560508810308737
42119,0.21579844659148015
42120,0.1849252433952026
42121,0.16742070368274978
42122,0.19175229114085898
42123,0.1951280137090566
42124,0.32463668813993485
42125,0.2859735915339676
42126,0.19414643017258887
42127,0.25385876017588377
42128,0.19550862459905086
42129,0.20165511091497035
42130,0.1606704072398832
42131,0.23721062451920225
42132,0.20159350556951317
42133,0.27267578333993187
42134,0.17882679743524754
42135,0.23412343848029366
42136,0.19416561933124815
42137,0.2913618532351239
42138,0.19193750863903547
42139,0.2962467530725895
42140,0.19958862912779488
42141,0.2537948357666251
42142,0.24410238159623332
42143,0.2446819388692246
42144,0.23163323195588612
42145,0.26420129648532414
42146,0.25173527286329966
42147,0.19818629757034636
42148,0.1856500594433945
42149,0.24192712481236234
42150,0.24705781889348366
42151,0.22396967738105988
42152,0.16604265873006877
42153,0.21414677614746533
42154,0.18382036646145516
42155,0.16511833174451776
42156,0.20936759381676207
42157,0.24614650301191254
42158,0.19168575336548233
42159,0.24103266370210868
42160,0.27299739651337107
42161,0.2186295959113383
42162,0.22461609770129892
42163,0.2480835160489716
42164,0.26508369048818475
42165,0.21141711904436086
42166,0.20593641312684569
42167,0.22073092293492308
42168,0.31077534807532853
42169,0.29407318520493014
42170,0.263203945973578
42171,0.18493944454374678
42172,0.31924424502080667
42173,0.1795358836394617
42174,0.29911186287464603
42175,0.15746597199166706
42176,0.2946947954316923
42177,0.18237611842510495
42178,0.3183455738661374
42179,0.19729790445802306
42180,0.19762456937026418
42181,0.2489587735941622
42182,0.18914594640936813
42183,0.21475400724156535
42184,0.19849217247306794
42185,0.179175236387405
42186,0.2755201789585658
42187,0.17014641501470404
42188,0.29926148632274585
42189,0.16270622668325949
42190,0.17125624167612197
42191,0.299069075280786
42192,0.19184345580739845
42193,0.2932973937657913
42194,0.16709194577119774
42195,0.21852767882442517
42196,0.1677417186493069
42197,0.29938268634012777
42198,0.1768620436665469
42199,0.20314454106604035
42200,0.19119440502033277
42201,0.18578304534972123
42202,0.24784927632714931
42203,0.17846674210789754
42204,0.1525955180413131
42205,0.2821016210596771
42206,0.1724954738760987
42207,0.2025992743235443
42208,0.23421918397642646
42209,0.16802196698281924
42210,0.2527463650230763
42211,0.1570243837418113
42212,0.28812836385284035
42213,0.25067774318817426
42214,0.3034028381618788
42215,0.21303473777031443
42216,0.18187647254869968
42217,0.21163523465206174
42218,0.21885461508108983
42219,0.25178517262329114
42220,0.19670063929867332
42221,0.31037223406566916
42222,0.2275616240345493
42223,0.2291822432715316
42224,0.28535804074371474
42225,0.20840373302598583
42226,0.3058773505412782
42227,0.20382531430803066
42228,0.3287740778135828
42229,0.17656097857032133
42230,0.263208886728962
42231,0.17157934866667765
42232,0.21654829974880307
42233,0.18937327020891956
42234,0.17609767865613823
42235,0.23296102873561172
42236,0.1976339033045364
42237,0.21499662260048613
42238,0.2322617551999746
42239,0.1758327734390147
42240,0.20048800084373952
42241,0.2826587909765732
42242,0.21517196606441288
42243,0.19870156124318242
42244,0.18589764443335569
42245,0.16546058612098727
42246,0.18286211630612714
42247,0.3274124951995047
42248,0.261008622444383
42249,0.20191136046523286
42250,0.24463825929536986
42251,0.20620450089429027
42252,0.25241596622137136
42253,0.18964130028837528
42254,0.25782040916176663
42255,0.23088029636488616
42256,0.246109360782157
42257,0.2165711939339577
42258,0.28082778050767965
42259,0.18261514963130543
42260,0.1994807593098693
42261,0.15808357430663025
42262,0.1811738154469083
42263,0.28199055344551527
42264,0.17564669229126584
42265,0.21750970292239638
42266,0.2808448448085939
42267,0.2012979170010093
42268,0.21771757309329143
42269,0.2889842603271833
42270,0.19415574410510342
42271,0.2635949400932162
42272,0.30569795351197954
42273,0.17916286133693438
42274,0.20310802066546374
42275,0.14754159387507845
42276,0.20253917486311723
42277,0.14886439896034964
42278,0.17567900311231718
42279,0.2796943466847551
42280,0.24654123945503403
42281,0.327027624666364
42282,0.26718991635704453
42283,0.18172500113271312
42284,0.24374202953013252
42285,0.2781819038785594
42286,0.20457236815657306
42287,0.15816227670948435
42288,0.19284698212791473
42289,0.2591965611361826
42290,0.1858297526285863
42291,0.2127738292948102
42292,0.25232853044583137
42293,0.23215244083437664
42294,0.1836201620936189
42295,0.194875346283358
42296,0.17725268712410272
42297,0.1986054515086232
42298,0.2521913807766962
42299,0.21033963496718328
42300,0.23297806833234513
42301,0.17782109389691997
42302,0.16463990738252035
42303,0.20101672134193996
42304,0.2557942832233851
42305,0.2978686089177164
42306,0.18348346670902857
42307,0.2329816778898077
42308,0.21061556329993697
42309,0.17164831188765162
42310,0.16545106830883416
42311,0.31421841890746055
42312,0.18911818500233285
42313,0.2775781467047448
42314,0.21121506301680867
42315,0.21708444327887977
42316,0.19676262687720353
42317,0.21654018219139787
42318,0.22980926799334575
42319,0.23987067233129575
42320,0.1851082096716645
42321,0.19390949241343727
42322,0.2176951851713698
42323,0.2766665544104539
42324,0.19392710370445257
42325,0.20665200976470643
42326,0.25277180177155867
42327,0.18902927411715612
42328,0.19018703369428672
42329,0.20928538066862867
42330,0.20327720099044908
42331,0.23856737163212788
42332,0.22528944407675547
42333,0.17044338436457218
42334,0.19783481076267115
42335,0.19243579491678203
42336,0.1749099081570405
42337,0.21605541929576105
42338,0.26868825786282136
42339,0.18198373125162948
42340,0.15747200847951787
42341,0.22276699465869867
42342,0.19365278654398066
42343,0.1497618219446838
42344,0.22604284876901037
42345,0.3298777259275985
42346,0.28043675986443395
42347,0.2269899948024878
42348,0.20860813112151697
42349,0.16655265064694869
42350,0.16818054835588536
42351,0.18790192854822763
42352,0.18018653995405703
42353,0.18549457275170492
42354,0.19918005489963536
42355,0.28608935670035496
42356,0.16508228315179302
42357,0.17410278272973106
42358,0.20766658695091425
42359,0.2991490000007464
42360,0.22263079738886443
42361,0.23534595877390493
42362,0.18656669911384782
42363,0.2866166002376398
42364,0.24719925022659742
42365,0.1714615233164081
42366,0.18541923239539776
42367,0.2671466806392657
42368,0.27315661165515304
42369,0.19408112245394052
42370,0.17796886395149802
42371,0.18969429492490789
42372,0.21003916260435868
42373,0.2045682879440015
42374,0.21484581435715358
42375,0.157944318538721
42376,0.1807882600733125
42377,0.1997843417711397
42378,0.18498972999426008
42379,0.1996382788698328
42380,0.2037171945875766
42381,0.21797650816828426
42382,0.18043997878759732
42383,0.2782510665487218
42384,0.2084698298841373
42385,0.15670526294387158
42386,0.16313215304204765
42387,0.2690467861659821
42388,0.24262602769681854
42389,0.1801959767719666
42390,0.27241089903459403
42391,0.18796629903858775
42392,0.18266043329393164
42393,0.280036061968586
42394,0.20070070949309035
42395,0.243764628488053
42396,0.19501772235724782
42397,0.1696951730125732
42398,0.16558746734102428
42399,0.2554564023498817
42400,0.36017391996847287
42401,0.23650694425014612
42402,0.26853842432524627
42403,0.19844796694602354
42404,0.3526537798626105
42405,0.26181340844100637
42406,0.2253108552042374
42407,0.20886999129051645
42408,0.25009338246061236
42409,0.2085722186654541
42410,0.24870566977162553
42411,0.22743653674469844
42412,0.2994073338442226
42413,0.2779876470539591
42414,0.2021734891140935
42415,0.17772191079960606
42416,0.3110078478505796
42417,0.20662653577804857
42418,0.287080481134435
42419,0.21489420221978697
42420,0.19295959895443862
42421,0.2211158510406644
42422,0.2055442109126565
42423,0.21814661951472503
42424,0.1870130495410197
42425,0.1774580877451103
42426,0.24930526439801654
42427,0.23842163509889594
42428,0.2238150455118626
42429,0.17181199387628404
42430,0.17411457394865754
42431,0.19795730654513233
42432,0.29059724211933446
42433,0.2116414888403342
42434,0.2268344783092842
42435,0.1873687552964229
42436,0.21166019349423132
42437,0.2998214065167804
42438,0.19210665492942702
42439,0.25464228513410686
42440,0.1984935627680785
42441,0.1739097238868993
42442,0.24772001534958257
42443,0.1746358544483977
42444,0.23542873143367304
42445,0.22059450292094304
42446,0.22505400911698492
42447,0.16876484179680928
42448,0.1867045604831268
42449,0.2477238931605255
42450,0.18642169801614605
42451,0.21633416763539895
42452,0.22752473787390343
42453,0.2386701854531365
42454,0.200336804578087
42455,0.26900467393709704
42456,0.18022092069723566
42457,0.17433753683364187
42458,0.147672199852149
42459,0.19948340932204242
42460,0.2733782711407209
42461,0.2212187608952339
42462,0.18623744653814758
42463,0.2613681974126817
42464,0.29900335933116784
42465,0.30838641053483096
42466,0.23527978290175317
42467,0.19014433499169198
42468,0.3051832040895106
42469,0.24277965872043483
42470,0.2342013695944234
42471,0.21744573501489725
42472,0.21835217604528823
42473,0.25229840650513946
42474,0.16873242108731848
42475,0.19127742063210187
42476,0.18737801770533938
42477,0.19384595336730326
42478,0.31107901771038443
42479,0.2742225744148852
42480,0.16154607456472475
42481,0.2140751416388078
42482,0.16156948396956833
42483,0.284434501256624
42484,0.251049536829032
42485,0.25503740315602014
42486,0.27374464409922555
42487,0.2818447805961948
42488,0.18661730000425403
42489,0.1886777834269106
42490,0.24466001257330394
42491,0.28515960722121636
42492,0.30862362116008507
42493,0.2720829461370351
42494,0.20357359507371883
42495,0.19939016931110465
42496,0.2724496613299479
42497,0.21121769715895017
42498,0.18708073278659781
42499,0.1911551051078108
42500,0.1809799989591
42501,0.15160142837794738
42502,0.2265362687316098
42503,0.281703380700969
42504,0.1900611728256776
42505,0.17284788510597107
42506,0.273152403388739
42507,0.2090468074972044
42508,0.18485039670952183
42509,0.18873737493412596
42510,0.17056960410529967
42511,0.263616377982157
42512,0.17204065809529406
42513,0.2930636806852244
42514,0.13170598166079756
42515,0.22964947129665508
42516,0.17980744260343248
42517,0.19632707050790776
42518,0.18816637433721406
42519,0.19917349553414568
42520,0.14884044043413192
42521,0.2998244159624824
42522,0.1555049915481963
42523,0.17277088544589048
42524,0.2346312405828649
42525,0.22745433880124882
42526,0.27415774151200223
42527,0.21992985599480344
42528,0.2245422366472825
42529,0.2786520425791891
42530,0.1514942115913026
42531,0.19034561982647355
42532,0.22268990337892292
42533,0.16968720919237054
42534,0.1840694725118716
42535,0.16692167402975666
42536,0.3246851193713682
42537,0.1950489746453063
42538,0.18235862579462514
42539,0.19082913526805612
42540,0.27758496731982446
42541,0.17696205637046375
42542,0.19447302527906019
42543,0.17709450935063445
42544,0.24558671984944766
42545,0.2929864586996449
42546,0.3018677341452598
42547,0.29811765500569015
42548,0.21478266173292748
42549,0.18663723601163912
42550,0.2040036817311707
42551,0.19034862935789898
42552,0.26360848105993206
42553,0.2635533746709962
42554,0.1567236796947851
42555,0.2156861360766761
42556,0.18257818504606732
42557,0.15911930456755705
42558,0.14292906509115855
42559,0.19775935691163413
42560,0.2642818902394821
42561,0.24277588697009578
42562,0.2311167829217609
42563,0.16173231490277093
42564,0.2536752415538165
42565,0.19302245497256895
42566,0.1589657873943441
42567,0.20125153616186114
42568,0.19774089104138276
42569,0.1686937781844118
42570,0.28538597818995476
42571,0.18631820680061395
42572,0.2189759238676209
42573,0.18928003700244678
42574,0.34560459628143503
42575,0.25586751139414643
42576,0.2582280429935962
42577,0.28037712126987413
42578,0.18911325417525565
42579,0.1823916971114999
42580,0.17711485892286752
42581,0.2786978949927512
42582,0.1600315008879463
42583,0.161509281489477
42584,0.23007615405724194
42585,0.22342448024763395
42586,0.23755641559663318
42587,0.24492746663327428
42588,0.17606968213422533
42589,0.1993557688142265
42590,0.20489911194322144
42591,0.1883939665638756
42592,0.26587885988694515
42593,0.2624864573690572
42594,0.3037932406186567
42595,0.29887103006918425
42596,0.24497060888480982
42597,0.21634063998228456
42598,0.17169827541518287
42599,0.2781973520991923
42600,0.14493974994066078
42601,0.2513843159970007
42602,0.18014354590235157
42603,0.1555325899583115
42604,0.16916149781203327
42605,0.22693524918953795
42606,0.3086573541319968
42607,0.24508845331442028
42608,0.29803885806691854
42609,0.24302322924322245
42610,0.20512188731802636
42611,0.1916111198931199
42612,0.21750658462112007
42613,0.1763771056231159
42614,0.2492236732166153
42615,0.24835369970778667
42616,0.22015284879947855
42617,0.2274072558594957
42618,0.1561457682659527
42619,0.20818493442481717
42620,0.2441392450404554
42621,0.2981293155567551
42622,0.24818456175305328
42623,0.19900373525335943
42624,0.22994000654593205
42625,0.18585788005482493
42626,0.19117366712363734
42627,0.2212156279855619
42628,0.18787082293765944
42629,0.2714240103458466
42630,0.1800230618447574
42631,0.19538837033346038
42632,0.2329587037878564
42633,0.1823377895028606
42634,0.2601375664918051
42635,0.18610565717898986
42636,0.18393013944301248
42637,0.18817630500229526
42638,0.17960914076030135
42639,0.16556364029568052
42640,0.18559764145053645
42641,0.21994130455909355
42642,0.19787146377434003
42643,0.20586838847918598
42644,0.1534195319167853
42645,0.17844256046461132
42646,0.1483345172414162
42647,0.16203866725396487
42648,0.18677393849434495
42649,0.22236154795246393
42650,0.18823328134442982
42651,0.2736944822638556
42652,0.2940043100089537
42653,0.17289958456851257
42654,0.16995917990575266
42655,0.32131480433762155
42656,0.19088359816127604
42657,0.17603622718870754
42658,0.180522849909349
42659,0.2190161674955593
42660,0.20283716198640533
42661,0.32529552316759014
42662,0.19026924024187536
42663,0.3307202026109665
42664,0.15425076553511136
42665,0.1968972904406242
42666,0.1911350738456875
42667,0.1559655881835957
42668,0.31172138546836564
42669,0.1780538066471525
42670,0.2627327613156016
42671,0.20165103550497196
42672,0.25617037013426425
42673,0.1610350658942089
42674,0.29151386525148937
42675,0.2620572621793563
42676,0.20808395976569521
42677,0.31393126287104633
42678,0.2098596184171091
42679,0.19403952066034946
42680,0.19153728119155045
42681,0.17817012098579277
42682,0.19074492928173503
42683,0.18710037816939976
42684,0.26450732388714987
42685,0.23247475046128968
42686,0.24431892902108943
42687,0.2708169771555917
42688,0.25430262871678955
42689,0.17412183864386965
42690,0.206316950039766
42691,0.2942511565367203
42692,0.23528322897099618
42693,0.19899614958062717
42694,0.23783870332859336
42695,0.27352667899467953
42696,0.17488627526877468
42697,0.1656497280606545
42698,0.27295984131531364
42699,0.20517853951058984
42700,0.25674021167743233
42701,0.19606547646100037
42702,0.19332111576735808
42703,0.29406643224073
42704,0.17689546161994563
42705,0.20169371439899064
42706,0.2684277975181995
42707,0.16600120227691964
42708,0.2218641267959848
42709,0.20228588154280647
42710,0.2682422827876902
42711,0.307023416098721
42712,0.18903199742822907
42713,0.2492676774613653
42714,0.18950114780635652
42715,0.22190497133191694
42716,0.19081352992302647
42717,0.15795673603276442
42718,0.1797159109780051
42719,0.21138165847931148
42720,0.194549843732267
42721,0.2926808665237422
42722,0.1780075390684823
42723,0.2063886151431657
42724,0.17782558987222072
42725,0.30209534315575537
42726,0.26173917641044814
42727,0.17070750897578016
42728,0.2309838052727307
42729,0.16734293372053063
42730,0.26930236046305017
42731,0.2868795837727361
42732,0.22145929840102652
42733,0.18504377176559253
42734,0.34125328198215066
42735,0.17332792996615884
42736,0.33614936931757233
42737,0.20448827354213933
42738,0.3008207239415101
42739,0.22980740890098783
42740,0.17968588842099528
42741,0.24911995116893404
42742,0.24764753788958443
42743,0.18952377622310987
42744,0.19723860652691466
42745,0.25474933962366564
42746,0.3053557256523645
42747,0.20658044551594057
42748,0.17806184590004437
42749,0.20088589766977802
42750,0.15413789115716992
42751,0.15763874169412811
42752,0.24080640010986898
42753,0.2377904792161451
42754,0.2271859539165501
42755,0.26624487329184243
42756,0.17344052025026857
42757,0.2521070539003937
42758,0.2282997869685077
42759,0.18440541383044734
42760,0.23743326932717973
42761,0.25047404776138565
42762,0.17849488935498073
42763,0.1896474886263303
42764,0.2927984679560705
42765,0.22183577104789098
42766,0.18121142837847057
42767,0.23484234226419473
42768,0.24509300070261042
42769,0.2885890721423376
42770,0.18472067780432697
42771,0.19355959913368223
42772,0.26389575329977144
42773,0.22770045039476083
42774,0.2451536589938682
42775,0.2441225143575682
42776,0.2285489217899454
42777,0.22317015436709525
42778,0.15887793873526768
42779,0.22559643186575534
42780,0.21109058711122902
42781,0.18870369384271368
42782,0.16881994680582188
42783,0.2148956075077085
42784,0.22173340869026156
42785,0.2771638447003747
42786,0.17325420730753482
42787,0.22229481682986107
42788,0.23331650046493255
42789,0.1548923631025515
42790,0.2545161555772934
42791,0.19433189023220418
42792,0.3235122010786513
42793,0.27347979401098466
42794,0.18373233394069607
42795,0.23332087366485438
42796,0.20828849304700442
42797,0.2036518202945602
42798,0.19416737174929655
42799,0.17732606372967952
42800,0.2697585073455851
42801,0.18451819513493503
42802,0.19387863295318572
42803,0.21403546466791165
42804,0.21312783585474937
42805,0.26853297781663504
42806,0.173082773262352
42807,0.28801545269447565
42808,0.24762917996060949
42809,0.17870836019090786
42810,0.19311265826077373
42811,0.1760395393586832
42812,0.1840132409592838
42813,0.20443518944747385
42814,0.19178013220268433
42815,0.1670803390098986
42816,0.22926516415514325
42817,0.14804917103714046
42818,0.1937832921005301
42819,0.1791624869643803
42820,0.2951445003351555
42821,0.3412826853969799
42822,0.29018951637432105
42823,0.294873309680211
42824,0.22189977548918216
42825,0.2591520075555603
42826,0.22564791393905118
42827,0.1688098531525078
42828,0.16847491695907915
42829,0.1793964248663692
42830,0.1545790194205165
42831,0.17716954811378735
42832,0.17379774413762183
42833,0.2851244924915326
42834,0.19960816525049416
42835,0.16771255754399367
42836,0.226499038173764
42837,0.18291785044796424
42838,0.16613962370697513
42839,0.23072430782232303
42840,0.27581912081615323
42841,0.1678247761225022
42842,0.20902606008778718
42843,0.19878781939622164
42844,0.18777318427322454
42845,0.21991475100397867
42846,0.21291248206651697
42847,0.1949884488432106
42848,0.21495877592796525
42849,0.16965717972475122
42850,0.3372441142627299
42851,0.18085769082631123
42852,0.23547832461581222
42853,0.13362806417613493
42854,0.20329798542649577
42855,0.23405997386405417
42856,0.24690841740414826
42857,0.23217344050197766
42858,0.2158043805343934
42859,0.17614031129761495
42860,0.22191044030949744
42861,0.28168987487520913
42862,0.16056091866013086
42863,0.27302104936119476
42864,0.30901537043986305
42865,0.19199408037863303
42866,0.21072065818019184
42867,0.27943699524906146
42868,0.23914270570826318
42869,0.25198527162523526
42870,0.17380943814375585
42871,0.20100330890426232
42872,0.36167908346230815
42873,0.15386688698812
42874,0.2486828496965562
42875,0.17668551013694914
42876,0.2499240386292725
42877,0.1719098522859029
42878,0.15869932201672463
42879,0.2696364048213555
42880,0.2355183791551728
42881,0.19025076890621023
42882,0.1748922214129052
42883,0.19085270086899223
42884,0.1469884754042005
42885,0.22927589020863004
42886,0.23622263660249124
42887,0.24422356989903368
42888,0.1782407760647039
42889,0.18858237176749287
42890,0.2038154021494423
42891,0.20038918270239542
42892,0.14941255558285824
42893,0.2254390712614266
42894,0.17566915014940127
42895,0.19361362748112002
42896,0.18762590273386423
42897,0.15478315648695684
42898,0.24714490449797372
42899,0.17774972705087339
42900,0.2717516991450523
42901,0.16879045105587534
42902,0.19560508865915158
42903,0.16050027909513598
42904,0.18148788385767672
42905,0.2661337818882087
42906,0.30458280961233014
42907,0.21580749470515567
42908,0.29214849750002175
42909,0.2736528131687924
42910,0.2988039934221352
42911,0.26934373487272173
42912,0.19397678550905703
42913,0.2344715726348575
42914,0.18883590016640497
42915,0.2079339401149171
42916,0.20517832340025438
42917,0.1685272260235093
42918,0.1678948278154709
42919,0.34084561249647166
42920,0.19370333008141327
42921,0.21707785708940075
42922,0.20914693720324584
42923,0.2482807740013635
42924,0.21783734185985293
42925,0.1466193566058568
42926,0.22278570695469035
42927,0.23167930990523022
42928,0.20031920150704363
42929,0.2385004050290739
42930,0.2137668790759247
42931,0.2371339433542325
42932,0.21432108749457754
42933,0.19154532124037035
42934,0.22879299694833904
42935,0.17468626387113353
42936,0.18210907963907225
42937,0.3181152317699525
42938,0.21656548388524896
42939,0.1824398430087596
42940,0.2031181293002134
42941,0.19155943067568612
42942,0.19490079764344873
42943,0.200233175075881
42944,0.15750014406604984
42945,0.15246481283713237
42946,0.1791302536082113
42947,0.28558296547669604
42948,0.3009779340999091
42949,0.3444810845018151
42950,0.23042656234969228
42951,0.24270344112822378
42952,0.15690638841061763
42953,0.22455900612642302
42954,0.2295651402161415
42955,0.20520971095040394
42956,0.204554306693082
42957,0.19518013142754667
42958,0.31819950711898254
42959,0.1941897025501826
42960,0.2481367005632654
42961,0.17259452591956218
42962,0.2461356288290891
42963,0.1876521025674642
42964,0.26152671191210275
42965,0.21062730675194682
42966,0.1783657489361083
42967,0.1647715672594396
42968,0.17296408128409996
42969,0.24159329558677872
42970,0.18948587266916347
42971,0.16181559086403477
42972,0.2616305069617446
42973,0.26808631289611035
42974,0.192099819806788
42975,0.18726086309536671
42976,0.2480474025680751
42977,0.28211595841248344
42978,0.29307722501092526
42979,0.17739515036990527
42980,0.2974231775701069
42981,0.29624193580056996
42982,0.24648797071832554
42983,0.2766465692030795
42984,0.2203248518710654
42985,0.28202550865497555
42986,0.18348486544114004
42987,0.16109070626091582
42988,0.24615328072211173
42989,0.18687113652076198
42990,0.17200187752980953
42991,0.22220275083803245
42992,0.23706195412016806
42993,0.18792067233277468
42994,0.17968809833159421
42995,0.28820595810263056
42996,0.1406455222897791
42997,0.27036897190806203
42998,0.173006697801806
42999,0.1866128402362634
43000,0.24925476607518346
43001,0.16904796826425145
43002,0.2602299767990478
43003,0.34192752602114196
43004,0.169078161532833
43005,0.18800540250934283
43006,0.17562776851985956
43007,0.2702254391516918
43008,0.2440392558173577
43009,0.26891117742850984
43010,0.2739246607334013
43011,0.2502601672337758
43012,0.2602834408258208
43013,0.16454640854873126
43014,0.19377584077684545
43015,0.1577375380917496
43016,0.2748239002900548
43017,0.3818544196282032
43018,0.17748877871637775
43019,0.15700952267759927
43020,0.23917272292432262
43021,0.23178774938605085
43022,0.19794703765188035
43023,0.25621304876095535
43024,0.17012909609698645
43025,0.3208187011420954
43026,0.30378249681533653
43027,0.18878757249244044
43028,0.1813463208715314
43029,0.28481819199392894
43030,0.20596298391329793
43031,0.2790969128934778
43032,0.24788350880440613
43033,0.3073710297536917
43034,0.2273011783536798
43035,0.1724069695152908
43036,0.2019923342752055
43037,0.15519598630085818
43038,0.2559462940067917
43039,0.16843146074629645
43040,0.2173840798630719
43041,0.18472025734425887
43042,0.18392739781908418
43043,0.215933097570663
43044,0.19281170058234298
43045,0.2615012001032464
43046,0.18945542246077537
43047,0.2046156486923121
43048,0.2276358712110054
43049,0.2620014938286175
43050,0.30585963471130806
43051,0.19006744573472759
43052,0.2235989834848342
43053,0.21102858653899736
43054,0.2019637683644416
43055,0.17086120633036697
43056,0.25351364416383676
43057,0.16765938053759943
43058,0.19233408657624484
43059,0.2751306271732621
43060,0.16644100446056473
43061,0.16677730345024033
43062,0.2622313702286869
43063,0.2798235034556973
43064,0.1974533243027927
43065,0.23530661194608818
43066,0.1974546956626085
43067,0.17211944893956133
43068,0.31601488006623346
43069,0.1808968004996546
43070,0.24962599051174006
43071,0.23251839675742747
43072,0.23826227153032423
43073,0.28146942131294816
43074,0.25080404717072863
43075,0.2949951188486285
43076,0.2715428864546689
43077,0.18321765619792107
43078,0.2030245380754559
43079,0.2681880680492932
43080,0.16513292320384662
43081,0.3049018724552205
43082,0.16305349032663927
43083,0.20458355950361654
43084,0.23940224056943343
43085,0.1974690922508918
43086,0.18123018946296557
43087,0.31328461831731924
43088,0.21223315880160207
43089,0.26737560790712184
43090,0.15380460825130482
43091,0.2035475669738033
43092,0.17191881303421364
43093,0.17729360559340182
43094,0.21783444829704482
43095,0.22197295737597855
43096,0.2933349851847822
43097,0.32307443290372156
43098,0.2612089423407506
43099,0.2325388648681266
43100,0.3054538921362274
43101,0.232924240016557
43102,0.26734217198482224
43103,0.2080826078573992
43104,0.23405618081975227
43105,0.1758062998928757
43106,0.1962977596666899
43107,0.2555289986476604
43108,0.26658702660855205
43109,0.1858987824522112
43110,0.20882708594910682
43111,0.2471119710670041
43112,0.20084467164275568
43113,0.2124111660598452
43114,0.1917284576636938
43115,0.2299737905095352
43116,0.21469232274257918
43117,0.1708913733200083
43118,0.21397922637178957
43119,0.2695476207555013
43120,0.20885612980185114
43121,0.17348941906653553
43122,0.27678025338895557
43123,0.23535121147353583
43124,0.19806310010655487
43125,0.20902010670972504
43126,0.2505590552819807
43127,0.18702125883825005
43128,0.22623839061345385
43129,0.2018138643019576
43130,0.28448465505050824
43131,0.29711037789269734
43132,0.2632459470794151
43133,0.194229848545317
43134,0.24409676810179273
43135,0.23871257235854643
43136,0.2521117457630602
43137,0.3145983180280345
43138,0.3219323747219912
43139,0.2043782410395872
43140,0.16390172566938374
43141,0.19971355558387816
43142,0.19230028337513486
43143,0.1897342056219028
43144,0.15779454620028763
43145,0.2849491247808975
43146,0.19308889607224555
43147,0.20558908761977912
43148,0.18480233322301157
43149,0.205624212016766
43150,0.19092385791799452
43151,0.2667390900988586
43152,0.22970630097498274
43153,0.19917022631848458
43154,0.2537376954055714
43155,0.277291262887777
43156,0.3026024123372729
43157,0.22415731684042067
43158,0.16232601005890251
43159,0.15752542745899403
43160,0.20826347521291727
43161,0.21885756423306396
43162,0.16673923426045043
43163,0.24634587800500493
43164,0.2324532690988843
43165,0.23601668429037798
43166,0.16729842083187157
43167,0.2410675081450769
43168,0.22649809461941564
43169,0.1507492323312092
43170,0.167977525326598
43171,0.2751575702687732
43172,0.19321390040491557
43173,0.18651286266749134
43174,0.18046527228625764
43175,0.22760215607836837
43176,0.23095694640451042
43177,0.24976819224915153
43178,0.20178922515912315
43179,0.20713415818595415
43180,0.1876654791745137
43181,0.24533653968752078
43182,0.19734916159678068
43183,0.24023336681267993
43184,0.21172512643538247
43185,0.1766229375236015
43186,0.19300887133165176
43187,0.1796822007987774
43188,0.20277524655485496
43189,0.2975532316312009
43190,0.19718648145831152
43191,0.20778966387125128
43192,0.25660424599750786
43193,0.23500398523056532
43194,0.2874325911835577
43195,0.1862572265722665
43196,0.22500047527173284
43197,0.15100996855327942
43198,0.28746518303222623
43199,0.2975708119086725
43200,0.21977686645526456
43201,0.172211785203206
43202,0.22965538482820225
43203,0.26324032249434665
43204,0.2047140765263395
43205,0.18219263993153956
43206,0.18160501760232
43207,0.25974469028885827
43208,0.1564499953772451
43209,0.2739331478653939
43210,0.19080521337822418
43211,0.30153749165260624
43212,0.17459646327650927
43213,0.17845002731129062
43214,0.2781804084951976
43215,0.24231800454353455
43216,0.2438764169795646
43217,0.22476240423932256
43218,0.27317706313771967
43219,0.23468947808260637
43220,0.18133957690507368
43221,0.1660365115576349
43222,0.24527175236297427
43223,0.22044304270905243
43224,0.2501675877754239
43225,0.32488928041374643
43226,0.2894243343322755
43227,0.1936870011861541
43228,0.22283371740778313
43229,0.18245465628002294
43230,0.16320415654275322
43231,0.3051562771502658
43232,0.23585237007604704
43233,0.2575513859440886
43234,0.2727779927779622
43235,0.26353141181988105
43236,0.1954336960297469
43237,0.28734232865109416
43238,0.14686629101124238
43239,0.18173928054709024
43240,0.19002125876846743
43241,0.17698404707800341
43242,0.2503503963794499
43243,0.15137113508107922
43244,0.15421113234174766
43245,0.1885727125654706
43246,0.2665734553944763
43247,0.17551674399402228
43248,0.28865423417451647
43249,0.2815734021242693
43250,0.2344288338729639
43251,0.17627788836010796
43252,0.3110341772027797
43253,0.2891219474740279
43254,0.26393014654869407
43255,0.2070846223906283
43256,0.16395439218049293
43257,0.19256260856553237
43258,0.19056378650611847
43259,0.19389317225130237
43260,0.20729170288921892
43261,0.1701763590999467
43262,0.21849606939644178
43263,0.19547323785182222
43264,0.2502878250162172
43265,0.19792419712504342
43266,0.2270036555378012
43267,0.1936503405540754
43268,0.3023380124408175
43269,0.2719666919830534
43270,0.19525365385112106
43271,0.20700770925966616
43272,0.18652251517805343
43273,0.13816777546140963
43274,0.17973744106561404
43275,0.14647367672308054
43276,0.25705951073250705
43277,0.19558997109914508
43278,0.19973392226013392
43279,0.24402193665507838
43280,0.25736454153570476
43281,0.2070829282409919
43282,0.2339679872009623
43283,0.21557720349529028
43284,0.1678757049874208
43285,0.32310062327484657
43286,0.2772196620893636
43287,0.15890724870436165
43288,0.18614521708389076
43289,0.16052704047848054
43290,0.22156880059989767
43291,0.2226016565737697
43292,0.2822223392341759
43293,0.24336332667328492
43294,0.2932372672396939
43295,0.2338669555277523
43296,0.19277462498132827
43297,0.2650932694472139
43298,0.18646750017037506
43299,0.17698755627415114
43300,0.30255649296393194
43301,0.23375078432734708
43302,0.15599474913575748
43303,0.2312539096494633
43304,0.1930890654117239
43305,0.2583985228743616
43306,0.18622059418585762
43307,0.21693383862267138
43308,0.20617245209383928
43309,0.2693561752442375
43310,0.20716749288136743
43311,0.2059187217510609
43312,0.1807424649010211
43313,0.20439994664609892
43314,0.2821399580121262
43315,0.2387576862549733
43316,0.15946312922294367
43317,0.1800976215072162
43318,0.22860258778142725
43319,0.22376378377047826
43320,0.17557993684115275
43321,0.23319806162151172
43322,0.23655515724519247
43323,0.34450471690162465
43324,0.14662355774093544
43325,0.151423785518156
43326,0.23795117612663444
43327,0.17110715666616413
43328,0.17639425318391966
43329,0.24551103878426545
43330,0.24167849773384298
43331,0.16623405855817486
43332,0.23388657575572352
43333,0.1955471482899972
43334,0.21569121063631436
43335,0.16574769691044103
43336,0.23907815111076766
43337,0.2712925770293283
43338,0.25794515465625695
43339,0.2927726620204277
43340,0.27009886353890955
43341,0.20721368953897357
43342,0.293024939934252
43343,0.30063135771660154
43344,0.17965273649393193
43345,0.25007008514674983
43346,0.23162339595427311
43347,0.3025648705707009
43348,0.19433800793561
43349,0.2663470359898309
43350,0.22272283346219277
43351,0.2321502588191305
43352,0.3216383700284705
43353,0.163578899256521
43354,0.26015533615730213
43355,0.27982846852586474
43356,0.20323838250137993
43357,0.3007678262485971
43358,0.23130279488049654
43359,0.17651005357039168
43360,0.17210462780319374
43361,0.2599359003961795
43362,0.15612619155940313
43363,0.18473133752597934
43364,0.1612327195643356
43365,0.1825652923315991
43366,0.20511768007494402
43367,0.19191069659686838
43368,0.2984865227104318
43369,0.17996869479269167
43370,0.201300318131961
43371,0.17718084058323325
43372,0.19227599941195314
43373,0.16226658348515408
43374,0.18286724795024653
43375,0.15467497412312192
43376,0.2554777225795297
43377,0.19651122201987906
43378,0.3230282456870555
43379,0.27758158126295596
43380,0.2081914971915246
43381,0.20600491714227193
43382,0.2083632436131932
43383,0.1645979188324758
43384,0.29780462386249884
43385,0.23892630346774676
43386,0.20207159744620445
43387,0.2658410749782973
43388,0.26710978231366644
43389,0.14813543259237547
43390,0.2551309110211944
43391,0.22600808439919912
43392,0.17467772868385317
43393,0.17581089862060936
43394,0.18005509759956048
43395,0.1937779104087325
43396,0.27814890189046676
43397,0.3215093636914573
43398,0.19075852541797322
43399,0.16895497723654196
43400,0.20006873650445742
43401,0.19360540015494973
43402,0.1604323785354365
43403,0.24865232564821418
43404,0.19859921924684928
43405,0.2740802384292304
43406,0.32529914709735214
43407,0.2243133129849591
43408,0.2819120795434239
43409,0.2009948073959644
43410,0.18693619726454588
43411,0.25214331620218844
43412,0.14946250690636903
43413,0.17497661598023295
43414,0.16944659836031378
43415,0.1865509878577676
43416,0.25564668383074823
43417,0.15175855010575684
43418,0.16253513197037336
43419,0.1995919123331577
43420,0.2650354238134046
43421,0.25561925464577784
43422,0.1743728713819296
43423,0.19530333715571174
43424,0.13769464873538692
43425,0.23950621816868356
43426,0.1631149554276298
43427,0.19231057895951476
43428,0.1890709753761546
43429,0.19112055955526652
43430,0.14924422810122767
43431,0.23204883853968616
43432,0.2569811334008358
43433,0.17275853002953426
43434,0.27768431222761136
43435,0.3278475822468801
43436,0.23489688783151258
43437,0.32633547980321564
43438,0.23410455503344021
43439,0.1723160778954351
43440,0.1750412876858228
43441,0.16989158094471954
43442,0.25207990532749425
43443,0.20108954459715173
43444,0.1982939972834422
43445,0.20262973692990965
43446,0.1869098567822437
43447,0.22093090918474087
43448,0.1664389847872661
43449,0.1833532831140371
43450,0.30805579530974364
43451,0.17964060695051995
43452,0.23072082728497445
43453,0.17643370869506436
43454,0.21202187736885908
43455,0.2122826121640078
43456,0.21751769231605128
43457,0.19124264760028775
43458,0.20881167304196965
43459,0.22432849370405525
43460,0.179835178011338
43461,0.17208363393861725
43462,0.24144000035547727
43463,0.258586317733336
43464,0.27370510898978395
43465,0.17670579504272912
43466,0.17179180466233424
43467,0.28128767469131366
43468,0.1826085065145454
43469,0.1728452725139833
43470,0.25893761289574896
43471,0.3175415531636224
43472,0.23221927977734938
43473,0.1770374113538915
43474,0.24905877158686582
43475,0.31183673598754197
43476,0.1969215130166686
43477,0.17780634499152295
43478,0.2663399966396751
43479,0.2873364761534311
43480,0.15700610156678543
43481,0.2501176437594075
43482,0.22529091901469356
43483,0.2705470634749653
43484,0.1631757983056943
43485,0.23028122019702188
43486,0.16697022960046265
43487,0.27178638280700534
43488,0.1984799916924489
43489,0.19083358255675031
43490,0.16894431896686463
43491,0.2018698136695956
43492,0.23197827793690037
43493,0.13359938717438122
43494,0.19737385049892137
43495,0.20911647359874766
43496,0.26553733061191986
43497,0.31317336572233745
43498,0.3083726860626453
43499,0.15531747896925535
43500,0.1873298963775818
43501,0.277374241343861
43502,0.254482426888009
43503,0.24694677822210342
43504,0.20612440488686687
43505,0.23592613793781667
43506,0.1689212199363199
43507,0.2715047120502879
43508,0.16549941673002924
43509,0.23954453792362443
43510,0.22757581107603003
43511,0.1777776407965369
43512,0.15544110946460626
43513,0.24723711629197961
43514,0.2751997004103524
43515,0.18632767294153033
43516,0.2405226305084497
43517,0.32578321919903763
43518,0.2966314870654956
43519,0.3226231180157718
43520,0.17160577248016262
43521,0.23693505437126638
43522,0.2521767178025456
43523,0.27267864713591683
43524,0.2944913151798195
43525,0.1924849551981563
43526,0.17914701786716422
43527,0.26618044744800523
43528,0.23687566775939106
43529,0.2761882178576224
43530,0.24094395003955452
43531,0.21082176445150005
43532,0.26284122753100964
43533,0.2796586228870743
43534,0.18491076855776953
43535,0.19063620431914974
43536,0.19443207458709086
43537,0.28224535173523524
43538,0.22108614248760566
43539,0.28139475808134634
43540,0.2440003261052392
43541,0.18021106993107597
43542,0.23018011808951566
43543,0.21562550087560084
43544,0.29339268143904323
43545,0.21165924460191962
43546,0.27659937999311085
43547,0.18358366804983245
43548,0.17598956512661096
43549,0.31750506747876284
43550,0.18391870154124595
43551,0.17346657915223956
43552,0.2195409255670611
43553,0.22730744659906377
43554,0.2592779136793134
43555,0.18189478786579283
43556,0.27564896833406444
43557,0.2532332235254581
43558,0.1959261538587083
43559,0.1997177037877455
43560,0.34080890576548634
43561,0.1996375215757874
43562,0.30197155346010396
43563,0.24125895099845518
43564,0.21555343238433605
43565,0.17796430070606395
43566,0.28178886331847797
43567,0.1974857519878657
43568,0.1967179842074042
43569,0.1402005235641385
43570,0.2461755849450451
43571,0.1895894914035808
43572,0.20163088148746475
43573,0.28731632210585073
43574,0.19272045680580138
43575,0.23760996104764
43576,0.2437545634606383
43577,0.16615981810760524
43578,0.17990374477721713
43579,0.2389454766386917
43580,0.17983463896117635
43581,0.28325711969856204
43582,0.1790464167773084
43583,0.26303234682073984
43584,0.2549933704058996
43585,0.17484790559881744
43586,0.2904309345242207
43587,0.14847271316321842
43588,0.3356245729297898
43589,0.18327167973585262
43590,0.25083042888427154
43591,0.2639712923857153
43592,0.1842617793289358
43593,0.19590507534738433
43594,0.20373968511046908
43595,0.2818968996686905
43596,0.1954950317656963
43597,0.1953181585267062
43598,0.29757625834501344
43599,0.2369674072763514
43600,0.2747571557123585
43601,0.2824716010495677
43602,0.20529262948941593
43603,0.23484777079769784
43604,0.14412967370843263
43605,0.22807444718288042
43606,0.2409341181788206
43607,0.18535363824266493
43608,0.30930396069702343
43609,0.2769232036872054
43610,0.20430432122575615
43611,0.22598818607271032
43612,0.2155919603946512
43613,0.23855887884852747
43614,0.19107444542943766
43615,0.2698559296115779
43616,0.16251451293187483
43617,0.18257920201489405
43618,0.22287244921522334
43619,0.28066209636207007
43620,0.22405842503745457
43621,0.16791406419277352
43622,0.1681950043817821
43623,0.15294653618954748
43624,0.16369811110844915
43625,0.1825238929609523
43626,0.32741473052202563
43627,0.2965672788494642
43628,0.1650400851672884
43629,0.15368766312926596
43630,0.2779272309124687
43631,0.2800983035009997
43632,0.14447742028124239
43633,0.19710240123334064
43634,0.25605166277377817
43635,0.17791402562238287
43636,0.15296375797434117
43637,0.23380311932721112
43638,0.3044928142756571
43639,0.20077571678148926
43640,0.21021935336259717
43641,0.26518864321362406
43642,0.23302352667351164
43643,0.1596143639966411
43644,0.2312222504414216
43645,0.15613562624088717
43646,0.20382136200967924
43647,0.22208248437878478
43648,0.26441730629792937
43649,0.17861780212368006
43650,0.243588720223689
43651,0.206110689335505
43652,0.23712991495908844
43653,0.1958422140300879
43654,0.2365749191853411
43655,0.21723562581344935
43656,0.17362483035649973
43657,0.26360139825653633
43658,0.17539092520808366
43659,0.21894320670875841
43660,0.24176885278943164
43661,0.17490616827682973
43662,0.1528940068016871
43663,0.17955442791968731
43664,0.27390178356047507
43665,0.3197907501896738
43666,0.25090805552923284
43667,0.17274295107674714
43668,0.2527126377879568
43669,0.19533906303666168
43670,0.2394702843408515
43671,0.23478247719192682
43672,0.18453007365230115
43673,0.17486023869187342
43674,0.27211370551411457
43675,0.17788530895963434
43676,0.25772347635917536
43677,0.28117176058019394
43678,0.2050309947725666
43679,0.23613311135970338
43680,0.18862104624175724
43681,0.2382533243405958
43682,0.19902780591882
43683,0.19460951944537638
43684,0.19398312484292368
43685,0.17611019871824213
43686,0.2452042272800224
43687,0.32530431891050027
43688,0.2888712980729741
43689,0.18400976187451765
43690,0.21871288914540923
43691,0.18642806497890096
43692,0.22902581297530467
43693,0.2738904808339751
43694,0.21046093946260222
43695,0.25004592751128807
43696,0.2357764713989578
43697,0.20921075162986066
43698,0.20164662598803548
43699,0.19169364922886248
43700,0.1730760005593865
43701,0.30333021904270113
43702,0.1809152696093441
43703,0.23729876844765888
43704,0.24443075495361932
43705,0.18170425002396384
43706,0.2754975500154018
43707,0.3055100438947239
43708,0.2995752189805371
43709,0.16591710975078175
43710,0.31106737526225037
43711,0.16527384422676952
43712,0.16694856906974403
43713,0.18356122058784222
43714,0.25855010230528924
43715,0.17252170796893596
43716,0.26645393511639576
43717,0.3067992563934992
43718,0.26207636700755355
43719,0.2119400244699652
43720,0.2506736769656626
43721,0.2407373335493352
43722,0.3093946920721001
43723,0.23506845575685978
43724,0.19207226165677302
43725,0.2156328049391711
43726,0.267658413667659
43727,0.24620605273419552
43728,0.25004319718723783
43729,0.23341807159199132
43730,0.2469048085122109
43731,0.18974618432384527
43732,0.18181720407731178
43733,0.19668747408703113
43734,0.13927507016833288
43735,0.18564230664142278
43736,0.25932095124493015
43737,0.20663887273251355
43738,0.27037549501615094
43739,0.1689307213971453
43740,0.18825688387088024
43741,0.15419602450005498
43742,0.26196764211197043
43743,0.23476209414547797
43744,0.18105453563782448
43745,0.18264300749803308
43746,0.27514772713066726
43747,0.2761488012572478
43748,0.2256966100157727
43749,0.19349225915788526
43750,0.260123095284724
43751,0.18445547444832133
43752,0.2586185420271182
43753,0.15636546888854355
43754,0.2561346060504732
43755,0.1457693153321696
43756,0.19807013993480804
43757,0.17053922373294905
43758,0.22105520697512052
43759,0.18783349873905608
43760,0.1988059951136268
43761,0.18107098827185872
43762,0.1725470331992552
43763,0.25298065826683325
43764,0.2409006789046063
43765,0.3411694560378361
43766,0.33193749166069075
43767,0.2165090198553491
43768,0.2960249924400868
43769,0.2672779328171261
43770,0.28702362581286256
43771,0.21743888439204379
43772,0.16883736434364477
43773,0.21279350749448459
43774,0.20814364835675725
43775,0.1701772354434588
43776,0.18897364957747187
43777,0.19867138565650871
43778,0.27422889075636614
43779,0.1861195860766461
43780,0.17439329413271956
43781,0.3073328271424946
43782,0.1669786397996586
43783,0.2691833798028019
43784,0.19423160032692355
43785,0.21835858901713676
43786,0.2221800244983317
43787,0.2267179100619172
43788,0.2693347244592194
43789,0.20167019331593733
43790,0.1888254785268766
43791,0.24920396863691097
43792,0.16083458169989256
43793,0.23787656579566296
43794,0.17706898081624217
43795,0.22310764341562309
43796,0.20929840659723375
43797,0.23072281911402495
43798,0.21153174607097544
43799,0.23309159551551253
43800,0.16854350017179417
43801,0.30771304822600376
43802,0.15938287206216295
43803,0.26454447838905143
43804,0.23244514645267148
43805,0.24595824047546258
43806,0.20621078896815737
43807,0.2011198711972331
43808,0.3119214767018394
43809,0.1630834216349024
43810,0.17921397236055486
43811,0.25069306746296105
43812,0.15541026806550787
43813,0.18421446036674877
43814,0.22420394511031702
43815,0.16503127188257927
43816,0.30280435493965197
43817,0.19706861251230057
43818,0.2031730517269014
43819,0.17862990831126305
43820,0.21268323721698223
43821,0.19504647107284
43822,0.19969024282407655
43823,0.19481880075134947
43824,0.16582577415527244
43825,0.18414917681559687
43826,0.3006591610130257
43827,0.2474185951241697
43828,0.18131379343678047
43829,0.19823543545780012
43830,0.25319458816863105
43831,0.23896374383497013
43832,0.20641938173966923
43833,0.19506877209349274
43834,0.18108923050719464
43835,0.20169837794699116
43836,0.28331333998711833
43837,0.2391306304515112
43838,0.26756318961494474
43839,0.20209459903451166
43840,0.2850594461224882
43841,0.26361038874012266
43842,0.1737453136388888
43843,0.2617452726128809
43844,0.2782390696043641
43845,0.23435296836253172
43846,0.163509846760909
43847,0.16190021505193347
43848,0.19862770606673474
43849,0.283327286863674
43850,0.16844542231461687
43851,0.1822466986563275
43852,0.1662454637766524
43853,0.19408788921046682
43854,0.17508670338824145
43855,0.2898527925711278
43856,0.3082556029630555
43857,0.1833743837640864
43858,0.16118366637897327
43859,0.19495549670384155
43860,0.19842934783435928
43861,0.20151898041616143
43862,0.23590021756123533
43863,0.1785388107277951
43864,0.1963436500387528
43865,0.1790164336355209
43866,0.2920035049704483
43867,0.2363074284294077
43868,0.1459371987516884
43869,0.3526380772244693
43870,0.20229790036265677
43871,0.1788012283455966
43872,0.2036596068789012
43873,0.20193786125347604
43874,0.1782821330424168
43875,0.16361322722781801
43876,0.26427234293498747
43877,0.18645183394155423
43878,0.265935404212577
43879,0.25780517772929373
43880,0.21906838472953524
43881,0.290566495051295
43882,0.2089508754033138
43883,0.24865952744606448
43884,0.2317621012653208
43885,0.233182935662185
43886,0.19296941621969205
43887,0.17474625110439046
43888,0.20896132539096274
43889,0.2268442742931759
43890,0.17871061567355337
43891,0.15985815606080384
43892,0.2951434493028488
43893,0.20270779665388383
43894,0.15854752974706676
43895,0.2548386117427068
43896,0.14956798126316953
43897,0.20068859379025714
43898,0.14439776643823418
43899,0.2821914909195286
43900,0.15339129510631688
43901,0.18984352660093876
43902,0.2621692194872937
43903,0.16193007755356695
43904,0.1807651545499346
43905,0.27185233638672485
43906,0.18896692402425022
43907,0.25936306279507876
43908,0.18010611334974688
43909,0.1586844833589152
43910,0.16107204154937052
43911,0.22357938854187961
43912,0.17676269115171336
43913,0.18793104906002267
43914,0.3098425404256984
43915,0.28036493042965616
43916,0.23584152227858918
43917,0.23443888767860405
43918,0.17587205534234918
43919,0.18782345311044885
43920,0.2339320827307892
43921,0.3035615241027231
43922,0.25510673267809025
43923,0.21867538061389863
43924,0.2474369168650086
43925,0.19043569383982673
43926,0.2521147478600106
43927,0.2093050473331325
43928,0.27098313210101826
43929,0.1704240210594732
43930,0.28364562815866656
43931,0.18522585866630323
43932,0.1834280558611169
43933,0.18107722402034387
43934,0.21432670115722574
43935,0.17150354568894396
43936,0.2326394570951694
43937,0.3200176075339661
43938,0.2871913352232461
43939,0.30437201517363965
43940,0.18704118990997615
43941,0.15927367440643214
43942,0.20730020246693737
43943,0.21303389432900757
43944,0.27097322831844534
43945,0.349281702099213
43946,0.23209231222724389
43947,0.2542497429610861
43948,0.2740078800956464
43949,0.20199687587076323
43950,0.21468472637322644
43951,0.19620892188516537
43952,0.155605006364761
43953,0.18389449343098696
43954,0.30583570504067575
43955,0.18385169540040888
43956,0.24624919979572618
43957,0.2782983435093044
43958,0.22743675373701666
43959,0.22263435116328678
43960,0.1594502257716896
43961,0.20288152769921072
43962,0.2902743661878357
43963,0.28858236291792233
43964,0.20533122146958047
43965,0.27935810284155793
43966,0.28580222623567036
43967,0.20159716640284775
43968,0.2002144588033909
43969,0.24782482273616713
43970,0.29618330434318235
43971,0.16574121449545892
43972,0.2377467013978443
43973,0.30925196856581516
43974,0.1843174584293783
43975,0.15797318181669828
43976,0.2717471170347656
43977,0.2037141064315848
43978,0.15422810054594582
43979,0.19613544641726935
43980,0.23581506010036107
43981,0.2651085133934133
43982,0.18987975211175334
43983,0.15468831424777232
43984,0.20159191832204737
43985,0.2568473331903565
43986,0.2224678294966513
43987,0.18756063457985328
43988,0.1779188435558643
43989,0.2757651090285158
43990,0.298301983620872
43991,0.2749954168496978
43992,0.2717574289313258
43993,0.21318518466677466
43994,0.1669079851892686
43995,0.2822213392116022
43996,0.21937749372977144
43997,0.1610023400329836
43998,0.30989743212707815
43999,0.1991880518588161
44000,0.2838741269051394
44001,0.22377662243833155
44002,0.29970557435342493
44003,0.16830425960927822
44004,0.25561627484186095
44005,0.24341999772536013
44006,0.2742365282945458
44007,0.2593455951651399
44008,0.3037773080820922
44009,0.2683903159318743
44010,0.20212051728851346
44011,0.23144137399776782
44012,0.21323204208262048
44013,0.1939046524936779
44014,0.17439334497055284
44015,0.18444755553816816
44016,0.20859949101416195
44017,0.21723046599946033
44018,0.27358405588299345
44019,0.24503028064224772
44020,0.20436736664523217
44021,0.200038472061906
44022,0.2483719856718743
44023,0.2112414271619931
44024,0.18215307671612055
44025,0.266871583061287
44026,0.19156916961605744
44027,0.20562292760407655
44028,0.25822890238622526
44029,0.19546740138529564
44030,0.164399498133764
44031,0.24256265497547713
44032,0.24703683261628606
44033,0.19980642981685395
44034,0.19135977663906265
44035,0.23022419927972806
44036,0.24599672021881172
44037,0.20206591172760952
44038,0.2248115309497167
44039,0.2620893500065176
44040,0.20131592347491165
44041,0.18926727802004387
44042,0.23472993133751652
44043,0.1860240077359746
44044,0.1991625218505468
44045,0.20059687384368327
44046,0.2545412707643967
44047,0.22460564559489074
44048,0.16496249379373004
44049,0.17251487267428822
44050,0.2189053168415485
44051,0.16948960190351461
44052,0.17243204551882566
44053,0.28651383672891845
44054,0.311251612975296
44055,0.2816826785319759
44056,0.1973919014324028
44057,0.20420137511039985
44058,0.19518945504307778
44059,0.28571352570005026
44060,0.15388599330985558
44061,0.13958258013102337
44062,0.18943667345787246
44063,0.26547314862019283
44064,0.234234773677086
44065,0.27671617338646665
44066,0.24081040757523425
44067,0.2799860358806822
44068,0.1680503464560277
44069,0.2432166038769654
44070,0.1882816451252992
44071,0.20198706436663064
44072,0.25358286955253
44073,0.2349743985091971
44074,0.15929469926541717
44075,0.27538815902020675
44076,0.2719309608565553
44077,0.2280635730205225
44078,0.27394314358751576
44079,0.23369319323422286
44080,0.22316334192630743
44081,0.25806469466083753
44082,0.20168013165005558
44083,0.24230948685411707
44084,0.23922315391002694
44085,0.2249748735481068
44086,0.21330929515679564
44087,0.24962698810085562
44088,0.1993209094184062
44089,0.14865798778012387
44090,0.25498117864120823
44091,0.31000152072701226
44092,0.21129119530813015
44093,0.2530566139961588
44094,0.3262334113256907
44095,0.22035579182184428
44096,0.1620463489358646
44097,0.22217025340142796
44098,0.26342344398447154
44099,0.2449558843372114
44100,0.27427057497430596
44101,0.15832446185697668
44102,0.22027308490618097
44103,0.19144153824927826
44104,0.1921980162846876
44105,0.27574899236803335
44106,0.2020217927796817
44107,0.26238320482338895
44108,0.15694267834554276
44109,0.19391526598310954
44110,0.22463355542581037
44111,0.21180217270706067
44112,0.20890588863693632
44113,0.16725604085728918
44114,0.3008374853821558
44115,0.15989487116168508
44116,0.25586926357068834
44117,0.23079172094832753
44118,0.19146826907447725
44119,0.2143856667486601
44120,0.25413340834073567
44121,0.18350121344230932
44122,0.2922710366264062
44123,0.2403782391996607
44124,0.21107465312249143
44125,0.2746884298954212
44126,0.21252255017091348
44127,0.17080773413240763
44128,0.19624217482924472
44129,0.16614030296584759
44130,0.25414038014386636
44131,0.1991803778589879
44132,0.26765324301520904
44133,0.2090187162862897
44134,0.18826628110482876
44135,0.2617960342820574
44136,0.3187984152845854
44137,0.2501056136599369
44138,0.290552398687668
44139,0.2211976019370578
44140,0.35115321762295343
44141,0.1872472161038241
44142,0.25542537337626947
44143,0.2860808294031987
44144,0.17344041002655725
44145,0.21550626527555583
44146,0.2614175150717753
44147,0.22181817208839597
44148,0.18840501828963213
44149,0.1516579986098366
44150,0.24783297693320105
44151,0.2873675981463731
44152,0.16934510471243922
44153,0.2618805525373295
44154,0.23277532759224118
44155,0.23529359105652844
44156,0.25951928693972237
44157,0.14575906497776006
44158,0.1724421683234958
44159,0.2132645049810074
44160,0.2900485365511594
44161,0.1758772630643224
44162,0.24933455487102946
44163,0.2480274556845146
44164,0.2021897225943029
44165,0.2220155523707279
44166,0.30227708698561007
44167,0.3281419859593818
44168,0.20295740453673794
44169,0.17033035701410426
44170,0.1902934954070365
44171,0.23477828690282046
44172,0.3165059233680132
44173,0.17986752472552162
44174,0.23666596115482033
44175,0.20117493107294707
44176,0.16738595808922124
44177,0.1793592796681395
44178,0.2749694893655244
44179,0.19725893979553943
44180,0.21873518958673063
44181,0.18744855207566385
44182,0.26189406167865464
44183,0.2627257158656746
44184,0.18579394781863395
44185,0.2293359862844707
44186,0.16956169152562395
44187,0.2642250239487757
44188,0.19063082940307466
44189,0.15460775740902266
44190,0.17546946132568245
44191,0.18893450297479952
44192,0.27596699742583936
44193,0.1457283770893372
44194,0.18281762318759184
44195,0.18953953051260725
44196,0.1850074284503987
44197,0.19944085328403394
44198,0.2746564635579031
44199,0.2544516724188271
44200,0.16825897475709062
44201,0.2419633353347269
44202,0.2882946607913416
44203,0.224425746726346
44204,0.24739216469341602
44205,0.2813639405742026
44206,0.19753984842211403
44207,0.25317602305154824
44208,0.18142993520902287
44209,0.22752675199959074
44210,0.22086199363991438
44211,0.22445435316309395
44212,0.27753268256913904
44213,0.1847564216058647
44214,0.27347819248707095
44215,0.17735128208605502
44216,0.24119206912538307
44217,0.1592471589305153
44218,0.2831691786347214
44219,0.24598474584627572
44220,0.2599295134058232
44221,0.286076053139371
44222,0.16040724089318922
44223,0.2687746345709677
44224,0.2559843112384672
44225,0.1776572926306697
44226,0.2852820786809715
44227,0.2780408561962536
44228,0.22655680658544633
44229,0.2821348036539257
44230,0.1812856776445426
44231,0.25321991268036326
44232,0.18494105486633772
44233,0.2677058322519841
44234,0.18685888940132242
44235,0.21050593625569913
44236,0.2415532942446902
44237,0.18041753208741046
44238,0.29972368295289237
44239,0.1822778334072261
44240,0.17090616070522063
44241,0.31502086116843125
44242,0.2644213955831336
44243,0.27738956843516777
44244,0.2888412044143074
44245,0.23927655279331458
44246,0.2120178308211878
44247,0.22281130496445342
44248,0.1935866880775669
44249,0.2736656650352713
44250,0.1969332806913065
44251,0.1877966564158681
44252,0.22518510218896717
44253,0.18678118258002677
44254,0.15585972761051559
44255,0.18359879750595623
44256,0.2351938980410188
44257,0.23812693130693188
44258,0.20778174802714855
44259,0.3287564788053123
44260,0.20779904111847786
44261,0.34229551445557505
44262,0.2050249393196308
44263,0.2639414820041694
44264,0.1709758464478009
44265,0.1663458660035046
44266,0.22666929832319327
44267,0.21334020584132418
44268,0.2609559290448604
44269,0.18506826985992686
44270,0.23594323700346284
44271,0.26283251363369375
44272,0.27275652839510317
44273,0.1990830034897012
44274,0.21378212189087395
44275,0.14818905212710776
44276,0.2952408820396124
44277,0.2890496831146863
44278,0.17985001323681335
44279,0.32062299269330774
44280,0.23180863578645952
44281,0.15921426322166257
44282,0.26953691650241307
44283,0.17803549874419805
44284,0.28198530030252444
44285,0.15698313794229396
44286,0.24456583972712342
44287,0.18473777275721218
44288,0.27297703205784696
44289,0.1824466958993117
44290,0.18430282154466332
44291,0.2631298586103606
44292,0.18154694737084778
44293,0.25289897179988463
44294,0.2484274883546745
44295,0.303372114723984
44296,0.3485736192478102
44297,0.2356747171744966
44298,0.22346496120552412
44299,0.16500830429868824
44300,0.1734681483961549
44301,0.1898324367641792
44302,0.2748282529030401
44303,0.3067281165554466
44304,0.2008671125111815
44305,0.18345604946552882
44306,0.1538407876345466
44307,0.16210511427776436
44308,0.2339270633956503
44309,0.2603629498052359
44310,0.21861422923958002
44311,0.19711682311153744
44312,0.19075536673008436
44313,0.19117981797019298
44314,0.1423222148391755
44315,0.24368309759215598
44316,0.22470672060851524
44317,0.17871844873489132
44318,0.2460714894497953
44319,0.1694616839205162
44320,0.21993758383039302
44321,0.2922949249504864
44322,0.3181830133657415
44323,0.17312786435875327
44324,0.22644193938284637
44325,0.17729060497421498
44326,0.23403362384173307
44327,0.1594987556770672
44328,0.23480215488184908
44329,0.17463872089770074
44330,0.16974960580395726
44331,0.3094460284741818
44332,0.28298056482807654
44333,0.2505896930977258
44334,0.30856911725873426
44335,0.20562221290715585
44336,0.2486040845307003
44337,0.26525970999495363
44338,0.24351398727420637
44339,0.20146249277643416
44340,0.25402790503248135
44341,0.23156147215530098
44342,0.2778572477848066
44343,0.15867116579346757
44344,0.1968866652733001
44345,0.1680272965674685
44346,0.2020187893509093
44347,0.1843670382259401
44348,0.17345836960413738
44349,0.20276870904132413
44350,0.18341384729445362
44351,0.18531090054169727
44352,0.16235151936409978
44353,0.26966759111855315
44354,0.2989468796580282
44355,0.18544354451230136
44356,0.16715086703334728
44357,0.24015512336821232
44358,0.2021475166566842
44359,0.20364648696016427
44360,0.23801834693512341
44361,0.20540649345984402
44362,0.28595954543848673
44363,0.21414651144543362
44364,0.14748032618181509
44365,0.27726169567193965
44366,0.19815059582481764
44367,0.2785003423200447
44368,0.26267342023255336
44369,0.2007622513719362
44370,0.25571875683489204
44371,0.19124400591655047
44372,0.18167003355330114
44373,0.18315252911951466
44374,0.23462504859375574
44375,0.2503267600310957
44376,0.18572703921140832
44377,0.18221075486345772
44378,0.18281812971492958
44379,0.21844764638101777
44380,0.2501407653837572
44381,0.25125946576587105
44382,0.22236595196014652
44383,0.24330650650955743
44384,0.24710856162437675
44385,0.201025421718816
44386,0.15916793063044885
44387,0.26249993310485104
44388,0.1865640549898783
44389,0.24034372403844764
44390,0.2817262991692545
44391,0.1674256947936459
44392,0.22582316826020216
44393,0.20313617573585838
44394,0.2890640726330971
44395,0.2362750353119739
44396,0.17634846824518696
44397,0.20622640176826568
44398,0.24603571349459474
44399,0.18151694946749283
44400,0.24661828743390848
44401,0.20829933863418457
44402,0.30549491485912533
44403,0.36638516319138675
44404,0.22526888620734226
44405,0.18024113001325698
44406,0.18003378173524573
44407,0.2100598499849413
44408,0.19086051865413023
44409,0.23413376802763713
44410,0.20942165643442365
44411,0.2254373914333469
44412,0.24528968542706106
44413,0.17349240197010268
44414,0.17888436346237546
44415,0.21767757560343695
44416,0.2946995623018534
44417,0.21062432801804398
44418,0.2758574761133074
44419,0.18594211217116485
44420,0.25703071378545483
44421,0.24444190759518494
44422,0.19795763349979714
44423,0.2459428932604539
44424,0.27472303446992347
44425,0.2401274474643425
44426,0.15187710714148683
44427,0.15093523507901835
44428,0.23076402117284928
44429,0.1412601603605171
44430,0.25979932134170475
44431,0.16956792668388398
44432,0.24658648334021305
44433,0.22343552407784442
44434,0.17236717356073009
44435,0.1428610578339382
44436,0.29241574819367977
44437,0.18848463491966178
44438,0.19412284100131164
44439,0.2509278516643405
44440,0.24647534810711366
44441,0.18060784273284924
44442,0.2864475324812573
44443,0.3049909117041285
44444,0.18371575765199452
44445,0.21460654193580622
44446,0.2115074126410166
44447,0.2735587609810803
44448,0.18628249873194375
44449,0.16597477630224663
44450,0.30396705691887954
44451,0.2690356018162687
44452,0.17501605552099783
44453,0.23836067740096997
44454,0.3164681290742723
44455,0.18047039930426248
44456,0.13019440234822066
44457,0.18722942538735382
44458,0.17063613347712311
44459,0.2731293460200591
44460,0.23848607415650686
44461,0.2035900864751511
44462,0.22826553997808016
44463,0.15350224760657855
44464,0.1973065293682226
44465,0.21628521793256755
44466,0.24864436641926457
44467,0.3236119985555986
44468,0.14240803784797926
44469,0.22894437036304438
44470,0.2861661074444972
44471,0.1864066294807264
44472,0.1909613570721793
44473,0.27251820797909304
44474,0.18887335969159075
44475,0.298874096522309
44476,0.1786174588209411
44477,0.15815584764112914
44478,0.19882965620858048
44479,0.20541651275825676
44480,0.2831063583349197
44481,0.30946598270681697
44482,0.18971787872032106
44483,0.1877824434631359
44484,0.19106349901896436
44485,0.1666014801521104
44486,0.2279501610364657
44487,0.19858089233225926
44488,0.19097623611094636
44489,0.24561190530975144
44490,0.319121007123289
44491,0.17825132764094134
44492,0.2736357633982803
44493,0.28996224776042895
44494,0.17374348914750903
44495,0.2659240520952908
44496,0.2427705401265614
44497,0.19239399803899115
44498,0.1659162484759543
44499,0.2414875184998696
44500,0.17088670544619675
44501,0.2607236864207485
44502,0.20120772107971902
44503,0.21697357405835502
44504,0.24654755885740964
44505,0.24396465419979566
44506,0.24959874950981117
44507,0.25076271856402954
44508,0.18424124204776046
44509,0.27690145135552036
44510,0.20022702332178638
44511,0.25697934380954857
44512,0.17935318238595507
44513,0.21145526220228308
44514,0.21924818683497305
44515,0.2110092034661961
44516,0.2601346181925816
44517,0.1721315309286412
44518,0.24943811520363657
44519,0.28797080287680255
44520,0.2064023635672209
44521,0.18204810480305153
44522,0.21159810474203603
44523,0.17584646893371417
44524,0.3073820585587163
44525,0.18771044690516814
44526,0.26082170621337647
44527,0.2669325201637805
44528,0.20233271635230315
44529,0.2761542248365738
44530,0.27335846675675685
44531,0.16119967739410124
44532,0.28646174886575276
44533,0.19988957221595466
44534,0.23722683636121775
44535,0.28542819337253805
44536,0.24172309712945628
44537,0.27851012005738435
44538,0.1799925289455299
44539,0.27961080213305595
44540,0.18272690642733225
44541,0.26376517570833635
44542,0.25795093246550044
44543,0.2009000507192172
44544,0.19648059945174892
44545,0.22262318900054973
44546,0.17628704449351723
44547,0.17310264722703345
44548,0.19196783790399985
44549,0.1823679437952058
44550,0.26118785260304894
44551,0.1777318834682232
44552,0.251893677452536
44553,0.3006800479507537
44554,0.1902528714155591
44555,0.2656850123757344
44556,0.17683296193582054
44557,0.19646333315911602
44558,0.23108258893760703
44559,0.18179775482012223
44560,0.18597326193230143
44561,0.2779989739026647
44562,0.18862433798612507
44563,0.17158428171772822
44564,0.318787356143116
44565,0.2154873206399402
44566,0.19508499595786266
44567,0.2237147358755597
44568,0.2626832727251865
44569,0.3250725819981203
44570,0.15636071122611306
44571,0.18615105199775972
44572,0.20878459641728836
44573,0.225302542241392
44574,0.14095076336514994
44575,0.17786854716524014
44576,0.31098411409319054
44577,0.19053864190916203
44578,0.16746476015041448
44579,0.19675788567566804
44580,0.17390940101765698
44581,0.17411705930822227
44582,0.18970857007743963
44583,0.2012124212348747
44584,0.2775829154625049
44585,0.24507186014237206
44586,0.1637017007307378
44587,0.17469873134424954
44588,0.15941132169030084
44589,0.23379886441291614
44590,0.20915759188324326
44591,0.19165505140181816
44592,0.1483095922199113
44593,0.2825302510727351
44594,0.21969859627969485
44595,0.16099628390155948
44596,0.2954156148014901
44597,0.22224309222779456
44598,0.1603631751308136
44599,0.18894614597109438
44600,0.21882821993985402
44601,0.27920039796558227
44602,0.22933441690318657
44603,0.25497106736951985
44604,0.17807266819797427
44605,0.1956541652431136
44606,0.1452274316230312
44607,0.21181592758293302
44608,0.33511620699925865
44609,0.1950517326185619
44610,0.2421742903162076
44611,0.31029158931229056
44612,0.30452525757011323
44613,0.17137550853349492
44614,0.2925420554395958
44615,0.19051283476160447
44616,0.16374859028363306
44617,0.31072608680466657
44618,0.21498227307559437
44619,0.28904873924416846
44620,0.17993131657552897
44621,0.19446436077293838
44622,0.27210358363673653
44623,0.32676734148859543
44624,0.15448241816696026
44625,0.21734622461535213
44626,0.29599360987115336
44627,0.1898355602711366
44628,0.23383791638951057
44629,0.15212921221183354
44630,0.175822896740046
44631,0.15543835945215814
44632,0.20551918153926788
44633,0.3588782439658953
44634,0.16769797211463164
44635,0.19996748896998606
44636,0.2012551711194915
44637,0.25118775154667305
44638,0.1583680083374069
44639,0.19880604438381655
44640,0.2854621775174218
44641,0.1983859974200516
44642,0.18132638058931608
44643,0.22084963671413355
44644,0.3054821393720564
44645,0.196916299302221
44646,0.17547910737719796
44647,0.19328957179042713
44648,0.3112525842188292
44649,0.3058472086688311
44650,0.25266307681427896
44651,0.1778426585725379
44652,0.2276787337999202
44653,0.13447576517872398
44654,0.16559529218740554
44655,0.16766443498864259
44656,0.25517122956951177
44657,0.19675946943508474
44658,0.26266079822330096
44659,0.21410812884264707
44660,0.300207477977045
44661,0.17214344128246342
44662,0.20245237634125732
44663,0.24790630361071161
44664,0.2510286968903425
44665,0.27920977952336085
44666,0.20686068111408876
44667,0.22607592150096456
44668,0.17242492443139848
44669,0.2155924105649443
44670,0.25159561593662
44671,0.1760553414772982
44672,0.2337994699157514
44673,0.20754611788370497
44674,0.1920580095638421
44675,0.17218666393995904
44676,0.15461798524065892
44677,0.18850042626846908
44678,0.27208835507492835
44679,0.1827260415659755
44680,0.284575451469792
44681,0.19613418349243286
44682,0.1869286470976
44683,0.17753110131142255
44684,0.20066967719753595
44685,0.16298638622927267
44686,0.20491199288490777
44687,0.16137782772649156
44688,0.20914063259233406
44689,0.2747280617327179
44690,0.20684584006506931
44691,0.1844809621655646
44692,0.2094541208072431
44693,0.17191457307639177
44694,0.22522345668593463
44695,0.20380348844487234
44696,0.31486527081203675
44697,0.2087035387025859
44698,0.3093720979498732
44699,0.26938387386292106
44700,0.31314283068796156
44701,0.17066754537069134
44702,0.18491449929824924
44703,0.1919193743513041
44704,0.17140634343721733
44705,0.30232985034687965
44706,0.24047082087427632
44707,0.2722465926899846
44708,0.17482066020409134
44709,0.19154431425384724
44710,0.24588562820280735
44711,0.2226013254290596
44712,0.19815227640875324
44713,0.28998931760599717
44714,0.2553873147783185
44715,0.1696379964503825
44716,0.1701800717686627
44717,0.29052739483090473
44718,0.19273718433608447
44719,0.2122625195205654
44720,0.16680092948400713
44721,0.19612204500150174
44722,0.18844146959678174
44723,0.17219779056621898
44724,0.1580535532741264
44725,0.16817266492948219
44726,0.24533771224103124
44727,0.19897033077680892
44728,0.2655171540657964
44729,0.2342836671471518
44730,0.208819840305193
44731,0.2779609116213525
44732,0.18345063102592338
44733,0.2076604384479458
44734,0.18790208523038687
44735,0.2028876062701272
44736,0.28118966456488304
44737,0.2794783562150181
44738,0.19421769429388216
44739,0.1788949572650319
44740,0.21517383510203061
44741,0.2562365089891312
44742,0.1944728074413469
44743,0.20599285397833333
44744,0.25540902731070897
44745,0.1905406086330527
44746,0.18246717212167693
44747,0.19252995181756044
44748,0.17508280797087092
44749,0.20552024230849875
44750,0.19481151599320282
44751,0.17220179960499984
44752,0.19350562315961897
44753,0.20542876352959044
44754,0.17607270873118303
44755,0.30770123168895397
44756,0.1847454730980678
44757,0.21894122272097458
44758,0.20467783167488104
44759,0.27693558907771115
44760,0.2325227553717355
44761,0.20498631713246315
44762,0.23300193360259905
44763,0.16596962306184032
44764,0.24963290229597682
44765,0.20714688912423934
44766,0.2332374313671086
44767,0.2531568625656147
44768,0.2079907396958192
44769,0.15798498481424816
44770,0.2800188094627434
44771,0.1788145648317743
44772,0.2041590107544627
44773,0.19036970846159476
44774,0.18083042549216854
44775,0.27142077098878803
44776,0.2431695147225614
44777,0.3043785495022243
44778,0.23109150670679393
44779,0.17748470301814706
44780,0.21464501074922943
44781,0.17144739329744257
44782,0.27199391743083345
44783,0.22809779592601295
44784,0.19322105526056532
44785,0.1622421279640536
44786,0.2635169702250016
44787,0.2555277975986845
44788,0.19410112588725542
44789,0.31639809904510185
44790,0.26245955513808816
44791,0.2617330688520111
44792,0.23130858476898122
44793,0.19613755288638857
44794,0.2065365898580492
44795,0.17419172939965538
44796,0.3036338582375648
44797,0.18394363914409964
44798,0.1538771177061805
44799,0.184793717315662
44800,0.22302164744747632
44801,0.19783977511247833
44802,0.21122857835658343
44803,0.22624631265104725
44804,0.2458756799096071
44805,0.28149769497474886
44806,0.3040960268617089
44807,0.28271322288334155
44808,0.24372922328598645
44809,0.19260587484808592
44810,0.269275207301394
44811,0.21491335811560236
44812,0.1797588765677519
44813,0.20079296944239977
44814,0.2197021724860521
44815,0.18421370368795054
44816,0.23836759540562993
44817,0.1444191954119761
44818,0.291545191999711
44819,0.1788491247318066
44820,0.24010682226495486
44821,0.16956212201391366
44822,0.3083149723165713
44823,0.2298250186189998
44824,0.2534453068642632
44825,0.1962198129475414
44826,0.2609323625505969
44827,0.15427067233807
44828,0.2523665911462608
44829,0.22668368950494563
44830,0.16775139582476423
44831,0.16988481228564478
44832,0.21931978784298173
44833,0.1943507742208497
44834,0.24830568818651735
44835,0.24185655116626623
44836,0.17403850169809004
44837,0.19850129751450232
44838,0.23165588394361236
44839,0.16773203350993657
44840,0.18999069894084758
44841,0.25088617891655196
44842,0.22521645707098592
44843,0.21518732439155921
44844,0.2748102149751687
44845,0.18668948279993886
44846,0.1929969583588859
44847,0.19906360861727052
44848,0.21836187413661423
44849,0.2313021773675196
44850,0.2618297762651276
44851,0.2595683102674744
44852,0.24169838106804276
44853,0.27103065393316594
44854,0.171648722477287
44855,0.24941576798394943
44856,0.18965372912714112
44857,0.31235285110061006
44858,0.2565886435503765
44859,0.20163600599826237
44860,0.22697257911663266
44861,0.2287060636543198
44862,0.19936019964333185
44863,0.19048223898494612
44864,0.20241760143606588
44865,0.2508355185622757
44866,0.19233702256731838
44867,0.16474192009077865
44868,0.2626593361339767
44869,0.3234092255798802
44870,0.18876030051155993
44871,0.24713431944320685
44872,0.15499621075858214
44873,0.2594419427327351
44874,0.26824386463490507
44875,0.1987274320369237
44876,0.2678443832343089
44877,0.2767027051625124
44878,0.19529457666837172
44879,0.20772881374471563
44880,0.18007189443505545
44881,0.29967906651026505
44882,0.17098813392287177
44883,0.24528825347942312
44884,0.17796744582862195
44885,0.17446663044326538
44886,0.18877198923295893
44887,0.20256890630462657
44888,0.20924342250256356
44889,0.13269413735996477
44890,0.3396185259573552
44891,0.16166997793967464
44892,0.17429194568422812
44893,0.21881309656973197
44894,0.258385986792051
44895,0.1440129980113351
44896,0.25401096996278943
44897,0.1685332758497301
44898,0.1916297727883851
44899,0.24270762915263877
44900,0.1694697031213427
44901,0.1905830946093991
44902,0.20035036259016753
44903,0.26166131428201234
44904,0.2173462352413541
44905,0.17251595648578427
44906,0.24768020030955767
44907,0.207651760485737
44908,0.1632401662422999
44909,0.20890628641324802
44910,0.2018756892425935
44911,0.27620335469326807
44912,0.19019228614386605
44913,0.27785240604315975
44914,0.1966327139524441
44915,0.16020057969882928
44916,0.19661338746526819
44917,0.16934016575081995
44918,0.26704197147656283
44919,0.21794572824316658
44920,0.251568604836753
44921,0.19756025288813425
44922,0.16187676779325788
44923,0.2877266391598906
44924,0.21918425574786485
44925,0.2862271077207257
44926,0.19978203224414426
44927,0.17191860883886573
44928,0.28025561618609446
44929,0.20964475604320118
44930,0.1711637625261094
44931,0.21312650632262783
44932,0.21575412496335244
44933,0.21808941104745208
44934,0.19839456202439057
44935,0.21710729739915216
44936,0.2502159911234549
44937,0.19069630500803014
44938,0.2797131853143463
44939,0.2591535386721357
44940,0.19355372094166995
44941,0.20284171509541676
44942,0.17612206823835938
44943,0.1847939445038652
44944,0.3223153189515752
44945,0.2263555096740169
44946,0.27985128245380986
44947,0.21999007844778448
44948,0.24787350927263715
44949,0.18757293620512866
44950,0.3110166477767692
44951,0.2531719756710089
44952,0.30139823527230125
44953,0.2699643512726647
44954,0.1873083707993731
44955,0.18759350531292807
44956,0.22498636228761876
44957,0.1727750076465341
44958,0.236789324932231
44959,0.19076656436127515
44960,0.22579627253059112
44961,0.19890097965290301
44962,0.2680996867235508
44963,0.2773481214385052
44964,0.1888416251047399
44965,0.2690063493410445
44966,0.24543640111782544
44967,0.20154512736512029
44968,0.1767534015231154
44969,0.2551064905236626
44970,0.28056540776301225
44971,0.17963501828640777
44972,0.20134185784357336
44973,0.18701002984571627
44974,0.21459677440084943
44975,0.2590863334262801
44976,0.18479329542549078
44977,0.20395965439285252
44978,0.18607764524153173
44979,0.18325672472374277
44980,0.2062904723210045
44981,0.19962358858411378
44982,0.19263515874204717
44983,0.19099404234031145
44984,0.18968932490599896
44985,0.228931203551851
44986,0.18825128027843063
44987,0.18712029482914322
44988,0.18475695003123696
44989,0.24167650050114317
44990,0.18743923987935374
44991,0.3272381442992881
44992,0.15328805750529273
44993,0.16740418813793578
44994,0.19871660666945515
44995,0.1740647437128401
44996,0.2497016225919665
44997,0.1923224285676848
44998,0.17714036019575224
44999,0.1865390970015584
45000,0.20893698534326255
45001,0.1859898142579515
45002,0.27130679404069374
45003,0.2752255233806868
45004,0.26252105316987023
45005,0.18569478316521137
45006,0.16605040091342838
45007,0.1985484830292863
45008,0.2759827801753072
45009,0.20048009329709643
45010,0.30046226929252823
45011,0.22393799787518304
45012,0.25911431092825443
45013,0.2228369456879479
45014,0.21781241457643957
45015,0.27130472789107474
45016,0.16798226636098174
45017,0.30287024748514657
45018,0.19895654790154157
45019,0.18535622196583199
45020,0.15964511559881822
45021,0.2704540671794341
45022,0.23875925104048595
45023,0.24101727281114982
45024,0.2201182808262034
45025,0.19781095363763018
45026,0.20711502461613251
45027,0.25984257101144065
45028,0.29020796928665094
45029,0.1805815814316463
45030,0.16313155630645626
45031,0.2345823571008972
45032,0.23657572888188627
45033,0.20193715827619774
45034,0.30901343707318557
45035,0.17488733825193858
45036,0.23589561143481558
45037,0.251965559491867
45038,0.2319451491921269
45039,0.2519072951620005
45040,0.2074080685311059
45041,0.21241517901821794
45042,0.26628719788402927
45043,0.1884319814366378
45044,0.1430925390769566
45045,0.283167678636488
45046,0.1817864031177695
45047,0.2745558950837745
45048,0.21450748509204975
45049,0.2409622093782254
45050,0.2940161980486075
45051,0.25126486227811506
45052,0.2130370466031879
45053,0.16984771398219167
45054,0.20433225317842166
45055,0.24691524572792653
45056,0.1541060217944695
45057,0.3215554490249463
45058,0.2402821499482004
45059,0.24555467469158146
45060,0.17191638689551467
45061,0.18976844397675222
45062,0.25799438169607636
45063,0.16753895939303298
45064,0.17262236925407212
45065,0.2908252876271115
45066,0.27944712812135175
45067,0.19702576796017507
45068,0.18732944840542692
45069,0.18345614781505276
45070,0.18027842064218533
45071,0.27505541237591186
45072,0.1981617978898244
45073,0.20071874999504288
45074,0.19257653324029037
45075,0.16950319532967575
45076,0.18135583595384083
45077,0.16969995038685157
45078,0.20610727680439062
45079,0.1877211095797793
45080,0.11806356025220127
45081,0.17951467265794857
45082,0.2504146459543259
45083,0.18695089183247193
45084,0.21889282907927035
45085,0.17351878245596097
45086,0.20227376528991134
45087,0.26642240440384585
45088,0.2037588139942358
45089,0.23651987216267098
45090,0.16712411296420907
45091,0.2927082920942033
45092,0.1685752686767089
45093,0.27688211086584724
45094,0.2217192262782206
45095,0.19886994706212996
45096,0.20878490356666346
45097,0.15989269842629664
45098,0.3529641040465838
45099,0.16063526789136146
45100,0.2313068974069566
45101,0.2146118047691244
45102,0.22713054271292865
45103,0.2665797242641677
45104,0.19156622711222585
45105,0.168929964385073
45106,0.2726788943126024
45107,0.2866041641604989
45108,0.3081978356133967
45109,0.27851116424844113
45110,0.19414787248942414
45111,0.17453867207443463
45112,0.2425333630192274
45113,0.2695547311330367
45114,0.22175007816767092
45115,0.23996268241410793
45116,0.1529617873773222
45117,0.19185346423305535
45118,0.18412886517679702
45119,0.1937987398317825
45120,0.18567198361765733
45121,0.24745781164035535
45122,0.25430304525200764
45123,0.21296770315894117
45124,0.174908406590759
45125,0.19042308557143464
45126,0.18614501129672856
45127,0.1692029559024798
45128,0.16150318535801714
45129,0.20128696755169176
45130,0.1673102088588799
45131,0.25483253928948923
45132,0.20919586935299145
45133,0.18195299847254895
45134,0.31183547553010266
45135,0.30267778763895165
45136,0.15573574234816812
45137,0.20476623791436424
45138,0.1806952768206607
45139,0.14800819736037554
45140,0.1557020127959564
45141,0.35790188598603534
45142,0.2620782832117674
45143,0.2214777086919073
45144,0.23404941299380916
45145,0.2934979847367348
45146,0.2021828448259849
45147,0.29021879395373573
45148,0.22040905420270385
45149,0.19866443438309195
45150,0.296205014492296
45151,0.2981384693403361
45152,0.1905227654929092
45153,0.16855944382950303
45154,0.21404547205042626
45155,0.2479545041969318
45156,0.1756705368577718
45157,0.2359129492782276
45158,0.16560998570610008
45159,0.25208358974293416
45160,0.17088615573306346
45161,0.1878165495026429
45162,0.27298620162728926
45163,0.1700247072627583
45164,0.15705323046143624
45165,0.2670465454030444
45166,0.21126574741301243
45167,0.19250254658224664
45168,0.19630566959053689
45169,0.2699921562596907
45170,0.19820323916240185
45171,0.29482112310015074
45172,0.18655787317029715
45173,0.22492737218277256
45174,0.19005961845130157
45175,0.21848838626487843
45176,0.16646892884692854
45177,0.2259928814322252
45178,0.17708247565436253
45179,0.21138016195259646
45180,0.1921642029657473
45181,0.22809320564558822
45182,0.15463806923610016
45183,0.16466454422885726
45184,0.1872618729801932
45185,0.24496890351086692
45186,0.35252269658833124
45187,0.1885990192741676
45188,0.18644800015463223
45189,0.24459833737188075
45190,0.2826207290350507
45191,0.18984346828469054
45192,0.2373467528233691
45193,0.2215490482791109
45194,0.14306281344408386
45195,0.24794294923494017
45196,0.238714695807186
45197,0.302585193807438
45198,0.17170581150569875
45199,0.25957170428190973
45200,0.23313788516890985
45201,0.3149145158723879
45202,0.2814055867702488
45203,0.28023267087921405
45204,0.2652577351158229
45205,0.19876232810887035
45206,0.17166867894488608
45207,0.15641296061499893
45208,0.15943457762888738
45209,0.16049756511694885
45210,0.17946784591723175
45211,0.1772800049661184
45212,0.1995489841458938
45213,0.2719684481988559
45214,0.15975344110688997
45215,0.2983135994433675
45216,0.2817303108778304
45217,0.22265159556000394
45218,0.1651371845757389
45219,0.23056465031509113
45220,0.28319074384613807
45221,0.2477186904196708
45222,0.29985562998284376
45223,0.28363828766264704
45224,0.25304577159102704
45225,0.27769914777761806
45226,0.32484713961820744
45227,0.17725761822482133
45228,0.22623229440663706
45229,0.25304317262300907
45230,0.2627970483940535
45231,0.19085871873007956
45232,0.2679941444670852
45233,0.26365863930686884
45234,0.2114345290334747
45235,0.1870940024215088
45236,0.21951088461783497
45237,0.2593467157681674
45238,0.2456920174079617
45239,0.21164426085401755
45240,0.19868092277829308
45241,0.28600981706429796
45242,0.19707950773042213
45243,0.25836046441319727
45244,0.2046711834445392
45245,0.22877499516215824
45246,0.2263293689123803
45247,0.2254754688834873
45248,0.17325047767929522
45249,0.2745080646563929
45250,0.2518662040975961
45251,0.1908644389460116
45252,0.19385334641495133
45253,0.17030961272471276
45254,0.1758057877687335
45255,0.20065558408757728
45256,0.22312948036299332
45257,0.26279008455929864
45258,0.18237152772336998
45259,0.1834768118462008
45260,0.23621042322531516
45261,0.26486147977393815
45262,0.182920896440919
45263,0.179372070491583
45264,0.18508742802707698
45265,0.1820149214088624
45266,0.19113243185154322
45267,0.18555359318012482
45268,0.2688743551648155
45269,0.2656443078747021
45270,0.17305496048589158
45271,0.19257355158163478
45272,0.17394965383093092
45273,0.19099448660350113
45274,0.2362300729285463
45275,0.25289800945917695
45276,0.21050416679165063
45277,0.21205427147495245
45278,0.16152403857036354
45279,0.17621745319341794
45280,0.18677575977367844
45281,0.22328109720767364
45282,0.1796860760218387
45283,0.2020199077589963
45284,0.20551993996285714
45285,0.21155051940413158
45286,0.27203174780677397
45287,0.19092382669644883
45288,0.20003397598272488
45289,0.18535920097466893
45290,0.24418696348218222
45291,0.20660483109182587
45292,0.2070797794222499
45293,0.16636914402717692
45294,0.21705300099257285
45295,0.1912800332646469
45296,0.23628027593790982
45297,0.28714402434515046
45298,0.28829677621275435
45299,0.16893407603969166
45300,0.21298171318657413
45301,0.15460610371662095
45302,0.24839723027108815
45303,0.23194851075680156
45304,0.16408547186398145
45305,0.21676827115536298
45306,0.2822937014296815
45307,0.21118512324001146
45308,0.21333145256554228
45309,0.18728439544291406
45310,0.2294078808789
45311,0.18839733596595543
45312,0.17734450709646385
45313,0.20173675281007208
45314,0.20882038559151192
45315,0.24009110426663638
45316,0.27344020385033696
45317,0.25041756190923675
45318,0.20612017007297226
45319,0.17279142278444437
45320,0.18906248736473877
45321,0.16637610422364904
45322,0.23834057401850287
45323,0.18233705670291106
45324,0.20184092485455632
45325,0.25616437045802387
45326,0.17653898153787875
45327,0.3244985026938245
45328,0.17625070625201023
45329,0.24192669029597028
45330,0.29360080538676425
45331,0.17652043084764624
45332,0.28337640879509884
45333,0.1942929451151254
45334,0.24387511404382972
45335,0.1801909937092711
45336,0.16100847267576987
45337,0.16733421479101313
45338,0.2026400549180504
45339,0.19987366392077446
45340,0.24074078845592747
45341,0.21041219357555466
45342,0.2028313440979187
45343,0.18979544035442186
45344,0.22538564678589712
45345,0.18819071098917164
45346,0.32756191154607883
45347,0.21668212386385238
45348,0.1937594295686003
45349,0.20450215355456453
45350,0.19142240463082716
45351,0.207635079603267
45352,0.2786107072161291
45353,0.20487888827106984
45354,0.1786502586153047
45355,0.165495454209318
45356,0.34841778208075913
45357,0.1613399876848368
45358,0.2120918676908458
45359,0.23869347041736458
45360,0.2034769424117025
45361,0.17397096884166494
45362,0.24346905393549098
45363,0.2861050378249724
45364,0.18293862773410002
45365,0.2527186860767578
45366,0.23403454076838617
45367,0.21463008834104452
45368,0.24989632620463215
45369,0.16312663744818912
45370,0.29370744707799096
45371,0.21123751658949635
45372,0.20390444000705363
45373,0.25049291335444274
45374,0.2607483304061365
45375,0.27344420228269883
45376,0.2475118595344955
45377,0.21168061884693817
45378,0.16477724240883468
45379,0.2784314722083485
45380,0.258414328997293
45381,0.18331765967452893
45382,0.2941063520511918
45383,0.239220990654002
45384,0.21033984478576687
45385,0.15319813892463374
45386,0.25110665504723323
45387,0.20183251183414505
45388,0.19036583565088516
45389,0.27529455279657766
45390,0.2501311174965872
45391,0.1790036151590778
45392,0.27723311105023907
45393,0.17843688670575628
45394,0.14304423039322922
45395,0.18803987384716192
45396,0.21125524365022438
45397,0.20503249356447562
45398,0.3119547088017112
45399,0.2183923046353828
45400,0.253189618052927
45401,0.17092342005024355
45402,0.17497674875074548
45403,0.20746228821636714
45404,0.2723617209102017
45405,0.21589870303809955
45406,0.2639762240942257
45407,0.3436440131486369
45408,0.17641810961903356
45409,0.16504030417411783
45410,0.19504648367616603
45411,0.24685918436285992
45412,0.26606640432253764
45413,0.17517977945368524
45414,0.17298156214387408
45415,0.14980992293350842
45416,0.15669530808520002
45417,0.27714096309649366
45418,0.16966684083521938
45419,0.181899049184428
45420,0.20192883453246543
45421,0.22376675573998772
45422,0.19813460055893203
45423,0.20196320307330268
45424,0.2531600071644641
45425,0.14504705408358473
45426,0.1813553618198123
45427,0.2865491135188202
45428,0.18584684972589063
45429,0.2359060946160421
45430,0.16785571259111173
45431,0.18038080081840402
45432,0.3255094410473739
45433,0.27732903351659355
45434,0.23012375790088488
45435,0.24734391525701796
45436,0.20531795177221585
45437,0.20542875260794718
45438,0.1907655556722395
45439,0.15423108839846078
45440,0.16831903965653663
45441,0.34114856808495875
45442,0.26754974832820794
45443,0.2554136086214658
45444,0.2906715919448539
45445,0.2328874346496165
45446,0.1936159962415606
45447,0.21717442695766448
45448,0.1611535595054202
45449,0.1993466519709993
45450,0.1889282301866252
45451,0.16781821677043357
45452,0.25408556843645447
45453,0.22257514142139062
45454,0.24560695533001278
45455,0.16541471822430892
45456,0.2910771690536302
45457,0.18133497834648626
45458,0.19967770766427229
45459,0.1966268856569117
45460,0.26390333689962764
45461,0.16267630968766655
45462,0.21757718459768405
45463,0.2891985058216375
45464,0.33268646515846173
45465,0.25363310402702616
45466,0.191146301891269
45467,0.29589240991869364
45468,0.26764445161736883
45469,0.16635950912862085
45470,0.20200284013054193
45471,0.1826178569041878
45472,0.1568984997162515
45473,0.19079835794635389
45474,0.2624027815348667
45475,0.3111790518600876
45476,0.23507142336201334
45477,0.22150871148281975
45478,0.27309234470257593
45479,0.14787117368098635
45480,0.1738604756996971
45481,0.21195688650723382
45482,0.26966197222304755
45483,0.277635723300605
45484,0.2780586535449785
45485,0.2340481041374166
45486,0.21025186008062835
45487,0.2576173504668798
45488,0.30737975391893896
45489,0.16981901589544166
45490,0.20254639190917675
45491,0.16651667182780552
45492,0.28612668254246665
45493,0.23210417703610425
45494,0.19307396971241647
45495,0.1974221359510711
45496,0.24041735325715258
45497,0.2160782057327034
45498,0.2634582814062158
45499,0.22040343792160313
45500,0.25788560410496447
45501,0.1502577519809146
45502,0.29692355066505677
45503,0.1772675264038217
45504,0.24276989505736718
45505,0.1893194701330318
45506,0.1685604346478136
45507,0.25281080987597904
45508,0.31575004476463464
45509,0.273795486015763
45510,0.1479172002408369
45511,0.2888145947177934
45512,0.15152080172077137
45513,0.18077111898358106
45514,0.2996576617141664
45515,0.18776536282504222
45516,0.19045444170898207
45517,0.20934292952718148
45518,0.19272519640770722
45519,0.2549871118132859
45520,0.2008712064526613
45521,0.17350619053008207
45522,0.1987544064424507
45523,0.2884020600841225
45524,0.19302144240087366
45525,0.2180982233678932
45526,0.17706103457470357
45527,0.23419327930640463
45528,0.27695246896455644
45529,0.2003207817501968
45530,0.22695330369354164
45531,0.23402086479470696
45532,0.19472129937458832
45533,0.21500287550626576
45534,0.1808570165520745
45535,0.2145510628072843
45536,0.19255494867267114
45537,0.31065202141968945
45538,0.24278110901107766
45539,0.2340215489316412
45540,0.19882604627506104
45541,0.19628353705481477
45542,0.1727052038759624
45543,0.18516323489118094
45544,0.19097791255099783
45545,0.15146032935636386
45546,0.15653307857309293
45547,0.22930246123782638
45548,0.18733309096384138
45549,0.20286034697849764
45550,0.29221483083929073
45551,0.14670957341192764
45552,0.25547905128335346
45553,0.31967582885469764
45554,0.19584415366623958
45555,0.23027303854088643
45556,0.19165296990261904
45557,0.21952966602284518
45558,0.21335899758079438
45559,0.19344137119103155
45560,0.14442628268978785
45561,0.1628779105562834
45562,0.2528521433554163
45563,0.20069688064636804
45564,0.1753507082302299
45565,0.2783950961971561
45566,0.21996528971494084
45567,0.17454068398780234
45568,0.33169364185930195
45569,0.1999521963508894
45570,0.25337098328743807
45571,0.28346648383375345
45572,0.23211294032261875
45573,0.18293201544667936
45574,0.16272898943743525
45575,0.30027171692032817
45576,0.2775166327134197
45577,0.17791528782751023
45578,0.18002698437917497
45579,0.1623727923520477
45580,0.1929214537320598
45581,0.2518531999926829
45582,0.16039708680236817
45583,0.17164110774908742
45584,0.18454039779936476
45585,0.20641495556364906
45586,0.19986263302252033
45587,0.30571205146566066
45588,0.17789206251672798
45589,0.27178864390640056
45590,0.14782564284538346
45591,0.2199447854216734
45592,0.180279538380344
45593,0.26657461604220795
45594,0.19239444418722257
45595,0.24461938174171025
45596,0.27065138453822035
45597,0.1616159831663798
45598,0.216602867301959
45599,0.18310142790902117
45600,0.22697193390504433
45601,0.2018556958759573
45602,0.2696724306718116
45603,0.2916288862454327
45604,0.22880047096936246
45605,0.3131068041646681
45606,0.3084306483860719
45607,0.23464078706731292
45608,0.2797933031620575
45609,0.2573125712605595
45610,0.1659118233477804
45611,0.25625374510551735
45612,0.3070106750014821
45613,0.2247780670082062
45614,0.28642416521280495
45615,0.23719458128125243
45616,0.1961797666880104
45617,0.18452004237072128
45618,0.2995299079674288
45619,0.28825853488563546
45620,0.17847040271186143
45621,0.19563953109498994
45622,0.18822907239091333
45623,0.23857494892196904
45624,0.23710313796814717
45625,0.2493798397855545
45626,0.16588862012596856
45627,0.2320515400448555
45628,0.15044474356789497
45629,0.18398281334765254
45630,0.17452968329018786
45631,0.2827404783278607
45632,0.18522288680008592
45633,0.19076837908261107
45634,0.23116516411890725
45635,0.22769059184317894
45636,0.16617887915641272
45637,0.14501296288652069
45638,0.31891716363485506
45639,0.24185669889631323
45640,0.180661490235455
45641,0.19598679089176282
45642,0.16496776332541224
45643,0.21356624819676703
45644,0.2118844868586683
45645,0.18882082118898785
45646,0.18732266217389382
45647,0.3150471896918803
45648,0.17073829463399817
45649,0.27298825134354837
45650,0.1920319598257085
45651,0.17551620386844746
45652,0.1968654905439295
45653,0.2888968264825106
45654,0.19544118088131357
45655,0.196510936495715
45656,0.16939943209717495
45657,0.21069486951534228
45658,0.21761107384122716
45659,0.2974021411470592
45660,0.18437863143778038
45661,0.2780402604585663
45662,0.20808131840460922
45663,0.280208216071484
45664,0.20098894920341212
45665,0.25420105139442106
45666,0.2846185149327305
45667,0.23619145826659488
45668,0.34056644794374225
45669,0.2087945923091077
45670,0.18591098380864726
45671,0.2826319737526848
45672,0.18751545574240938
45673,0.2871944955724046
45674,0.1990248756370644
45675,0.323950487283053
45676,0.24038075464157493
45677,0.31042555532123284
45678,0.27614128003641975
45679,0.23190331229504146
45680,0.2777930973089261
45681,0.16924259185925083
45682,0.16983781063551182
45683,0.20670012957362643
45684,0.14700072384464266
45685,0.2175329980276736
45686,0.3439939779212973
45687,0.2861617580968966
45688,0.2361404672007421
45689,0.3401197101427049
45690,0.1708487920614965
45691,0.16753487943602466
45692,0.30261387432831216
45693,0.17578159347261857
45694,0.25428671090480537
45695,0.21155545222654126
45696,0.1210736788168268
45697,0.2782844447409254
45698,0.16487394973726896
45699,0.26314104137753824
45700,0.2453975774065847
45701,0.19650577835630018
45702,0.20898975644436027
45703,0.26715329229822027
45704,0.20375731907318187
45705,0.2027191567342296
45706,0.23099865450487964
45707,0.17224894921801323
45708,0.297292787041366
45709,0.17888205714665223
45710,0.23079778735886416
45711,0.20354575490590976
45712,0.15920777090987678
45713,0.2509109673785063
45714,0.2828560280634382
45715,0.2307227911953474
45716,0.250028815004318
45717,0.1944567466207564
45718,0.24604575107302845
45719,0.19873861717246175
45720,0.17189681984325897
45721,0.17866340694156796
45722,0.25579641576315915
45723,0.1962809741299139
45724,0.2018079947821451
45725,0.2377725381715588
45726,0.17206589925134272
45727,0.18287418748207604
45728,0.2472822105123157
45729,0.16533705213570538
45730,0.23780212924939645
45731,0.19479629838870022
45732,0.22706810154171278
45733,0.17982571820297316
45734,0.29032555637691276
45735,0.2701001111859667
45736,0.34540350179653656
45737,0.2691255629880803
45738,0.2099960314649221
45739,0.16968764774123607
45740,0.25941566744176336
45741,0.23253936807326808
45742,0.28438927527502406
45743,0.2096352593186307
45744,0.29046366017756675
45745,0.16812750228838927
45746,0.17957353660565048
45747,0.2476856629942316
45748,0.20186770500550974
45749,0.213657206852509
45750,0.17578905463285902
45751,0.17489361098225711
45752,0.27385748316619585
45753,0.2819650569357213
45754,0.1754108633725756
45755,0.29129789557685587
45756,0.19027077567828446
45757,0.26467303909206474
45758,0.25528157860466094
45759,0.2064286300414561
45760,0.1517639305686292
45761,0.20092290402108065
45762,0.1828078687216262
45763,0.2045847377988343
45764,0.19083030907670778
45765,0.25969953745928565
45766,0.29573702396424084
45767,0.17924210107854313
45768,0.2716364737236564
45769,0.2103508554497894
45770,0.16137853766567303
45771,0.1835525888268058
45772,0.21561790379255197
45773,0.19158559342078793
45774,0.2796947973111717
45775,0.1532509120323727
45776,0.19565197257035144
45777,0.34889933262014705
45778,0.22897495169271564
45779,0.17792266725248837
45780,0.27139368653274315
45781,0.1419152974500158
45782,0.25451878939077716
45783,0.14227056815665304
45784,0.19932155116293143
45785,0.20542139054476372
45786,0.1918914557958802
45787,0.18864337974853296
45788,0.23711758643512032
45789,0.16096752799698996
45790,0.1602272364149924
45791,0.30834468404519216
45792,0.1782142494612323
45793,0.16684936549875573
45794,0.15699174716500916
45795,0.20188062383828026
45796,0.1997723147060645
45797,0.21458446211056315
45798,0.16322771026569005
45799,0.2817252117487128
45800,0.3305755572444944
45801,0.18849491833049714
45802,0.19916309240681346
45803,0.18471002451586555
45804,0.211799250022755
45805,0.19524482264839813
45806,0.2739394526606062
45807,0.19180329412337993
45808,0.2524672863759782
45809,0.18827392832602238
45810,0.17502194273579197
45811,0.19297338096443606
45812,0.25281404690604176
45813,0.2594961237028902
45814,0.2866220921292592
45815,0.25144456867597975
45816,0.16235684439904285
45817,0.1845950776049524
45818,0.18151141364532578
45819,0.18142267777583906
45820,0.16560125072965964
45821,0.33465660888446846
45822,0.1926383409568444
45823,0.23398887913412802
45824,0.1910782178987299
45825,0.19049185938662375
45826,0.2782390148659437
45827,0.29747505659074314
45828,0.1892666937744024
45829,0.27980740281223615
45830,0.17907616788620995
45831,0.3060994426820289
45832,0.23872936300725686
45833,0.19715894771739528
45834,0.21461159749708775
45835,0.27114251407089457
45836,0.17878922069358474
45837,0.20056930851805482
45838,0.23398793190006104
45839,0.23327098039753733
45840,0.18315280117409333
45841,0.17879121086951963
45842,0.1926098082145164
45843,0.1909453281020753
45844,0.22184592872904407
45845,0.1677484801406188
45846,0.18556075298131053
45847,0.1722559346774337
45848,0.18636585636740122
45849,0.22503740111876114
45850,0.20437863986373514
45851,0.26494878644599473
45852,0.2825803953841658
45853,0.23278586307097754
45854,0.1854351310967207
45855,0.21815154127251973
45856,0.25385011524830653
45857,0.25427677717813507
45858,0.181820759033291
45859,0.17261002224038183
45860,0.2066330811746135
45861,0.27375287982561786
45862,0.32863503690529955
45863,0.17254630579895744
45864,0.2075622381407226
45865,0.19667466199528594
45866,0.22218128606771262
45867,0.1544085998877024
45868,0.30767220345803725
45869,0.20785515079211286
45870,0.2939327225237344
45871,0.20510886530191416
45872,0.23418130572394502
45873,0.18629859048732986
45874,0.2383669678005494
45875,0.17789881977642913
45876,0.21299958025981838
45877,0.31513817218028495
45878,0.30071074701184325
45879,0.3000187555325749
45880,0.2650157153825756
45881,0.2498543058620568
45882,0.16709350591257047
45883,0.1431038398743212
45884,0.29633448719910843
45885,0.1762238601384521
45886,0.23920327698164168
45887,0.16845921394894575
45888,0.2378466713452621
45889,0.2458144555940891
45890,0.28951515671133715
45891,0.17433971304742674
45892,0.195413520391046
45893,0.25002535641341883
45894,0.19344963749587268
45895,0.3150459159441081
45896,0.253278416678685
45897,0.1654934549941289
45898,0.2704750131215931
45899,0.18914994398181798
45900,0.3132465896925478
45901,0.29134963250060353
45902,0.1779501999367303
45903,0.14383932328810597
45904,0.32007221510316725
45905,0.17450070987966573
45906,0.16925857118300766
45907,0.22914902759579747
45908,0.2775799931374969
45909,0.21474828706091645
45910,0.24174956260062946
45911,0.18970511407958338
45912,0.2565853107132213
45913,0.2588321534276678
45914,0.21355602904212698
45915,0.159306418426425
45916,0.16674107239620928
45917,0.21731285042194465
45918,0.23039454973330536
45919,0.14154534552213277
45920,0.1860433156575823
45921,0.24756525185615083
45922,0.18895343982594492
45923,0.18615793121844926
45924,0.2327975828836091
45925,0.18679367140006564
45926,0.19676513528946601
45927,0.18130689951292017
45928,0.22189980220903605
45929,0.2894196856834612
45930,0.2532893949171442
45931,0.24371705292683424
45932,0.17865571623305823
45933,0.3873187433748212
45934,0.2224461975118718
45935,0.24221745723673746
45936,0.18625629026293233
45937,0.2449983621482826
45938,0.2627089782485619
45939,0.2749995654017404
45940,0.2711590411825176
45941,0.23458995964780427
45942,0.29022447069229146
45943,0.2458112236099702
45944,0.17756896722159157
45945,0.16608531470213975
45946,0.2424617400217491
45947,0.28876423422330477
45948,0.18286856528596307
45949,0.18030045025621122
45950,0.17399672477154837
45951,0.19047282164952656
45952,0.19295116411662813
45953,0.2692427454094919
45954,0.26181607621518793
45955,0.23594599968623883
45956,0.18100038059802095
45957,0.19537815024411218
45958,0.19748731985329418
45959,0.267007137991004
45960,0.24635428514781574
45961,0.22986590980777133
45962,0.1500692938786307
45963,0.2678041157025239
45964,0.18635287330246814
45965,0.19346809193233347
45966,0.1869397152213395
45967,0.29327187697944307
45968,0.16654078223835533
45969,0.19132940658615
45970,0.19034228614710913
45971,0.18100760247087366
45972,0.29447230921122497
45973,0.209391532185004
45974,0.27840776070902623
45975,0.2166041636853657
45976,0.26789618874376353
45977,0.18559961074654596
45978,0.17955913947044372
45979,0.20287566254268227
45980,0.1624837825733957
45981,0.1950623863239176
45982,0.16711988434979955
45983,0.33893353200565135
45984,0.2988527308881704
45985,0.2520574692733149
45986,0.3487496727652615
45987,0.2737790270237089
45988,0.17739146068415124
45989,0.27447828538394253
45990,0.1568992043049981
45991,0.26407717243899914
45992,0.2926750853578458
45993,0.31954943837777905
45994,0.16468256382016067
45995,0.26134479361470725
45996,0.25237912194141043
45997,0.21144369687020675
45998,0.16058973378757496
45999,0.2951897982022537
46000,0.15565696749903649
46001,0.1845708090926843
46002,0.16366167480285956
46003,0.3530548581432286
46004,0.2644654328212337
46005,0.20498625549301372
46006,0.1599648701503956
46007,0.19455929408096867
46008,0.19374149387032577
46009,0.18174614232576478
46010,0.1600646604156674
46011,0.24552949454432405
46012,0.28500666048335205
46013,0.26098021899944185
46014,0.18415436771683028
46015,0.18347384988208873
46016,0.27413618910539017
46017,0.1823445944711584
46018,0.24508791214520328
46019,0.2533684241773363
46020,0.17881711941405193
46021,0.169026857327278
46022,0.1887793174381285
46023,0.18166960862152132
46024,0.18285255138051631
46025,0.18879110262117568
46026,0.293455527428934
46027,0.16570514838860986
46028,0.2077198038093709
46029,0.273550930119404
46030,0.184900085620441
46031,0.2287927177684803
46032,0.22586023504829028
46033,0.19213220241760476
46034,0.26756634845892446
46035,0.1843702160749311
46036,0.19458848096131443
46037,0.27860096086665487
46038,0.20644446356821522
46039,0.21415541986813572
46040,0.184903905821351
46041,0.2566272842488526
46042,0.1886717921990822
46043,0.2008035619439521
46044,0.2527996975317339
46045,0.22387196256667316
46046,0.16078681046568088
46047,0.3130078955321306
46048,0.19206904762212487
46049,0.19094815806353302
46050,0.2610704538651374
46051,0.2425147299934762
46052,0.17441279623622183
46053,0.27736486493993845
46054,0.21462114556163303
46055,0.1695696994528594
46056,0.1740103680679827
46057,0.14846933329241982
46058,0.21291474825360457
46059,0.1893020126606952
46060,0.28247204896462785
46061,0.20601495809725473
46062,0.16508725542300756
46063,0.19764534310828819
46064,0.2370712055196914
46065,0.2236539214131226
46066,0.23531166805308384
46067,0.15666145680315452
46068,0.1889832834224006
46069,0.21604911293797857
46070,0.2893767847042359
46071,0.17191386844488446
46072,0.17429236540964227
46073,0.19375293420606735
46074,0.2474868484543155
46075,0.18146606246997773
46076,0.18893207791624866
46077,0.17448922996341007
46078,0.2337948916312399
46079,0.18989529468459046
46080,0.27789089539468137
46081,0.1717569925425223
46082,0.31796678736307366
46083,0.18668607854955094
46084,0.23780637573112035
46085,0.15150776432572624
46086,0.21012195096909558
46087,0.175993410469516
46088,0.15586905904407133
46089,0.25332443149906536
46090,0.2743536507890511
46091,0.31364410525749853
46092,0.18421514724487942
46093,0.20975198561343628
46094,0.20744670512380356
46095,0.28153168495781444
46096,0.23489739348614497
46097,0.1731486836251442
46098,0.3056133047620161
46099,0.18020084132637565
46100,0.1796361503124843
46101,0.18837946066367578
46102,0.25248478045231515
46103,0.25735324069120014
46104,0.22301241255947624
46105,0.18092139426985362
46106,0.26201245070484386
46107,0.2543103158268228
46108,0.23542218935553655
46109,0.17936792967018372
46110,0.24576808336101968
46111,0.2092421523928958
46112,0.16905921167910237
46113,0.19114318771461902
46114,0.1715158584605518
46115,0.14445654006138858
46116,0.16471773336079726
46117,0.30338359963290984
46118,0.33190531907159515
46119,0.27579427087456143
46120,0.29168220866245537
46121,0.2305675408664881
46122,0.18920042638781837
46123,0.2216431557088458
46124,0.218125882856343
46125,0.21030280061396167
46126,0.23889495210641612
46127,0.2677909221738222
46128,0.21902998612031865
46129,0.14964868274406856
46130,0.271932427495673
46131,0.21719614521562253
46132,0.1637392874826282
46133,0.2226946175176177
46134,0.2116139126938247
46135,0.3034405811590853
46136,0.29610190278931364
46137,0.197155782776582
46138,0.22711863838856494
46139,0.27111605361540003
46140,0.21808648666035754
46141,0.21945138327660219
46142,0.149056568190331
46143,0.1845321126940804
46144,0.19226423931705688
46145,0.255801825171367
46146,0.21974813570417975
46147,0.2493948756872432
46148,0.22656411139002
46149,0.2737427557648004
46150,0.23408279025451517
46151,0.2858950664536173
46152,0.24928095491555888
46153,0.2014674465715482
46154,0.1996155318147858
46155,0.2869346853384649
46156,0.2733587790037214
46157,0.1884067735891367
46158,0.24136130382306842
46159,0.21051883558884638
46160,0.15317509392573975
46161,0.1575747452190507
46162,0.24167631142616502
46163,0.2662368991291157
46164,0.17666884352980552
46165,0.18312676105343875
46166,0.18361831343729443
46167,0.2735206375609032
46168,0.144151402719573
46169,0.33370082452841227
46170,0.2574216025814797
46171,0.22816336366746628
46172,0.19392341166139007
46173,0.2416788073117711
46174,0.20232345059300055
46175,0.23164989077005213
46176,0.1735147310830654
46177,0.2843566308456306
46178,0.2904108637565799
46179,0.19802942423127423
46180,0.16763821869168788
46181,0.15537474948455393
46182,0.21541718400529095
46183,0.2650989869522766
46184,0.21526842003989194
46185,0.1921327938426648
46186,0.27232935537555447
46187,0.290522339520416
46188,0.24478216118506918
46189,0.20151983052346292
46190,0.19522634539155476
46191,0.2503832537737117
46192,0.296091846816504
46193,0.2664670358470027
46194,0.19465855264296864
46195,0.25428587932632885
46196,0.18387583647255704
46197,0.19384563514324213
46198,0.2120553874689487
46199,0.2842380830300335
46200,0.2608266836214426
46201,0.23371262436746396
46202,0.20524856046530765
46203,0.23363078947549593
46204,0.33563921138146996
46205,0.16706414314684084
46206,0.20418833462021638
46207,0.298449602458115
46208,0.28443439428102385
46209,0.28791687213986344
46210,0.1569634528028806
46211,0.17040342542896383
46212,0.1725869551567985
46213,0.29543971471723973
46214,0.26219092307583913
46215,0.1498849415273283
46216,0.21521934140293802
46217,0.19665339336755022
46218,0.18859265582083037
46219,0.19403334102506142
46220,0.27861858193728145
46221,0.2358333375492839
46222,0.24203721395035094
46223,0.225564530578768
46224,0.1985120504035676
46225,0.18254822976218546
46226,0.24235733574260515
46227,0.2006110732989407
46228,0.17561737525297144
46229,0.23767378453454477
46230,0.29079457487977406
46231,0.21892862370678706
46232,0.25967104502269456
46233,0.20573668763102884
46234,0.18329472661185026
46235,0.2773177546281326
46236,0.18971474629055993
46237,0.17272227446528673
46238,0.23511019708585246
46239,0.15237004604547932
46240,0.25985054120915774
46241,0.28663028106025146
46242,0.17636277272415637
46243,0.18210514846480647
46244,0.18763055578525678
46245,0.13964396892253603
46246,0.30486636550680707
46247,0.23371240970813378
46248,0.16732861019311296
46249,0.19041523688591108
46250,0.17154922751455395
46251,0.19078527634001963
46252,0.19157375908696053
46253,0.18251052379204802
46254,0.17357582201706162
46255,0.2979438506885067
46256,0.19186180050213852
46257,0.24925830214812086
46258,0.19049622200136881
46259,0.20053566201405496
46260,0.15912329091089977
46261,0.28792837852545433
46262,0.2687891144562413
46263,0.24176409112317238
46264,0.29256791355114625
46265,0.21829180133721746
46266,0.14972395777577463
46267,0.1826489320591231
46268,0.21124457439749608
46269,0.2721740901579143
46270,0.2644825388301516
46271,0.19818756989521827
46272,0.2560106309965376
46273,0.19633160030112168
46274,0.22889158210494984
46275,0.19212309062107646
46276,0.17765448131074457
46277,0.19632318706736968
46278,0.18981694381412503
46279,0.1978829033318188
46280,0.30829675347490226
46281,0.16853129336796374
46282,0.1976445566164166
46283,0.2747964450564785
46284,0.18730560821035053
46285,0.232774457843239
46286,0.18939669114536783
46287,0.2569855214492588
46288,0.16917420792783658
46289,0.2139014805585082
46290,0.30816972332288606
46291,0.16205036454927677
46292,0.1901197178902646
46293,0.2747068060775988
46294,0.2589413368999012
46295,0.2580119711504995
46296,0.28553589550046715
46297,0.19509899655813512
46298,0.33558853923655724
46299,0.3315410864445124
46300,0.1970636864582539
46301,0.21379116429502948
46302,0.2981405596804838
46303,0.23613770806549397
46304,0.17031201283325947
46305,0.13997734750183272
46306,0.17172515629452983
46307,0.22959809490931835
46308,0.2704094125384779
46309,0.2928663868057477
46310,0.1901037520290887
46311,0.17345227359021664
46312,0.19558023831955434
46313,0.21343532530365877
46314,0.2125590916644519
46315,0.16276966267040907
46316,0.28619369581429555
46317,0.205267400334646
46318,0.19535854494451624
46319,0.19634034791807128
46320,0.2962318764661526
46321,0.2435399853800042
46322,0.23529319897069442
46323,0.30847531728394345
46324,0.25751247074814454
46325,0.35684099298197075
46326,0.22979600087364424
46327,0.23648720211966345
46328,0.24980615230576864
46329,0.2356833651301952
46330,0.19443199245784182
46331,0.247014998660872
46332,0.3310840405615588
46333,0.28934832461810694
46334,0.12872750229399457
46335,0.32716181076969425
46336,0.23447753487492054
46337,0.17072783057032237
46338,0.2622085499624185
46339,0.15759521329201887
46340,0.2606105666891812
46341,0.24637118596957402
46342,0.19390657595363908
46343,0.24930948311885362
46344,0.23654209765133288
46345,0.22339492821045237
46346,0.21714908139222136
46347,0.15286934642218597
46348,0.18983545453880737
46349,0.17830146202763475
46350,0.31742992091684014
46351,0.17948315248114782
46352,0.23680380976703197
46353,0.183120384759234
46354,0.2674429902551382
46355,0.21693237833755932
46356,0.2551977155363643
46357,0.20626197268903418
46358,0.1779807196279641
46359,0.176651717293671
46360,0.23942919160828668
46361,0.19438203064635445
46362,0.20105635168974006
46363,0.24537047915304416
46364,0.1945492956106735
46365,0.2894354761007422
46366,0.17422473289698975
46367,0.1633515883690752
46368,0.22011111739739367
46369,0.1876472718457831
46370,0.19272539759454407
46371,0.2261475479749125
46372,0.2398182251518068
46373,0.22204804214527407
46374,0.3046664668651771
46375,0.22849424311707367
46376,0.20232621422195593
46377,0.2016429860025298
46378,0.35335992049231796
46379,0.182365458237661
46380,0.16088832823813096
46381,0.18646012126453818
46382,0.1721997485734393
46383,0.23747949307037117
46384,0.2933206652342204
46385,0.17903764017713697
46386,0.1705331575314729
46387,0.1758175974481885
46388,0.18302080959014305
46389,0.1487863807777113
46390,0.22526175745447283
46391,0.15746155097734527
46392,0.23293605658225613
46393,0.30251155405135927
46394,0.17897899679254597
46395,0.164197075720381
46396,0.2140729477913712
46397,0.2544056353291983
46398,0.32199719319714165
46399,0.2205052531327521
46400,0.21985402639092363
46401,0.2067062754089912
46402,0.17650221362539914
46403,0.2971424669961328
46404,0.2189850753122877
46405,0.17822025021336607
46406,0.23429810390451014
46407,0.20467251431931
46408,0.19735078445138124
46409,0.17811272580365817
46410,0.2629776171431846
46411,0.2066630642635977
46412,0.2662910337129287
46413,0.18908749371877845
46414,0.29696653235552783
46415,0.24350963608404158
46416,0.20739294023472382
46417,0.2685432248469738
46418,0.2782144202141843
46419,0.26038196127479085
46420,0.17612778997003242
46421,0.16380357448242375
46422,0.2594675548681866
46423,0.17454819457352838
46424,0.20847574373941163
46425,0.18775153898922425
46426,0.16696438682516265
46427,0.15269489914792544
46428,0.26158908783221047
46429,0.21147836549147525
46430,0.16338032332442165
46431,0.21004623296642394
46432,0.29102384673409487
46433,0.23152169201868933
46434,0.20949754794889652
46435,0.23349282409572714
46436,0.1762837813477253
46437,0.166440777535864
46438,0.20380081006685213
46439,0.16691271824277545
46440,0.1909725484016314
46441,0.29329261770458287
46442,0.1818667302440762
46443,0.14119047651245456
46444,0.23168184328639224
46445,0.20401019948209018
46446,0.19704751138612572
46447,0.18978726486467015
46448,0.23762678321620317
46449,0.3134989537664478
46450,0.20333791229845755
46451,0.2073023156921442
46452,0.2046012099904226
46453,0.1814573959032877
46454,0.18652259135011143
46455,0.29313577380773614
46456,0.18778262754709843
46457,0.22800955276321674
46458,0.30640057627703987
46459,0.1764220229523458
46460,0.3686977221376806
46461,0.17701511844264117
46462,0.1731132226309015
46463,0.23911382389522626
46464,0.22416729567641844
46465,0.21130665816911973
46466,0.17675966290958567
46467,0.24727383884766893
46468,0.2906649221821933
46469,0.25544215479942584
46470,0.19428575213470312
46471,0.20926968211770117
46472,0.2553876530907497
46473,0.2164379716521214
46474,0.19276492096737155
46475,0.18721480906289514
46476,0.19735633649642226
46477,0.2894248353209505
46478,0.18772964375758266
46479,0.19892607231223738
46480,0.1858422451460997
46481,0.29800743551191805
46482,0.2103677542498859
46483,0.19743340347438174
46484,0.20592092657649283
46485,0.22994950259253397
46486,0.29306867600464204
46487,0.18245308887395725
46488,0.28701531359722615
46489,0.1984740350112577
46490,0.1507560028585695
46491,0.23475125982529835
46492,0.1776680073777959
46493,0.17664857744024093
46494,0.21214507438153543
46495,0.2285043886834598
46496,0.17834080224038168
46497,0.2347458384054071
46498,0.16028986889291022
46499,0.1975191837667762
46500,0.23259206553721368
46501,0.16637447153723264
46502,0.27982786136383453
46503,0.22912337859937812
46504,0.1652940553736131
46505,0.2191683601674547
46506,0.20659931816352095
46507,0.19433124873709512
46508,0.15979432692001727
46509,0.2902775914059553
46510,0.16569615846236105
46511,0.21075094312920462
46512,0.18664289174211068
46513,0.22119951792894418
46514,0.25602107797937185
46515,0.3072469598926495
46516,0.2588432067116677
46517,0.174696571265029
46518,0.17967654411870687
46519,0.25503644080780385
46520,0.16481295062525575
46521,0.18986342889469562
46522,0.23507584699770623
46523,0.18381934700352026
46524,0.2926685061866287
46525,0.2168788255148444
46526,0.2521066544384251
46527,0.19154026985525296
46528,0.19716582242641978
46529,0.20889798687922068
46530,0.18546783990585505
46531,0.3320505527671513
46532,0.24534355574273875
46533,0.27725071011105434
46534,0.19711256543315206
46535,0.16202288656018532
46536,0.19149268943672457
46537,0.17164082829883184
46538,0.18162123915272738
46539,0.20243353177577647
46540,0.2250221519182934
46541,0.21650974725241048
46542,0.18710652341856168
46543,0.3372804146996864
46544,0.2836315494302675
46545,0.292994216486984
46546,0.18790473503954913
46547,0.29788620662039955
46548,0.20857332294125114
46549,0.27007581150475235
46550,0.1854898632279496
46551,0.19588555091625706
46552,0.30695548353299373
46553,0.2010512652229823
46554,0.159418997802642
46555,0.18649162087283622
46556,0.21887951648266946
46557,0.2519786608304365
46558,0.17951894048831696
46559,0.171564084737647
46560,0.3059072510328797
46561,0.22582552181655338
46562,0.1452671040624044
46563,0.1758492706743944
46564,0.1998446517086598
46565,0.2511476387868039
46566,0.22088054651156208
46567,0.2981421939784779
46568,0.23835690183127614
46569,0.19974009778912888
46570,0.2528703485931106
46571,0.20131365685350933
46572,0.1911240940770581
46573,0.22862584607645345
46574,0.3026243153189407
46575,0.18706319340346428
46576,0.32708463798606224
46577,0.15772095214568435
46578,0.16574278728047834
46579,0.19730026982269727
46580,0.28423389115429704
46581,0.2046682213182624
46582,0.25957107399509183
46583,0.16345318845134194
46584,0.172776968262317
46585,0.2518298572076785
46586,0.20264942056260846
46587,0.17536716305020406
46588,0.2014864178837585
46589,0.22062169336801873
46590,0.24404815804269667
46591,0.23816389483937062
46592,0.15971943552916518
46593,0.36509307413495556
46594,0.17115080445239367
46595,0.24487818010306533
46596,0.15200095952446138
46597,0.2516635781931229
46598,0.17704451788100173
46599,0.28714112023922544
46600,0.23239103834608585
46601,0.19349344232968405
46602,0.2069860907139937
46603,0.14253316263108248
46604,0.2268928434432169
46605,0.34129577847863213
46606,0.28552960246208664
46607,0.19072116171945247
46608,0.25551165614091337
46609,0.1853579579145709
46610,0.22858131390956637
46611,0.185939017848822
46612,0.17005782696587501
46613,0.1766508001186981
46614,0.19748186272669574
46615,0.17873810513154675
46616,0.2537377512589496
46617,0.15427739544700989
46618,0.2954773490261159
46619,0.3096473407916496
46620,0.20549476650629697
46621,0.18682651754116528
46622,0.22762159400689325
46623,0.18089428569358953
46624,0.18361714462559056
46625,0.2957589397209927
46626,0.17397026352559203
46627,0.24448319181349412
46628,0.17467044280786614
46629,0.2380547100870611
46630,0.24611735128130394
46631,0.25737424776574863
46632,0.23943835886655826
46633,0.1999713731695261
46634,0.17466996008509686
46635,0.15452809009481192
46636,0.18366635798144212
46637,0.18480032630182147
46638,0.261148823836597
46639,0.17840799469547078
46640,0.25165671902161224
46641,0.22921139330546672
46642,0.24409609764555487
46643,0.20021803198713203
46644,0.30253230555528027
46645,0.2597924662361876
46646,0.16436978133164326
46647,0.1638777696333332
46648,0.2007885098872658
46649,0.14604867217815948
46650,0.2669461564240272
46651,0.27752578126439964
46652,0.2638327253316623
46653,0.20342437926866977
46654,0.19132507236387244
46655,0.3293620781982648
46656,0.2658737606540178
46657,0.2960768691764675
46658,0.1720000958812673
46659,0.24701108460634688
46660,0.27952881625614034
46661,0.18852624078452357
46662,0.210434146145812
46663,0.19268417169775848
46664,0.3003815689784344
46665,0.28541012931544196
46666,0.21365847382887013
46667,0.21450683167813037
46668,0.26508483831594876
46669,0.19915039359919492
46670,0.2972507830455416
46671,0.1511158677842649
46672,0.28829248157334
46673,0.2627198290270677
46674,0.18347079140000871
46675,0.23003046816327738
46676,0.19624666798450266
46677,0.21056985340010714
46678,0.24740990492927442
46679,0.2801370973956615
46680,0.1913539476345793
46681,0.1760352389206972
46682,0.23037211845652503
46683,0.28618080619282343
46684,0.21510144426947908
46685,0.18566533864432805
46686,0.19268066311720958
46687,0.27727435385979776
46688,0.14700398341089346
46689,0.19453011003412715
46690,0.17666621865473758
46691,0.16424255240577168
46692,0.19888827858593924
46693,0.28193718599238726
46694,0.22051374584787914
46695,0.2416711865867691
46696,0.19465236537288533
46697,0.17877409601927513
46698,0.23434900307449844
46699,0.15171377448076606
46700,0.15932174294102325
46701,0.24821637145263606
46702,0.15007330252616663
46703,0.2158481246010957
46704,0.23011579410031668
46705,0.22830350114820175
46706,0.19614408524741794
46707,0.19458620686803002
46708,0.17086682141488893
46709,0.17693221113561416
46710,0.2516549810968618
46711,0.16714023847963172
46712,0.20783490650500305
46713,0.21460736486708065
46714,0.18566680673770164
46715,0.17576315961663488
46716,0.20939911190073437
46717,0.18421876186433997
46718,0.17114778126269192
46719,0.17917801242801332
46720,0.25348986803721885
46721,0.2809110734658319
46722,0.2512191146546544
46723,0.2293069604348066
46724,0.20932539758783456
46725,0.20469422648433308
46726,0.24845441423361783
46727,0.1594280726833918
46728,0.17391209770677046
46729,0.2590932997507435
46730,0.2977212683627861
46731,0.1405497958298615
46732,0.27240045599321067
46733,0.18868207969907402
46734,0.2641079342350166
46735,0.19435275906055394
46736,0.21398561297639623
46737,0.23839675322671489
46738,0.16081007644488493
46739,0.20597419205999676
46740,0.23763021328349276
46741,0.22545954493448167
46742,0.20893496464071704
46743,0.20577339555902216
46744,0.14998378806701596
46745,0.27013171208586245
46746,0.17137128763936973
46747,0.16806352774206426
46748,0.19091985606476783
46749,0.17668587927873658
46750,0.1730477520346412
46751,0.2034480523825719
46752,0.19323500471690672
46753,0.25196976665341186
46754,0.24180380502616639
46755,0.2972863805966029
46756,0.18427808808963633
46757,0.16421056921057936
46758,0.17047529234817715
46759,0.22442694568888719
46760,0.26282315709234555
46761,0.2923789428158242
46762,0.2428401998818073
46763,0.17721119988970155
46764,0.2499627041366927
46765,0.2873342847516647
46766,0.25050875772558445
46767,0.2568598118290735
46768,0.23100021081149058
46769,0.2763997451854697
46770,0.19196826713640833
46771,0.24993755185540453
46772,0.3224263589387965
46773,0.2315128457915324
46774,0.2617297173923872
46775,0.2635591933519332
46776,0.1946550030486674
46777,0.1768527066378225
46778,0.19853846537954356
46779,0.2843372242788416
46780,0.24142253596472799
46781,0.20581111782648442
46782,0.1831093162836802
46783,0.2455531135158914
46784,0.20228402494641454
46785,0.24692931599556506
46786,0.2160666965372581
46787,0.20178791153402187
46788,0.27761624191770345
46789,0.21650686842056902
46790,0.22058488508164087
46791,0.21881734081518714
46792,0.27581016603271596
46793,0.23043813050560918
46794,0.23758071036109546
46795,0.1696324325502032
46796,0.2262643903289215
46797,0.17825029993702568
46798,0.1328583590713643
46799,0.15643781230565268
46800,0.2581618454831352
46801,0.1876155939901639
46802,0.1779977212125896
46803,0.18067848571605707
46804,0.22054124761719518
46805,0.2054029905147348
46806,0.2541427377665368
46807,0.21810100485625064
46808,0.17115595153046878
46809,0.2642673793274832
46810,0.25962937232347916
46811,0.20078520418937654
46812,0.20845540047330066
46813,0.21485767136807998
46814,0.1681759256977183
46815,0.19445471468336392
46816,0.26241428620133633
46817,0.24560265611688062
46818,0.18754465298014528
46819,0.15784441730833737
46820,0.22589051908455227
46821,0.22045931412375175
46822,0.27215295804194556
46823,0.2785733010263593
46824,0.18100860051709103
46825,0.22910069874025005
46826,0.2615792038433559
46827,0.2163097463562892
46828,0.22821134328909817
46829,0.3057276464080693
46830,0.21215997623594096
46831,0.3021286347978115
46832,0.2844247803565334
46833,0.18077987997793354
46834,0.16592324039546025
46835,0.18741430103339698
46836,0.2234031362128971
46837,0.17094402659421362
46838,0.2944629849517671
46839,0.17271004883905616
46840,0.20465209986370428
46841,0.186409863700517
46842,0.2104169540634946
46843,0.30715036344147234
46844,0.16517170968038633
46845,0.17560727173469995
46846,0.18681682525261617
46847,0.17464825609579543
46848,0.15640512710749632
46849,0.1377819135030432
46850,0.25895173349218914
46851,0.17953366275069282
46852,0.25590255710644016
46853,0.30816299035218253
46854,0.19298914981578022
46855,0.18061809774629975
46856,0.1688775122495472
46857,0.20167129328196023
46858,0.17644910038616268
46859,0.2680546975180614
46860,0.28210556164973977
46861,0.1980530369024886
46862,0.18885856104215634
46863,0.19376782247675725
46864,0.2909607450663724
46865,0.276667316494948
46866,0.1964844179921108
46867,0.15325051699065034
46868,0.2734439532688731
46869,0.1559043234283346
46870,0.31729181908777043
46871,0.19930310471137144
46872,0.30907141681609657
46873,0.2931455494953778
46874,0.18278615941895138
46875,0.21038468492281698
46876,0.18621972663954878
46877,0.22627646658911002
46878,0.20266098914664718
46879,0.23510801302900133
46880,0.20708286507991752
46881,0.30289688016494754
46882,0.2783132074347498
46883,0.28373406445217597
46884,0.25243127218323325
46885,0.23347060397597524
46886,0.24838747077287
46887,0.18028333418047776
46888,0.22659776944639273
46889,0.289163149928311
46890,0.33134945261351656
46891,0.23457419616849126
46892,0.17378621283391826
46893,0.16869979210167674
46894,0.18949252355188803
46895,0.27707682234491116
46896,0.22148769239644014
46897,0.19042392916604356
46898,0.19365443339622762
46899,0.25679406278218225
46900,0.20994617445075456
46901,0.2503663037900346
46902,0.2731727572284803
46903,0.2264880624519194
46904,0.25700654901635944
46905,0.2239647341966768
46906,0.2198648711435859
46907,0.19560996235404218
46908,0.33188699126461324
46909,0.17613958074104302
46910,0.31992103687568624
46911,0.1775849486521274
46912,0.24753609969283874
46913,0.18564671695950558
46914,0.21283284570936162
46915,0.214760235568295
46916,0.24506604760638168
46917,0.28320102743929665
46918,0.24064460553824543
46919,0.26280691382908544
46920,0.21282620144774234
46921,0.18109685378530835
46922,0.19557862988132033
46923,0.2211203510578587
46924,0.1746520020784036
46925,0.1430748488216603
46926,0.2362446306744582
46927,0.1957699213708127
46928,0.2738304577381311
46929,0.22040234950277385
46930,0.3149735502037244
46931,0.2286799643608321
46932,0.23772947571184475
46933,0.1523866090154758
46934,0.19950763310342673
46935,0.19326164944837967
46936,0.26087741261693653
46937,0.3105543705526845
46938,0.27672683400033793
46939,0.17207522200746728
46940,0.2318937817033836
46941,0.18867973907929617
46942,0.18143636324603102
46943,0.16280788389535444
46944,0.17183146300294078
46945,0.17977294068996574
46946,0.20240413214441688
46947,0.2060220012625344
46948,0.2634572189906104
46949,0.1987406901111332
46950,0.3096249898251114
46951,0.1808637363239385
46952,0.2826978647264907
46953,0.22549754339398587
46954,0.19402535731913786
46955,0.2424395353987323
46956,0.2202355114140623
46957,0.17087158979123646
46958,0.22531272911958117
46959,0.23396084942441184
46960,0.18765374982804692
46961,0.151435783191359
46962,0.22815213692313926
46963,0.1693363732822778
46964,0.1685203207387934
46965,0.1863475928521383
46966,0.23485224343952485
46967,0.22795001668498352
46968,0.25028532618466803
46969,0.25435600153989635
46970,0.2874698365710983
46971,0.21879281754468802
46972,0.2514123507852744
46973,0.18341468363742944
46974,0.19957645579016262
46975,0.32121905482356206
46976,0.25876463259124843
46977,0.3094471982305083
46978,0.18624203852094434
46979,0.2221952405958507
46980,0.27208858743616543
46981,0.13284283454416612
46982,0.2627746372926723
46983,0.2700373831590105
46984,0.3104667580322581
46985,0.24336465483432881
46986,0.19103506712666735
46987,0.2615618193914202
46988,0.13744511919076813
46989,0.28573572358972504
46990,0.3340028478502578
46991,0.20844739193552986
46992,0.20186373081312653
46993,0.2744516830933509
46994,0.19825983268288316
46995,0.2390044158519703
46996,0.30669883138032594
46997,0.19184966186267327
46998,0.14459106695814683
46999,0.174012502433978
47000,0.30382965046764865
47001,0.19215592578885282
47002,0.2278042023944839
47003,0.2149959029492247
47004,0.29974695651104716
47005,0.1820019481144357
47006,0.30824357766618055
47007,0.24521310005821173
47008,0.18810466635374262
47009,0.26108415244621325
47010,0.28089412013813286
47011,0.18164442901354863
47012,0.17156363514043899
47013,0.25274066020910374
47014,0.2729256394698847
47015,0.230715116608341
47016,0.23285775595370217
47017,0.20510844827888378
47018,0.19331014836974825
47019,0.22574616663926833
47020,0.27956335507784486
47021,0.18524528917506525
47022,0.265026759708581
47023,0.2444508677856407
47024,0.19918381440790484
47025,0.19755962966330748
47026,0.24745524089155677
47027,0.3834322231536633
47028,0.26982982181122533
47029,0.16998443352061635
47030,0.19469417410703055
47031,0.2073911346756684
47032,0.1712004739645577
47033,0.18436811852034787
47034,0.32703329736018893
47035,0.23314289776045719
47036,0.3129724882986762
47037,0.2430906966611429
47038,0.19746093862603759
47039,0.21105798693620076
47040,0.26111491615214516
47041,0.17756004350720972
47042,0.26248960969721263
47043,0.18299258172636923
47044,0.20572994386596652
47045,0.23292329819154728
47046,0.2994301454858955
47047,0.3003630036449226
47048,0.23260413206494396
47049,0.21107801180367208
47050,0.32001984616095086
47051,0.15176012823821533
47052,0.16640533994437096
47053,0.2816193407312308
47054,0.28051003487975307
47055,0.19395824904649475
47056,0.15830341822051108
47057,0.22481645257281635
47058,0.18472332237811304
47059,0.1906735324746092
47060,0.2688214751743912
47061,0.21342303637089585
47062,0.27560597933767694
47063,0.1843109270133211
47064,0.22408963669749293
47065,0.17745011965404003
47066,0.15755701692825308
47067,0.17898141267514908
47068,0.22573206081625272
47069,0.26958864562984663
47070,0.1976089056547893
47071,0.3133345199155977
47072,0.17831526851476398
47073,0.16211996220851824
47074,0.31211144584069683
47075,0.27814242302064246
47076,0.2049522253470424
47077,0.29760702926803595
47078,0.20804339039021186
47079,0.2861494134134755
47080,0.27488123989015073
47081,0.16005488158903444
47082,0.20953582807392407
47083,0.27369083899412233
47084,0.27251815628857723
47085,0.1545020316989255
47086,0.1721347322679937
47087,0.2092981601762983
47088,0.17162779189111949
47089,0.21255842534942557
47090,0.2300449305011561
47091,0.19625773775386862
47092,0.22661266068726804
47093,0.17202189015076289
47094,0.23687841004385882
47095,0.24937840864326904
47096,0.17823422808613335
47097,0.24142594463354017
47098,0.19155950673433245
47099,0.20358836459454305
47100,0.1965245346001458
47101,0.1654147818782844
47102,0.16892729102409743
47103,0.26618048109436027
47104,0.18620570419948318
47105,0.18351685591933997
47106,0.30211137301779795
47107,0.24805028019195974
47108,0.23783534857650845
47109,0.2227504605330271
47110,0.20486655625785435
47111,0.2396389820389366
47112,0.28117404107403343
47113,0.1586738477858681
47114,0.19863581449493187
47115,0.25782469078468173
47116,0.17279044610736283
47117,0.25323194987557
47118,0.18631327481883303
47119,0.26530996050277167
47120,0.18516443670845606
47121,0.15662107227037905
47122,0.181828052817406
47123,0.25097090914854525
47124,0.20072161422337312
47125,0.2249776966952786
47126,0.18662476946656623
47127,0.23173071996562128
47128,0.18926446813191863
47129,0.25492739315179236
47130,0.3401994041603374
47131,0.19489567755362086
47132,0.16727685852687535
47133,0.24815213792394608
47134,0.19895495738267743
47135,0.22582272837480674
47136,0.2647875447270507
47137,0.17143986981220533
47138,0.22805802131168246
47139,0.24165450753612278
47140,0.28993393363094766
47141,0.2816908659610796
47142,0.23650302077487634
47143,0.2529739481225433
47144,0.22384007361686706
47145,0.2913800064769155
47146,0.2607404725027087
47147,0.19302648057299276
47148,0.33651182636994703
47149,0.17464980456920912
47150,0.29288730768822363
47151,0.2465480178041772
47152,0.19329173688658202
47153,0.2216136157784441
47154,0.27179225084366393
47155,0.20032443433508434
47156,0.1916824699337359
47157,0.17584733328624996
47158,0.3101512062630828
47159,0.15710088532722058
47160,0.24182653212021943
47161,0.1699153892254159
47162,0.17886661803076406
47163,0.2497143969934758
47164,0.3320484421883498
47165,0.1366877014755655
47166,0.15096076274745573
47167,0.19840725165452774
47168,0.15302929413841282
47169,0.19175415834893528
47170,0.20757697523305083
47171,0.191290544772667
47172,0.17258351221800583
47173,0.1544128035091684
47174,0.19269310411633328
47175,0.20115771097829174
47176,0.2573260162437398
47177,0.27104854480179297
47178,0.21232695087322032
47179,0.2502112858229035
47180,0.2705455164066577
47181,0.1441965224443541
47182,0.24490723578593054
47183,0.2711156892171116
47184,0.18417645348429784
47185,0.28991938172287435
47186,0.28250695651649077
47187,0.2432046983477478
47188,0.21054926588394793
47189,0.15449472919792695
47190,0.20579798885470763
47191,0.27310603834067027
47192,0.2793214156454375
47193,0.21054547397283468
47194,0.20714192458590877
47195,0.19090788881815499
47196,0.2224101306692505
47197,0.2810106173006333
47198,0.1651854237502305
47199,0.2599864483570659
47200,0.3168181711442659
47201,0.20196882387952567
47202,0.24722409308651325
47203,0.2779026443760845
47204,0.15291849811558397
47205,0.1625136101085092
47206,0.2745187145229877
47207,0.2616276767272805
47208,0.24302228904050807
47209,0.2795568977374948
47210,0.19558343529507394
47211,0.2548596221993281
47212,0.2572807520506746
47213,0.24893732588055628
47214,0.29830701006792715
47215,0.2567250829801523
47216,0.1814000906254159
47217,0.24237343843493558
47218,0.19260499600607306
47219,0.2216619272308759
47220,0.21093650126229968
47221,0.19923971472714996
47222,0.16545175147851854
47223,0.22841417588480734
47224,0.14799991566295864
47225,0.1926035354592927
47226,0.17109201469311375
47227,0.24177560926863567
47228,0.1880773096290868
47229,0.16366448314823814
47230,0.1982420197867919
47231,0.18314258084888757
47232,0.29089296157143574
47233,0.31391188856992186
47234,0.2608355097266622
47235,0.18619409860972103
47236,0.17149838450879354
47237,0.29028509088524646
47238,0.28195989134915156
47239,0.18252131835489036
47240,0.2769550685672001
47241,0.21085894622294166
47242,0.22278048410516843
47243,0.2543719998471206
47244,0.16050637274626595
47245,0.20499214958178427
47246,0.2503935904147532
47247,0.20166390538663134
47248,0.23574509905029473
47249,0.19507571374110091
47250,0.18557449272064827
47251,0.28340508429649514
47252,0.16929548660644658
47253,0.3039721767711666
47254,0.28378869689204955
47255,0.2516168823222609
47256,0.21683402080531594
47257,0.19810845466825394
47258,0.1762075700837519
47259,0.34413597217221387
47260,0.1990008375694628
47261,0.2857137287275414
47262,0.25842426231619947
47263,0.15458528562671445
47264,0.23880820213946763
47265,0.31904641920847
47266,0.223488867581183
47267,0.28092419191616486
47268,0.18708705085007493
47269,0.2769344167010324
47270,0.1589844037533784
47271,0.17125646434562655
47272,0.15887726318921977
47273,0.2769695888618632
47274,0.18917926504884539
47275,0.20209882823914666
47276,0.30374244640511494
47277,0.21639266029307788
47278,0.21715124033070257
47279,0.2409907326843858
47280,0.22336348382254095
47281,0.16490290363957885
47282,0.2267056430181632
47283,0.20079054216433603
47284,0.2523511490628137
47285,0.178742957575306
47286,0.14242291143103386
47287,0.1795666906735341
47288,0.3248970362354185
47289,0.16867273401125388
47290,0.1828477090823356
47291,0.16812507379417352
47292,0.21884371536568914
47293,0.19342309919902292
47294,0.22340035636247474
47295,0.26146103097826023
47296,0.23402185754069252
47297,0.27567736880468446
47298,0.25262228122274566
47299,0.1814249292659641
47300,0.14753198912298315
47301,0.23926330148452857
47302,0.21047591574573196
47303,0.18761159089156684
47304,0.20121331173708842
47305,0.18701733044436641
47306,0.19514199256114928
47307,0.1856815490369972
47308,0.23305444597712077
47309,0.2003226951172952
47310,0.30456088425281763
47311,0.18598506111297378
47312,0.15583597624406711
47313,0.13958802496635184
47314,0.18352696318605713
47315,0.2814178838931039
47316,0.26007123915436076
47317,0.184891060336824
47318,0.2114086148261222
47319,0.2788334409098695
47320,0.3104144150333667
47321,0.20273871958987136
47322,0.22861764626974101
47323,0.1864009752953143
47324,0.19688872323970738
47325,0.1889276655608015
47326,0.1722642011794613
47327,0.22374049851982586
47328,0.2839095118471727
47329,0.21430558145904982
47330,0.16698084249366527
47331,0.20241986082087987
47332,0.2954250692558377
47333,0.14888830271277229
47334,0.20463383252227246
47335,0.2701512115237163
47336,0.12030838198818847
47337,0.320800497105719
47338,0.18101478243762303
47339,0.31041485276517283
47340,0.22864465082851992
47341,0.20010462437830498
47342,0.17265856609956592
47343,0.20977944657748876
47344,0.15237460097278654
